0.01206021595176814	0.007171891609228833	-0.004912304839152804	-0.01035152924935901
0.009734345422447041	0.002081273151097984	-0.005152215102136287	-0.0150850201403643
0.009581441493218764	0.001323077399288526	3.150569623372912e-05	-0.01410549972909208
0.008354896755311763	0.006495654361515694	0.000986732442451613	-0.01183838566756205
0.005473007884843212	0.002168859365432893	0.004219750160334182	-0.009028983495306588
-0.01030294236196023	-0.0003623194239806647	0.00574133640919546	-0.0075749658667787
-0.01406676538441705	-0.003367627317938279	0.009105766229030973	-0.009566507110306828
-0.001115117117994906	-0.005490843928255774	0.003506363810749979	-0.006468812757262046
0.003648511521770379	-0.01134253562442461	0.004146683941911648	-0.0009677279046176678
0.003474511464937727	-0.008372255689061497	0.004514759273030432	-0.002093754647016541
-0.0004939913898726676	-0.01004662281452993	-0.0005283759821001438	0.001178849250328586
0.001792877700512736	-0.008798145701514064	0.0006013484017371309	0.005103232338979369
0.002131996379123722	-0.009719022288954956	-0.00343637104319503	-0.002932384836997007
-0.003039542317532697	-0.01127571058408108	-0.007068835013502021	0.006965169581558801
-0.01460239031170768	-0.02145324626532713	-0.002887437977107669	0.005906108876287067
-0.02404876446254418	-0.02610563624943533	-0.002042192366500592	0.004161793091454271
-0.01890118199076599	-0.02359175950535137	-0.002843049447671493	0.01108976433879469
-0.01002591416022755	-0.01946853073166519	-0.007680023875582692	0.008260781413261349
-0.001885154988885157	-0.009880169499512642	-0.003589182389805784	0.002358734719687098
-0.0100861317409546	-0.002545342772663297	-0.00204547941064077	-0.006075608008612103
-0.00832663696575865	0.01284330654317964	0.0002731710141148804	-0.001753106969439822
-8.578400091975336e-05	0.02128891151894439	0.003151520996922384	-0.01861767791438198
0.006845462441091885	0.03817246486476896	0.001833439857151428	-0.02073806104781574
0.006878425571365373	0.03651085975694785	-0.004112471736507338	-0.01692722363815134
0.0005149446620788469	0.01544043110023118	-0.003122729109993503	-0.004616625705119907
0.0005247860146232726	0.007353723820348252	0.001830700914035217	0.006332076351300155
0.006409949371224091	0.003707382199721931	-0.003424932562182507	0.01015870327723136
0.01288396075504753	0.003934765508554207	-0.006986855346259564	0.005213613975079481
0.01985790567738928	0.001926628130240093	-0.002147844083260562	0.008216026079616098
0.007429339810335001	-0.0005650441664041022	-0.005777051436275773	0.01008658929100129
-0.001159461861140507	0.003825797730562269	-0.0008335461879881166	0.006668725730042578
0.009799061245241887	-0.0002803076298004554	-0.004446916583278337	0.009995405943768805
0.008462319976958609	0.0007348578076828191	4.619247049839744e-06	0.02157097331005818
0.012414663054635	0.002475686598352973	0.001465415007401182	0.01929008746412007
0.01294497628039046	-0.000903585865158462	0.003366315548209395	0.01363732156237661
-0.009422564008196424	-0.00735750501706641	-0.00808693712010199	0.0093105547943391
-0.009054107594357406	-0.009055697501351885	-0.01098051009244955	-0.0003854941443716049
-0.005309297081201334	-0.001514117332937165	-0.007675236886022526	-0.002209676643601493
-0.006554151060163296	-2.056189259755576e-05	-0.003799393031989264	-0.008255188656351855
-0.007682967179018856	-0.001273290732001235	-0.00197815129965159	-0.004459959384007101
-0.009961656932525646	-0.006135626786518567	-0.002081982638879687	-4.422804557487059e-09
-0.004709153310407324	-0.008905213839181095	0.0004233872430767333	0.003305324391338495
-0.002210049730115316	-0.009726185968310114	0.006267234012317736	0.01077967609728721
0.00482176237414452	-0.007828957227187417	0.004495242533099496	0.02123020910077027
0.01051232799161796	-0.009437313314441916	-0.001549627863207739	0.009743657306417948
0.005996238209708196	-0.007943818303677266	-0.00123062857355095	1.688435483953167e-06
0.01108234412463867	-0.005540120046944607	-0.002218909336115796	-0.001259173479597584
0.008773015074445237	-0.006520890598482675	0.000702150266644529	-0.0004127963962250229
0.009577463997674797	-0.01543682925140806	-0.0007725748908117187	-5.197637111637181e-06
0.01400972097617035	-0.007489985538687359	0.0003905718662421316	0.00219228098973519
0.01402751872247009	-0.001540775085860071	0.004861752084845572	3.642340946165767e-06
-0.009950334421614788	0.003227930907873979	0.007880501771636603	-0.001260212297560599
-0.05876737447838638	0.003638389637926951	0.00957133781877381	0.001176573711640892
-0.04943326913538971	0.0006039326883386204	0.009857654337734409	-0.0003127536308489803
-0.0261130941965492	0.001926470791138827	0.003553119166481082	-0.002798373456056111
-0.02198318470174728	0.01071258638277256	0.005960597649806594	-0.004366419192129638
-0.02135906811284839	0.009943178590494419	0.0008618066054396636	-0.008041311789247472
-0.009968105611532059	0.007869421446653532	0.006985016612953657	-0.002168945931551736
0.001598558755107142	0.00818014279747644	0.003981077920848954	0.0008584801160507179
-0.0008775612657170929	0.008402863514740242	0.004928219001148332	0.0006965244472436733
-0.001947242785754455	0.004357850374813072	0.003283476734761013	0.000566316707266307
0.001004458513266734	0.00386318285228615	-0.001391477920516452	-0.005003818544021121
0.000346581175429894	0.002444548734382672	0.002698882162057961	-0.007939826176432366
0.003177093904335189	0.0006229734026660605	-0.002760163745170028	-0.01318386741420354
0.004015111036261715	0.004562915788543303	-0.001882571745824947	-0.01287048948441382
0.001759893722771627	0.001421465412103818	-0.005790475140492656	-0.004267216551414505
0.002142003976553604	-0.0005548410668065596	-0.002542384705795973	-0.005302942576729786
0.00421482865964	0.0003917795512181536	-0.0008840930315777222	-0.005178905505344156
0.01055076455124207	-0.002923256060932954	-0.0001550350842678433	-0.0043103738398551
0.01143588288893897	-0.007849368086695648	0.002525989912216431	-0.001612113972403157
0.01615803884324437	-0.007971541554443948	0.003672939374444275	-0.001899134966059829
0.01674029693345382	0.0004323767646961297	0.003968759390710321	-0.001463744269502932
0.01453474576434425	0.004651878085242411	0.005392289944630526	-0.002834611250640503
0.01600196037203689	0.001930718367152347	0.007439809280903263	-0.003318001628481804
0.01112722898529625	-0.001721841399376925	0.005580061232607009	-0.001037714185213085
0.008717930857119081	-0.0001593969368459369	0.002826548003578858	-0.005413326143593968
-0.006262829676465755	0.003925034994666883	0.001960038918731821	-0.00565072432235957
-0.02636923369790753	0.0003024589745802838	-0.003793906623644696	0.004686528705509637
-0.02546366352176227	0.00334232366515769	0.001419483941758059	0.003861425220937725
-0.01931041328872983	-0.001990893732685893	-0.001157578646836866	0.008210474974820924
-0.02017563009842143	-0.004423257073094392	-0.007898489098966441	0.006271304581692751
-0.01333612508461199	-0.003781816890160093	-0.009173308326664636	0.005760007986723275
-0.007144644268527061	-0.00849123188613553	-0.007461595145745189	0.005016378149727516
0.002261034754504016	-0.009589304238999442	-0.00637656875704579	-0.001583740763718382
0.00836131888667699	-0.007358179714661405	-0.0001670859501123086	-0.002735613630780868
0.01311950679359274	0.001501304354392546	0.004894818609940852	-0.0157941295664334
0.01223693674812976	0.008792844324960553	0.00185357416811331	-0.01599853845457538
0.0113449051261236	0.008458765914339606	0.005993812722918778	-0.0106391342593959
0.0102883104560893	0.006300809073453824	0.002515199667928183	-0.002907466001109919
0.006224264237238847	0.002438387495297322	0.0003664014153737918	0.0003860942231506736
0.003063065329396025	-0.01349598588959351	0.002086938998513897	-0.003479323484174149
0.007758385855901822	-0.01459076013136117	-0.0006772378901860342	0.001850810735773871
-0.00073812607720331	-0.02228221967954352	-0.0007908140810855961	-0.0002927371357883764
-0.01113799654609893	-0.02297438629796355	-0.00221119623890537	-0.0007957756674991064
-0.004474918191566891	-0.01416249304745369	-0.007883161581918423	0.003465268631418568
0.0002720771581998154	-0.0007509962865692316	-0.009648357822576725	0.005826069925637682
0.006827936625572678	0.003138254572396599	-0.01121463336569162	-0.002111261685725907
0.00648857996434913	0.007052214140800034	-0.007144988726566746	-0.001405779276165896
0.007767959730985279	0.02894277831828636	-0.008766088977126078	-0.002367797941952255
0.01163538405515446	0.03323143668463162	-0.008983875945630299	0.003915713825654523
0.01961423020119146	0.02109479797923847	-0.008041767320953967	0.003222673829610121
0.02163735945551507	0.01159216634976045	-0.00383282040338564	0.004081026097866682
0.02106872314805841	0.004075065674702412	-0.0009501773795310301	0.003660316109304864
0.01410069099674779	0.003792821923997451	0.004159003963382978	7.731773952202156e-06
0.01373554328379108	0.0004776737881301547	0.005239309638181989	-0.0002431375516588918
0.008776408952507777	-0.004022304230652651	0.01037563190245939	0.001206346097635585
0.005261469460872243	-0.009748499637017865	0.001936075901545708	0.004745331271001892
-0.002976424087276054	-0.007608638047174399	0.0004765161449471945	0.008428531050054757
-0.00745460295584248	-0.006042677953880296	-0.001338265896352936	0.008679853417531014
-0.01799779687324008	-0.01659767415263483	-0.003436313900153389	0.00284100485248609
-0.04189231853161121	-0.01296237519601407	0.005294227860613656	0.01050332705319395
-0.02435036686744608	-0.01022462144345247	0.004905240110677491	0.01649162054793743
-0.01881764116771155	-0.01277884387129748	-0.002252811061138357	-0.002029122303911093
-0.01787711673326176	-0.01036642698519582	-0.0004543099897601646	-0.008248459692396223
-0.01356730175743871	-0.0008157660755255141	-0.001508128818345229	-0.005964220211522478
-0.002127452924152767	0.01139487762373367	-0.002874706134790008	-0.00347347901328017
0.003510138196556519	0.01088313954899064	0.001143305631668461	-0.003241310066185981
0.006245572564710921	0.01326144918562468	-0.001055573580813196	0.003552756834357297
0.01016896740723133	0.009949883428537913	0.002175600003003218	0.006450718921350213
0.01317859457623362	0.01746951394912657	-0.0003030097779930809	-0.003034407135463179
0.0121603512246174	0.01396510761260255	0.0006622034139484613	0.001003295054715421
0.01050727030729184	0.01391424525794665	0.003417493460023597	0.003428876111603602
0.007940387595717047	0.0190423936372572	0.008473858337795853	-0.001312676245501157
0.0125556930698896	0.02363769567084567	0.004728897615294636	0.003179832941666206
0.007908942335789598	0.0233494961630931	4.301440837810238e-06	0.00174436075957177
-0.003762494298056702	0.01277858282402424	-0.0005813837583989597	-0.005560047740910531
-0.00631596420855251	0.0007054149272498267	-0.002817567952020359	-0.00748165193636201
0.01234461914566422	-0.003484802995033724	0.001670312582086074	-0.008333301694829999
0.01433482771042535	-0.004163011125132395	0.003905714865234718	-0.01096752627768549
0.006345888827698609	-0.003063302060038102	0.002185009394545349	-0.004121192231970122
-0.0008379461394309353	-0.001412735644778235	0.001372373037531034	0.00853829761391609
0.00315745209493959	-0.00136950433714874	-0.001599949348879922	0.007255290285450412
-0.001077903996477071	-0.00218783853210376	-0.00191944340878714	0.00291806388670964
0.001688483098755044	-0.004411809036709474	0.0001051734912940799	0.00453675650217835
-0.01245226548679483	-0.007198327208710656	-0.002365386209339869	0.006839449561512065
-0.02942342105177921	-0.01032875526334858	-0.001166555345336859	0.0009046666601485971
-0.03976133968586611	-0.01104927703459319	0.001174245789492704	-0.004957169285798808
-0.02605606151540509	-0.01342821983578314	-0.0002381479122690729	-0.004348179563232026
-0.00322531095957162	-0.0149382580862161	0.002448595266682044	-0.004652643904153509
0.0003453970934286466	-0.01535824571981811	0.004362586168952715	-0.001687708708306743
0.01734374321223307	-0.00798544772441767	0.00141659885943405	0.006876625787192822
0.0243013614259367	-0.004321359348511135	0.002032637561341714	0.009398483488438737
0.01854650935110365	-0.006828635246495582	0.002209805806929567	0.00546608472018864
0.004505498261183484	-0.001357068350946675	0.006218661015196666	0.007001570725646614
-0.01194820287908387	-0.001938349606529608	0.002063913628466179	0.00409684177280861
-0.02503797043456367	0.001577948920839752	0.002883857929082765	0.000458080146057222
-0.01770288772154533	0.0004680508925788716	0.0009084076506994741	-0.00673277037655683
-0.005255686863093449	0.0006341735146245321	-0.0007174550238715212	-0.00840329060119647
-0.004503025833823706	0.007508829265312987	-0.000153585127646605	-0.01986026866162625
0.004369595173817166	0.00126397455300625	-0.005290508362132937	-0.01861222967669215
0.0004664535173450621	0.002546156149298717	0.001986020864371918	-0.0119323066327866
0.007741249506271843	0.006724619928080687	-0.003815729108359005	-0.01042351805249525
0.01079745771137094	0.002741193853008196	0.001282805457061841	-0.003569541908305643
0.00691759886338528	0.004605407256943407	0.0002577370343373935	0.0006413585637224837
0.009969424672498773	0.001445788249141109	-0.0003424009617654393	0.001529618059867345
0.002487658137815955	0.001107873996770312	0.00117351648972681	0.006750637770063366
0.002740442396484461	-0.003603576527239016	-0.0002217515244332589	0.01048609660982319
-4.981708624813622e-05	-0.005618039337111607	0.004349099543197724	0.007933250308915327
-0.003954084547640112	-0.004207756879307019	0.00267220190080476	0.006151896734237768
0.006237699680375717	-0.001405629978542077	0.002068182400837674	0.001862015933776157
0.008353219480290724	-0.002142780742376796	0.002423830842742465	0.004110954354382313
0.007776282365440498	-0.007137342238307307	0.001548086852241271	0.004340891990600834
0.0115020930244298	-0.008867861283302816	0.0004559284802512007	0.0003982927182130772
0.01569041134727874	-0.006411365731569823	0.001122872511795161	0.0007897452887879601
0.007641724999752142	-0.002531070566766797	-0.005274739031863805	-0.0004238370301606653
0.002661092210208068	0.0008895933392056477	-0.006396679047216824	0.0004162889578962425
0.004040085310266167	0.01002523108538179	-0.009930808666561607	0.001613669731656015
-0.002655371783851903	0.008380813449157117	-0.006210610270817103	0.001898636659253484
-0.03389844290175716	0.007445748396121566	-0.005072577761795992	0.002705389098369983
-0.03232383297003961	0.008141018580847896	-0.002472685444674132	0.003201605882651237
-0.006634928329863661	0.008958105389517719	-0.002237148403047466	0.00306898267687233
-0.005955183825594151	0.007134378781360686	-0.0009474878389636891	0.002861917761699472
-0.02638671944339774	0.003189894582919613	0.0003161557954071856	0.01729687314057731
-0.01538920253182169	-0.007006502726010462	0.0001056243709646939	0.01676914517413043
0.0009843310147148354	-0.01509303441551083	-0.006221675112143084	-0.00462106291563929
-0.006393979223834108	-0.02365820771983181	-0.002546184618427851	-0.00411526519415252
-0.00685027297407896	-0.03537267468059267	0.0002656436010928689	-0.003041503097608006
-0.01159459697282529	-0.03175935186815362	0.0004087693373007052	-0.005235507713777735
-0.001312340354091391	-0.02452248072368346	0.001849463898454485	-0.002093562209663559
0.006324044736034682	-0.02440942713342406	0.0009695822315532803	-0.00243903998258443
0.007051312894478841	-0.0172870469261622	0.001073962742068159	-0.00695889207076373
0.009417185013201646	-0.01362645067300422	-0.002081911086003026	0.0004920039432789201
0.006375899243687293	-0.008074938737592668	0.0003644936543415052	-0.003470037162526867
0.005022077936565834	0.01275925279712955	-0.001458131832966173	0.00160424086791428
0.001997864903905387	0.03350968120102071	-0.003052168974919203	-0.002485186248975936
0.001301338791243402	0.0249039141529639	-0.001180361921899208	-0.0003567314175766512
0.002994592336374924	0.01302039991062127	0.001372236902325312	0.005590968121285728
-0.001298913448753618	0.01166314724409604	0.001902955980244144	0.008092859640437326
-0.003132554778354141	0.005817225716439946	0.001956198492229005	0.008463208855161636
-0.001885415483176445	0.006751479798727629	0.002130784114239936	0.003512012062285109
0.00324789111296827	0.006017753852142779	0.003762141829164798	-0.0002584335152201448
-0.0003299911812491236	0.002259367603192135	-0.001414069141146401	-0.004552202555271571
0.00414436440920139	-0.0007239373030400279	-0.002693059920207976	-0.006784012606148638
0.006033730769830631	0.004573020287781211	0.002471935536079646	-0.008689774381964699
0.008834587001800915	0.002622189786714321	0.004627646416635022	-0.006894716632085521
0.01059873652007668	0.00792666952261614	-0.0002497650045189711	-0.005386010266554962
0.008400696426960128	0.01194532227036964	0.0001320548297432762	-0.002119728987011169
0.009835406785241323	0.009423778843279929	0.0009875228795339505	-0.00335475051701937
0.009236162469454471	0.009066085459146792	-0.0006619351164730083	-0.001292356929162276
0.008502637105871862	0.01556449173052988	0.007041720417265944	-0.001152162345125697
0.01593760290336479	0.02273715853900817	0.006888714074325942	-0.003695149805491849
0.01627362438352824	0.01875400773305662	0.002245254698505976	-0.005445321324913293
0.01213640291657306	0.009592481324557461	0.002458517639510057	-0.0002745289532273943
0.01776838458478607	0.0100494926261172	-0.0001624067148595309	-0.001087267799426362
0.01096254383827993	0.001481836257935213	0.002325917395952755	0.002220255172485037
0.004828469768200885	-0.004200263499982681	0.003461569031688822	0.007797608811348535
0.004145830474225843	-0.003987465408555709	2.030783874961312e-05	0.003128892976314781
0.004921606831047452	-0.01026138433479866	0.001159697749188221	0.00831739384194002
-0.004414747577106623	-0.003883169642336102	0.002932051612153293	0.000934084389201785
-0.02229542347011169	-0.004036104411739525	0.00362163819613526	0.002067660467140327
-0.03579669816664937	0.0004327579947437927	0.002027858814013623	-0.006615565385111038
-0.02216623946025994	-0.0006632646096414206	-0.0002429195557930085	-0.003520686898937672
-0.009619576346863761	0.003893124511418457	-0.0001844994424485609	-0.002462151135747784
-0.008019875133412667	0.0002703904000667366	-0.00188433033624918	-0.002094031860848681
-0.002176676879764055	0.009002785327831398	-0.001696199681005288	0.00195238647248883
0.002648410469931599	0.007057215253951173	-0.001046950569649946	-0.01219851509380636
0.01390853700004014	0.005047541709163145	-0.004242774480161509	-0.02352087900518425
0.01266917900581626	0.01023137501807138	-0.008873198321957447	-0.01792098417058108
0.01142126483342222	0.008251786284220625	-0.01118687033179539	-0.006118369773820249
0.008410165174115199	0.01022448118736877	-0.006536718229940605	0.0002115255241372242
0.006034795319450276	0.00506328375949914	8.511788679857983e-05	-0.0005283017236971339
0.0003199769551593672	0.002805381215500102	-0.002530750853278865	-0.001027865337188198
0.01011362215930051	-0.001062153218636166	-0.0001408486062165473	0.001514028268402175
-0.02733109530493066	-0.006259918798515645	-0.000854052380929336	-0.002354441852657907
-0.03000646124099906	-0.005479487888201619	0.002555972181600791	0.0017374220435487
-0.01122939526611192	-0.006382998613951612	0.003846460799071206	0.01123735346270016
-0.003969526087633625	-0.006808446062481465	0.002241159989253707	0.006815005425849187
-0.004777595600749457	-0.008008872510892183	-0.00363592551340778	0.002543217090295546
-0.004155174892512104	-0.01248417206854075	-0.001445628069533543	0.00571191992818562
-0.002613208833314956	-0.01310143798748323	0.007098798264945749	0.01039295879095914
0.0006939068193411723	-0.01219759218737134	0.003437389138552548	0.01608140857965656
-0.00307426147033954	-0.01247714599879382	0.002764380041064748	0.01405229987879835
-0.002835195922412383	-0.01099855258443046	-0.0006665702944942946	0.008496487388405433
-0.00195069772979487	-0.004544137852427345	-0.005448738450062739	0.002515067954588818
0.004933944768758012	-0.01076455091096939	0.0004803537575199142	0.002064965897112361
4.477794422160406e-05	-0.006901326285874084	-0.0004389317993607508	0.001053275484828395
-0.005431331386989143	-0.008549054220488024	-0.005993271238221798	0.002104851792556621
-0.01040012322238125	-0.00691302271208547	-0.003338738183687593	-0.0003687736191224637
-0.009789428367288255	-0.009495457923008368	-0.000179522799593746	0.0005098982036038788
-0.006428005343009163	-0.006462172533952818	0.004970463040108975	-0.000701639253935747
0.01574736766916184	-0.01172217932898357	0.003276757549014244	-0.0009958478852142621
0.006795990223823113	-0.01156013193208718	-0.0007575880685508319	-0.00108203936611081
-0.003625390090847993	-0.01028364779986906	0.002232831241324742	-0.002258002575503058
-0.0006244881927490594	-0.01007557793196075	0.001831099699289115	-0.002136763265842754
0.01082561209111933	-0.003442388346527812	0.006473313130785961	0.01677121985046391
0.02065685796598966	0.004426674547821747	0.001625081736545582	0.009820107341939489
0.01866949274847842	0.01513002998110335	-0.0005113227788151023	-0.001286741750046376
0.01327159469845245	0.01970749141223577	0.004605897752927301	0.0016318424883324
0.005254045734697051	0.01475578893563253	0.004101844060660765	0.003255121392838344
-0.00344057427007554	0.004175722497664395	0.0009199404967615151	0.0002570470013580281
0.002247442658651962	0.004580840432967361	-0.0006469661696514254	7.236954371249747e-05
0.01123202750599769	0.002260384546367087	-0.0104772686863994	-0.006478498958522529
0.001546588010858867	0.001990648677898562	-0.01257226579052483	-0.00584978744223549
-0.02237519078477171	0.00486880992038213	-0.008574751326218613	-0.006527668414003487
-0.0035284192988381	0.0067622709431747	-0.00173224113321261	-0.001198943858087553
0.003380565331752549	0.002907385974539586	0.0001669820783295334	0.002746102137187633
-0.002610959126935933	0.002061791015086423	-0.002175789190652718	-0.004737784712078503
-0.01876389682005033	0.0001388148109606161	-0.003493018478465705	-0.005554051485836374
-0.01302127515008996	-0.001827528703841928	0.001102448923025056	-0.005361374676535695
-0.03035702903486129	-0.0009222410765537456	0.002023301167598137	-0.008345176841529613
-0.02935373103832135	-0.004472633511393426	0.008809352394293542	-0.002554940106866873
-0.01194763109910315	-0.003784510590915927	0.007778804082561859	-0.004198760064204097
-0.01725997449318051	-0.00665859424229316	0.006956205472833695	-0.004990454789190536
-0.02154390181023581	-0.0116042614866954	0.008408368668395465	-0.004037055708520596
-0.01151976738699621	-0.01161976703400769	0.007286778194130872	-0.007080113748411773
-0.00208193720231417	-0.01191205734781103	0.001960638620238403	0.0001906855404211601
-9.470022072264109e-05	-0.006552060192070346	0.003506542778979169	-0.0003038324825915649
0.006331335516785188	-0.005694010121162414	-0.004697055414213512	-0.005582835492400061
0.007002587750913518	-0.003086621891064758	-0.005731151647991929	-0.0006290795758288696
0.002208116189078361	-0.001869535603176568	-0.007183122969973211	0.003457969102583684
0.004267189720842775	0.003128319136668441	-0.005148701697735152	0.01465550923864276
0.005516780735507106	0.000343184513497925	-0.004618986552686807	0.01055569362654302
0.002484542949173782	-7.128114817216212e-05	-0.00550479765230616	0.008658527209886427
0.0113789642159348	-0.0003185269018115438	-0.004244398685761095	0.01136105882514294
0.00766725611249771	-0.0004742587341536876	-0.002718453481272258	0.008216885136969915
0.00685919390087856	-0.001155880055024187	0.001369197722652378	0.006519933411614741
-0.004832621923590978	0.0008439994341742701	-0.0009903074677399841	0.003917182763449235
0.0008755931166150962	-0.001378072003295382	-0.003157687180689827	-0.000816073964663307
0.01038619699013015	0.001193491659658078	0.002927890507147275	-0.006185284324108834
0.01842235179896161	0.005254340968934148	0.0008281692186203946	-0.005237835263773021
0.01356812871752892	0.01152259972583452	0.001412077783651962	0.002957097608701246
0.01993965220409191	0.01199202758844531	-0.002041615184842796	-0.01624157440833775
0.02041441764767207	0.008260606240692341	0.001365755639800544	-0.02006445348512442
0.02631217233381261	0.005861481714307337	0.001116358210296553	-0.01484235862125962
0.0188860858677336	0.0002294430918715652	0.001533478523976019	-0.008653325464644418
0.01996244648971792	-0.008842516236247069	0.002668751731446817	-0.004485470426028378
0.01878586184429931	-0.009491315659156147	-0.002868317239031755	-0.007853254043009033
0.008264329892058993	-0.003151892345664778	-0.002298835400440414	-0.007539559830853518
0.01032839914280933	0.001278030685485759	0.004273518088680432	-0.003971745263801736
0.01184461355289498	0.001984788673535963	0.002140500237924171	-0.004122690209149511
-0.01086765374444075	0.01139857656022748	-0.001817864876423518	0.005664250169077374
-0.009443768396320419	0.01523376860299059	0.002146057483132387	0.005022377100385747
-0.001321658355737951	0.01571364059069979	0.006925943105588269	0.01044881394389054
-0.002675661262480638	0.00918923530998242	0.001629163955916435	-0.001063574570102014
-0.02308749370071212	0.0143994546201023	0.006310105770060194	-0.003177051283974534
-0.01828129120822147	0.01268999185115067	0.008895535965487079	-0.001416337815166794
-0.005797101055230421	0.01566753370187865	0.008955571194600335	-0.002084253902493103
0.002747580172635936	0.01071985054624151	0.002835556108764676	0.001866376670392531
0.003354628669011512	0.01121212895930608	0.002470665352782909	0.005820244031143241
0.004932698275520842	0.008379602572244179	0.004572467481696224	-0.0001641374957085867
0.003270981928762468	0.008650207043776312	0.002710084372183537	-0.0009636798813390131
0.003768201342926883	0.009910302592789974	-0.0007869411812887267	0.004890253414869589
0.003670295985895749	0.008179754667288899	-0.0001631819667247307	0.02069669253267586
-0.004905495069130044	-0.003622977032514372	-0.003713030062460126	0.003914888245453125
-0.006529112841338004	-0.005451434359580806	-0.007164892806855751	-0.005709944486319392
-0.003862152113127202	-0.00524654689409199	-0.0007511739111621331	0.003116912087924996
-0.006390366324880861	-0.005639143542317417	0.001298915689081323	0.001282682715125153
-0.005695052316297714	-0.004248563095837757	-0.001742375737717579	0.001692054157060721
-0.001996419729820144	-0.004948568069952205	-0.001743877334163869	0.005224584476821492
-0.00244342241184208	-0.00125279900059632	0.004039318075225052	0.004754121098884557
-0.002829941581619346	-0.001068593676344585	0.002325370839754764	0.001052913310055096
-0.0004893224860480702	0.0001480332603266442	0.003578096763754131	-0.0006004638068698985
0.007763280207358494	0.002754405171498904	0.003126829534009607	-0.001111221212228384
0.009085658834705371	0.007919619393776094	-0.003355440753088105	0.0002633050417881694
0.008360719129133031	0.009133740223360094	-0.007872952296624026	-0.0004470300160440908
0.009438821647500682	0.006507203445387328	-0.007426412572608292	0.004944562443714455
0.00873834130407251	0.005325223356914517	-0.004080492095853234	0.006232231117659945
0.01359634585586527	0.003450198834709532	-0.0049566067735809	0.002142612953529575
0.009317669067321274	-0.009537032470729149	-0.008870831366406286	-0.002434485346210282
0.005818030640026799	-0.01567898289065247	-0.01015451710611585	-0.002180036212447283
0.0002205157101663809	-0.01413304486793876	-0.008145758035711638	0.0007259103049277637
-0.009183146111541446	-0.01725136430727192	-0.007814800193736406	-0.002737075329162434
-0.0154170272203931	-0.02401903296917904	-0.009474637326513793	-0.004942602834665531
-0.01691288401305462	-0.02191340119214247	-0.007267707154232342	-0.000373566650343411
-0.01541270344169586	-0.0172639676965902	-0.001718458276458266	-0.001795785339183946
-0.01139500466846083	-0.003907874511591178	-0.00315479962418204	-0.003021718855855468
-0.02116581844297061	0.01119982044671517	-0.0004611736976570025	0.0007491739976403187
-0.02366965316097088	0.03017413160777814	0.003305149607008111	-0.0004338989583143952
-0.01854559580926609	0.0200754550773708	0.003655364212943966	-0.001737722561752315
-0.01269633925218261	0.01038593895849372	0.001423976062626675	-0.005517388158435235
-0.00923328754040074	0.006216323917148783	0.0002561947249896647	-0.007331174525008204
-0.004485798556411472	0.007643835507054018	-0.0008277437336701092	-0.0007980817008624262
-0.008002823547504366	0.005184311801064294	-0.0002746314891967355	-0.0002635860210079627
-0.0006372242610592307	-5.83634221186193e-05	0.003189644323773711	0.001593374666912707
0.004275531311190748	-0.0104846506957378	0.0009563772653229572	0.005802616661973777
0.002091693670663994	-0.01654017956203156	0.006523488849719107	0.001193053890365329
0.006173342765543845	-0.0173216919084594	0.0003178669952974401	0.003500384472747066
0.004586546491506556	-0.01037415962860194	-0.0005682591645209464	-0.0005516211172249068
0.01218003723332367	-0.01086162454332227	-0.002550534267203525	-0.0003799438622122524
0.01794543977513474	-0.007700808553070077	-0.002450713370442812	0.001431073529984066
0.01570272300972528	-0.004990948630592153	5.850440044210742e-05	0.001631642765084143
0.01776153146835317	-0.005619112055179233	-0.001325009742713556	0.001656138795469316
0.01409667744654494	-0.01071825137215952	0.0001392958219850657	0.005262935981451342
0.009701461260543491	-0.007357894675551783	0.006065532826840423	0.01186104985586207
0.004605384860759036	-0.003413749446724471	0.01006549235274135	0.01805948093330921
0.01669010641657865	0.001620167146715967	0.006869540138639775	0.01209362143979429
0.005833942550368028	-0.001639167363424598	0.009968849210048054	0.005792720370881779
-0.007077324751894025	-0.003042196109589342	0.003412700790954637	0.00269697570413305
-0.02903545493444885	-0.007192106645532274	0.005638853973658298	0.003538821820578341
-0.05288293905846659	-0.006288916773565058	0.003521545721110025	-0.0007071942130810812
-0.0303371090391014	-0.004930104879438243	0.002683480392244017	-0.004328092513893383
0.004429346122262578	-0.01716900374152687	-0.01012104416847678	-0.008376846224363585
0.01291231108753317	-0.01334482102619614	-0.006985489872557115	-0.0206832253959204
0.01787556347251392	-0.01113530274938533	-0.002210810728094689	-0.02117789361556012
0.02071561995267403	-0.007756672764859343	-0.006185926082298898	-0.01234145561398118
0.01300200210322966	-0.006270304893286327	-0.003367393287887344	-0.001787538075548579
-0.01480123290475004	0.006096444864214213	-0.007208864145394393	0.004448074721023017
0.002842615367017615	0.003788922477356796	-0.002048527983410907	0.006725888254132326
0.0003253937722486106	0.005336767113352779	0.001296882310148545	0.000767964815829549
-0.01933475209698169	0.008768228038269358	0.004251260116211815	-0.001503267087497887
-0.03460638102271954	0.01217642973041617	0.003910132587419332	-0.0001906372471489104
-0.03127093239895944	0.01560972506154469	0.001751941624692314	6.198067460557268e-05
-0.02671079220322976	0.01367335022279305	0.006528282212385242	0.002500530235529816
-0.04710095955271274	0.012504847052563	0.009432451464005932	-0.0003040942128118159
-0.02005470762062567	0.01424806400923384	0.006390846946665076	0.0003094356978924506
-0.001204011396508334	0.01246633520513916	0.008798765759379983	-0.006770038554253973
0.003557337339490742	0.01291745873240771	0.002340298364119328	-0.00940352313243013
0.01138349673154654	0.007754802090480237	0.0005305230791285793	-0.005756887237357257
0.01364443737892288	0.002792048017520239	-0.002282706584574318	0.0004838741185293446
0.0175590937702019	-0.004268814266910303	-0.00137013388428453	0.003325831157872776
0.01361292967909077	-0.009489045628700003	0.003626868835346012	0.01756527891878335
0.01532041029514426	-0.006922922020482646	0.004045931594380015	0.03200665161852017
0.02054459005623408	-0.006227132381982957	-0.007083290081095104	0.00987676304431378
0.01648569124669387	-0.001948437949104575	-0.005616194437730835	0.005896977555991116
0.01118700345842033	-0.003828380214796859	-0.003690647541059927	-0.0005753818697783009
0.01218359922247396	-0.004942887910923802	-0.002517207019498111	-0.007739795147562106
0.01368266871816912	-0.002244603647485656	0.000174420576482245	-0.002718952739131902
0.002472395217476875	0.002031741395123367	0.001660807671878837	-0.004900770500072382
-0.0007801961237274989	-0.003962582502476959	0.004816742532551332	-0.002395029209577176
-0.005505223802261076	-0.002773906085834982	0.002871280704430438	-0.006471347883219837
-0.00608764776283242	-0.003475094434519079	0.002238511335932455	-0.01160860039335349
0.003480491316515103	-0.004760127207349397	0.005010015114306268	-0.004618664427392421
0.00742259939972656	0.00178768152325481	0.001877782912227598	-0.002599231114629533
0.008670288257242814	0.003582147602965511	-0.00411145877143236	-0.00503300962592718
0.01246351656677232	0.01423266669668303	-0.00515649844582893	0.0006421399981626672
0.01010279823315526	0.01328113420150086	-0.001629066540008638	0.002864177112013229
0.008620359582045748	0.01775910450465342	-0.002169243781942846	-0.001829831429367853
0.004946299309702673	0.01347991443330067	-0.006441508041797466	-0.006329110136694968
0.007925053352649919	0.007065365520040653	-0.001578238992784137	-0.003455129236760688
0.01445436173532468	0.004376432769693957	-0.0001198216122012015	0.002907121967352019
0.01552119352669411	0.005928598704073229	-0.006240195094630213	-0.0008088143920513631
0.01353206614681825	0.002635884625227673	-0.0009914992520842004	0.001428986101649611
0.008466455007267093	-0.005387774775976169	0.000397908832618743	-0.001337724584893663
-0.003467262892571973	-0.003889218565023633	0.004637365806503028	0.003065336931379611
-0.009936120170693948	-0.005943282517697135	0.004317333759324116	0.001180747617805724
0.002270927684265742	-0.004214700975252882	0.004995701516889188	-0.001111368734814573
0.004267779372819846	-0.002901349171820835	0.003717709729962882	-0.01019874293524924
0.007743013950949952	-0.004775524275935084	-3.214342169605163e-05	-0.009944643206663776
-9.013195646246765e-05	-0.002485641184537756	0.003197493609089155	-0.006699927625009727
-0.0009696341610108117	-0.0008062785140999004	0.0043752976875556	-0.007361951850362858
0.002458231529755507	-0.0009085561054828886	-0.001681565484922635	-0.004594849112433704
-0.001932322125174637	-0.002139833260757006	0.0006514742553444847	0.001095210900970643
-0.002719782726797777	-0.005741999286630462	-0.0007683262678646854	-0.001628801194535205
0.003451699375180528	0.0003938988120233443	-0.001068551395085242	-0.002277690078788975
0.002874773466040332	0.0001791427124873513	-0.001877625614933097	0.006026842107776884
-0.003944006310698479	0.005100004212103848	-0.005257692807310374	0.002639166646898532
-0.00744100807541856	-0.0008099048315864609	-0.00601130017970302	0.000604808215582215
-0.0007130976734155446	-0.002543218435652243	-0.002536266658527014	0.003892958914898775
0.004478075583683763	-0.001246574377779497	-0.001926875447750644	0.003341936647359461
0.006560018463003484	0.002602130895194428	-0.0005202048947652957	0.001373908808702563
0.003364131952807618	-0.003268172915302215	-0.002710953823261407	0.009989333353660392
0.001220356767505758	-0.009409212510004589	-0.0006463981073482406	0.00741324871611236
-0.003702136994747347	-0.01088095460737171	0.002192309112880329	0.005465749430069007
-0.005080844536859773	-0.01401187557164197	-0.0008004018919286031	0.007162872923312189
-0.005020824141868272	-0.007853484140707911	0.0004105295492843379	0.005442970041658239
-0.001484398553690325	-0.008262308775448982	0.002463422206910329	-0.003340611372339766
-0.01681370774825146	-0.002762801712566106	0.001901315484819407	-0.004503308397016907
-0.02123463495145179	0.002729693167863685	0.003489026780694028	-0.009906416330552094
-0.007999027008337621	0.013133815760906	0.004217940304391527	-0.02435397608765933
-0.004744302097964686	0.03443935354764646	0.00680809867057744	-0.02101763437917976
-0.008623427162610199	0.03633705800868887	0.008025734474506155	-0.009452287781445868
-0.003199689240363806	0.01467091262722448	-0.0009558156693238408	0.0006291507943185368
-0.001948129347963351	0.005715353478462883	-0.006424985608606315	-0.0008263831162792644
-0.003229295642173665	0.0009202327869694651	-0.007920273098185559	0.008863718709442907
-0.002644929974681011	-0.003876670841935136	-0.005055440253212259	0.02070840861704654
-0.003868954893301081	-0.009473728289321571	-0.008058371714195236	0.02810419383448443
-0.007297155425278892	-0.0110944163466834	-0.01130819978509475	0.001763398866378792
-0.004855033661671128	-0.01448795998849	-0.01486054431741179	-0.01191645483995792
-0.002211114420159574	-0.006428375101962294	-0.01117075328496738	-0.009360914552252589
-0.002594272288758797	-0.002205391533629997	-0.002328450801609946	-0.004815782414262327
0.0007777562257639083	-0.004642901362467936	-0.0008990529548344683	-0.0009407099317117417
-0.003625087161715589	-0.009705676495442342	0.005716878003039209	0.0049868164362604
-0.002902339025606131	-0.009174457137906647	0.00960062428577909	0.0141630775005703
-0.001424692692279996	-0.007174619628814263	0.00819142382164012	0.01331739510543037
-0.004359745886896031	-0.01193727032386806	0.009608749466201029	0.002412067324571231
-0.002202046420884815	-0.01128316004716314	0.00692224077714755	0.002559244864829469
-0.007212578274353026	-0.003287534222105817	0.0009408307831576155	0.0004945726971742922
-0.00412527189956855	0.001109979704532357	5.128410566525009e-05	0.0006652709833218523
0.005233788371107744	-0.0001015473814240264	0.0008050847985340096	0.001660519195511677
0.007272534765171758	0.0001093075057190299	0.0007229310566104121	0.001953448760013284
0.006554354869864836	0.004230303256282073	-0.003576391171746901	0.002569636854269126
0.009006893171811114	-0.0005872412492513741	-0.006120670038704397	0.005810183346300776
0.004248016134326725	-0.008724056222827754	-0.002162503943803855	0.005602290502886202
-0.004686125126774703	-0.008368524887355733	-0.004031626106103606	0.008759682757127815
-0.005857445559235109	-0.01327522050150247	-0.001492699413223589	0.008649525446727327
0.00106890742648742	-0.01143710500789854	-0.001865587356621555	0.002786686769302814
0.003319634416332572	-0.01114024289815837	0.0005616396725907395	0.007252470238814957
-0.001519082349124166	-0.008791038956293797	0.003556246010042504	0.007450640293498907
-0.002784009179818535	-0.005522937348938836	0.003001456907480134	0.004038242753360775
-0.002912118563583048	-0.006977057598321205	0.003739588580775201	0.003567133756351193
0.001949497956038044	-0.005908925673365755	0.007554821574925931	-0.0002512990516157659
-0.004941596147561348	-0.009825191926204109	0.007678722041007132	-0.007316864166706889
-0.004223101558232535	-0.006092493445591306	0.002502903316075299	-0.005057446862793237
-0.008301093069764157	-0.007871709264608543	0.00212958280793972	-0.01524756622813063
-0.01080248703597299	-0.003344338760278365	-0.0009537386401015	-0.02683203753195102
-0.00506348621726482	0.005847120799329988	0.00200399811325032	-0.02052714342615217
0.0009588993597166727	0.01268505224804229	-0.002194425423628178	-0.01210625605188077
0.003943551961246007	0.01388111376517777	-0.007103450673116635	-0.007903191940752669
0.005633904199192829	0.01067306983189998	-0.005570083124603484	-0.004999720857811031
0.001559557484755916	0.002198128220817352	-0.0003710585705729682	-0.003608749504657542
-0.005520888595289711	0.005193520799264919	-0.005776214801250718	0.0005832429589379805
-0.009656708072033079	0.006088199588299188	0.00222464114193886	0.002938787672565928
-0.0002751197918844868	0.01107893769310794	0.0004900593967164995	0.007436625489210882
0.003804526261873077	0.01486352398364112	0.004023108056366388	0.01839504722640655
-0.01124912504186183	0.01113718310434924	0.002786597371411834	0.005306451188344138
-0.02616748641274332	0.01122163187270912	0.001419949425431874	-0.0003587495466971478
-0.004492938264146612	0.009289447663325111	0.006316487965952187	-0.002291539609461765
0.005537484752503759	0.01167888603251114	0.003927178157248397	-0.005757666657283936
0.01211724947113605	0.0140333053139271	-0.0001442607106784053	-0.004863036313901769
0.009936851576276214	0.009300558604014009	-0.001358849519088849	-0.006152081024431891
0.01081117445320471	0.0114627557129726	-0.001687455928138043	-0.001779249858024096
0.01233345377347653	0.01336618383865839	-0.0006415856099231009	0.001454403320492908
0.01545312571106943	0.0179325122838291	0.001024228532491717	-0.0009499559123562968
0.02477790029330146	0.01896038894097408	-0.001534520758139046	-0.002715699014216734
0.03211234314936039	0.02180033811243557	-0.005790152628156795	0.002190951463003436
0.02200548194738333	0.02161382353648349	-0.001065804470468602	0.006705719007017498
0.01281364078752649	0.02075760447589208	-0.003195441863296257	0.004853014537281996
0.01197202217317865	0.0187085079666941	-0.001118673828137753	0.007264075574116563
0.01132151247944602	0.01452735499853365	0.0002716521772364041	0.007295349391408016
0.003346437411699096	0.009538095871279075	0.009195650926616672	0.007202970733739558
-0.02605401413513399	0.004419802237897256	0.006058214493993103	0.002556920276815826
-0.01670907929619064	0.002397526844366921	0.003585008495548502	-0.0005976501491636374
-0.01690776130440654	-0.0007676553798830596	0.002735519199344232	-0.01020313060716712
-0.01560314719125041	-0.005061259084821194	0.001795243879231114	-0.00144508753993401
-0.004799761319770959	-0.003509127366412465	-0.002018661794973836	-0.005540441081195734
-0.0005370334755759755	-0.009455455745049803	-0.006076601328148802	-0.001686835160340502
0.006177693861074619	-0.007718978160826927	0.001063490409400512	0.0002805312151538412
-0.003684022183828013	-0.004462875780515353	-0.00065372998739225	-0.003688469623689294
-0.01438958896300698	-0.01003049929938373	0.0006360190536711085	-0.003163996961539346
-0.01191641331127762	-0.01114659238934394	-0.001424837908152167	-0.004324263269605393
0.0003866560279943834	-0.00188872875892379	-0.00367418962905181	-0.004453709942243918
0.007589078244840885	-0.007361015613317644	-0.007707533264946357	-0.006110103575119394
0.00981953380652997	-0.007794757296621047	-0.003694993573581561	0.0008719148595938364
0.008434771202132138	-0.01603867169308273	-0.002422562537441372	0.00219531649878064
0.005219371490135449	-0.01595445571166132	-0.0001013330129656481	0.001095995819299533
-0.0006444226112794697	-0.01189530365157729	0.004672212101885238	4.243238481666854e-05
-0.003133004949177179	-0.01440210417455783	0.0009051331688814611	-0.0003458065597159899
0.001304262003123223	-0.01908169163393499	0.002565482610914629	-0.0006779424877381103
-0.0006924694097611988	-0.01643350859148101	-0.0002875241424995906	-0.002186378552592795
0.001064323325354806	-0.00827692022913774	-0.001928040023441459	0.002745596855750981
0.004296504939277618	-0.009789045468864915	-0.0009583595573029227	0.008894103850447053
0.00344659505481138	-0.01880822573205384	-0.002522277750657441	0.01070743044648077
0.007639623923149923	-0.01894970962350401	-0.008203792966962997	0.01251629065868181
0.00560789723161573	-0.01404990369128656	-0.007188890131736948	0.005561166580061267
-1.26361870695424e-05	-0.01204466275910787	0.001199099413839563	0.008457097830877277
-0.002820323529514305	3.404569820449673e-05	-0.001266411230508286	0.002423233678543635
0.002360152104162317	0.002152395137825255	0.001864299887589781	-0.005820752898674298
0.0107072899874502	0.005548096244349442	0.0004861803657506562	0.0002559646440881454
0.005667900134013688	0.008961041420920244	0.004331376745603664	-0.0167001216637986
0.005554710735797753	0.02891394385163704	0.002261636735181091	-0.02621145897476238
0.008505374209926787	0.03375635381380909	0.002694450980682088	-0.006711535195801165
0.01062980128190214	0.01665062545021592	0.004033367314511554	0.009066033844248459
0.00616044780413953	-0.00713179875139241	-0.001240772024304388	-0.005093324921034603
0.01047972099513742	-0.005412881164627122	-0.001143778415341029	-0.006422573045063047
0.01365009055479491	-0.002908945324074171	-0.0008759255633065341	-0.005307132180734056
-0.004040104002255059	-0.005759527957426433	7.677621994501232e-05	-0.001869508285560499
-0.001110242714138955	-0.01034675576552952	-0.001458532485739655	0.003528604526094316
0.003443317070139937	-0.00706627614639442	-0.001288972260977111	-0.0001723431007214199
-0.003304636252208129	-0.01016092518658304	-0.002523321017315079	0.001682389923610421
-0.009329291123643363	-0.01389505634498362	-0.00343529309192792	0.01377105655726221
-0.006136032074586879	-0.01188352052842775	-0.007039576785636957	0.01326691833732556
0.002550378307852621	-0.004969701295225372	-0.002827089716029889	0.009398587044980132
0.002473855382262711	-0.004860633952297466	-0.001755132431946251	0.005343710967493196
-0.006434916810767064	-0.007758676680708296	-0.0009557728010561272	0.00418455985776755
-0.0116323815295406	-0.004437222318125918	-0.003263632983657104	0.004505870166439433
-0.006990384600310775	-0.003059050777161532	0.000458564217950861	0.002716174697322135
-0.003985112224120763	-0.007364688580657024	0.005195686826900392	-0.001643006370329533
-0.005301145128389757	-0.01225401669717557	0.004587144623069207	0.002174545745862491
-0.01245904317916404	-0.0207139282713861	0.007272107558081655	0.008384752374179879
-0.01880642977463044	-0.02540504699142938	0.005156456973472292	0.002038433179264131
-0.01448481125113208	-0.02334039352110968	0.0005491621914664853	-0.0009171729682128735
-0.01341092647227553	-0.01428295478564894	0.003678703708446794	0.00187175772775089
-0.01567784902098528	-0.0139112003313336	0.002232161622395117	0.002819351012777944
-0.01725630015568341	-0.01097758238000638	0.002332197880102554	0.001149285239880633
-0.0128769263589542	-0.006431588337268176	0.001625895423334627	0.005246703845918622
-0.005124519208000833	0.01079572263574775	-0.0007390115224925908	0.001814345856385866
-0.003911625003286913	0.01279464937825842	-0.004564685254021119	-0.001106904648590948
-0.009118687035865729	0.008093252209839058	-0.00683270784872322	0.002847935866708533
-0.009200370040127814	0.00584157992412923	-0.003021360363807599	0.003608885918896606
-0.008679802284066434	0.01035848086260328	0.002576371732270317	0.001993000080019147
-0.01229921519519451	0.01650867259250326	0.003512249198383032	-1.165397825268229e-05
0.01573505001604423	0.02225686432943452	0.003445491802645095	0.006237532975234798
0.02014307323000847	0.01526659073619781	0.008287502676881917	-0.004545802365146195
0.0234257958059334	0.02102635289922094	0.001813368918325186	-0.008751390865313999
0.01661396693897915	0.0212106204035112	0.00594420593998083	-0.01261179670017436
0.008178296598727413	0.01753051692955455	0.00710247289433309	-0.006346157427358908
-0.01940026939263214	0.01564186016853381	0.004459564843365037	-0.006817167115083351
-0.01439763437325243	0.01570748759516329	0.004087888960764761	-0.00344304121488466
-0.01652989702040692	0.01805600681303558	0.004215590878763581	-0.0006002541361881579
-0.05082165828807446	0.01289635773023447	0.002104675520432681	0.0003334121810037494
-0.04609976759650245	0.007682716609886215	-0.001863457148145537	0.0001200408406767041
-0.01159191655987842	0.003523487354188468	-0.003494844218404227	-0.002965648727530798
0.005220690705052455	0.008116468604688187	-0.007892585165201714	-0.0009229640648201456
0.009865301300256086	0.00867978136531795	-0.00605702018163856	-0.0002743748057869115
0.006167626338483881	0.01148311257736737	-0.004202147683058399	0.002724431745159664
0.01205378839451498	0.007533770356392316	-0.008496158208386706	0.00130356520720149
0.01600470124450911	0.00619150628005237	-0.0001776440262704868	0.001168726659583555
0.0004664448424796033	0.007484122206198345	0.0009785041209954253	0.002422278073971843
0.003386165288926803	0.01138457638741248	0.001630780945183759	0.006183992570945205
0.009428736718605946	0.007390999399679869	0.007999452862138469	0.0003581126038463052
0.01470921185010795	0.01048294829882707	0.008425299668303242	0.0003476581648711369
0.0237625678673863	0.006492370194157788	0.008318042201154124	-0.004420608041227301
0.02217947131742142	0.004549228381419411	0.00523784850274789	-0.00175714426617719
0.01680095474653671	0.002018900567934886	0.001432301249186614	-0.01182158227100415
0.01958357137915154	-0.009592366329757886	-0.004617839992413041	-0.001245882136481564
0.02249746158954457	-0.01643681567682087	-0.004251993152515706	0.004869310572773025
0.02319011334586561	-0.01580443614845231	-0.003751791031775593	-0.00681503374335191
0.02027370101852456	-0.01376049640171376	-0.00683138537197571	-0.008062624506609817
0.01228266600474555	-0.01387458220747477	-0.005857883466322463	-0.01095530976841464
0.01589158685275858	-0.01142730234269765	-0.006305310934101349	-0.01044054965271139
0.008048185288648799	-0.01757852881602396	-0.0072494860945907	-0.008096416780286778
0.008573506500867972	-0.01429754311560697	-0.00653031401383353	0.002379814636305976
0.005573665432785647	0.0003140267041362734	-0.00166106971562135	0.001040743370504352
-0.008468955385223633	0.02990811790651825	-0.003728231343671439	-0.001211301030696823
-0.03819782153842376	0.02139367320387364	-0.003265600684267475	0.0004593905949124895
-0.02756798220414004	0.003291683966422678	-0.001970590624381981	-0.003469722143297648
-0.005291419816170878	-0.001735739267884916	0.003102213384226424	-0.0006688755655007033
0.00128522818366846	-0.002173621993499357	0.002665993832506088	-0.003466173267309035
0.005636808726806367	0.004920132288141304	0.005404022818872654	-0.003253999214848183
0.002431551906921538	0.00150281004949365	0.007917514751979948	-0.005889108216587021
0.004524958181033297	-0.007102822644672288	0.01024927389123934	0.007836229057928867
0.004387208094640942	-0.01479888754028974	0.005489272523974913	0.008576852501276813
0.0001189346402582703	-0.01193276999334823	0.001956273821735287	0.008555868579204122
-0.004170394851827553	-0.01457092756435762	0.007687298906068053	0.005781084847192581
0.001834404755486312	-0.01937115641732242	0.006263238592768394	0.02157068309723211
-0.0006233649739810099	-0.01146675535648536	0.002973882478018741	0.01200152943702299
0.0006139889423445394	-0.01146874321141586	-0.004885606637230728	0.002555509722776728
0.001300859254164351	-0.007279017065753145	-0.005485018851910779	-0.00797833467479271
0.0002162119801130129	-0.002939816035436159	-0.005876873907728456	-0.01358924640149213
-0.0001251169254433702	0.0004506632627404543	-0.005102084665513869	-0.01665102218832362
-0.002508082883673999	0.003562480783611654	-0.003025615085746805	-0.007826475770711893
0.001781605016578894	0.00539874729410417	-0.002607924271367484	-0.008088538271265811
0.002566596603169184	-0.0002851327586388407	-0.006907677641146259	-0.01250506492930639
0.005618116026673039	-0.000748476614007995	0.001042171719811783	-0.01476064931112114
0.01132875074931827	-0.0004277256427160696	-0.001520192354737017	-0.005480327738625996
0.01112625040072807	-0.0002964221219983675	0.002208864963432044	-1.498303690399696e-05
0.01229050206702146	0.00769742974842079	0.001270752249154588	0.00547213640515623
0.01059986836850618	0.0008579803766942209	0.0006890803442721831	0.005920285258040676
0.009832627706802561	-0.004014601364971727	0.001258120924718324	0.01258611870421148
0.009055826575435397	-0.00538966011434365	0.004231989903694608	0.01311082406573091
0.007566963452400962	-0.005560792736647233	0.001539286557008242	0.007970214707019875
-0.002682948120315394	0.0001511195340016852	-0.01088745504332716	0.00335805758124304
-0.007230558828717307	0.002214319959254593	-0.01334743511022264	0.0009017374660286931
-0.01713174522459246	0.00113789509946588	-0.01326387344001871	0.003242223338590758
-0.004416639338917522	0.005246839519271422	-0.006184261609770939	0.006537510729809306
-0.01048199783480042	0.01206537785369986	-0.007060832988547941	0.006248114406865533
-0.01869595466656279	0.01440729193863696	-0.006008958246912828	0.003181995803215644
-0.01818944438098674	0.01457073109290243	-0.002829265533657189	0.00415937653805626
-0.007155910866495119	0.006422979471977367	0.001675228603405619	0.004791980942782665
-0.004959463282565689	0.0003032830268289806	0.002616815288057642	0.01377534034699458
-0.006046945402852754	-0.0004215746303043923	0.006608748390573933	0.01162164461584299
-0.002624925177266299	0.0001467842329116536	0.008680854235318383	0.001170760738481115
-0.002881185707206854	0.004526254481761	0.006356424390106251	-0.0009147422872980123
-0.0210816276261824	0.001593391145644298	0.006692440755992571	-0.001273217241065802
-0.02127392680232844	-0.004676808401785815	0.004025982846151349	-0.00412967604364572
-0.004041285410783628	-0.001846231087522903	0.00292448680971879	-0.003519237488087612
-0.003309760826183959	-0.009128020348550626	-0.001803003594716574	-0.003033977534816381
-0.006182042291847716	-0.01185817745392788	-0.01050842051281431	-0.002093645256080534
-0.008058131695106658	-0.01216807042657733	-0.00953235605290498	-0.003844468261444767
-0.01015975268052526	-0.01677659588427426	-0.005157560519869962	-0.0001311847406928463
-0.008033368627344018	-0.008100193743155444	-0.009737364617777369	0.00272635495549974
-0.003026745033321725	-0.003422185038640979	-0.005948747308818868	0.003449195991035481
0.003664455425148633	-0.0008263516675602694	-0.0009107484657710979	0.002311926502566234
-0.01190522616087212	0.00500139940449417	0.005029436500109216	-0.0003085969657012378
-0.0062146731017898	-0.003233854861649268	0.001466477311312315	-0.002549595357293167
0.002616655816369146	-0.001174470531741488	0.004135028278334343	-0.004035056300387153
0.001252161047219434	-0.003022189213363543	0.006817096581799726	-0.004386598520750515
0.006659105011976417	0.002617066628839114	0.007770969831671829	-0.008393227848508109
-0.00103272094687064	-0.004143745029186444	0.009368120503053861	-0.005195113104159452
0.0006082786400375775	-0.005119082282744477	0.009180006909848886	0.00169942579771038
0.01203520573408002	-0.006522976643958585	0.01530688828328173	0.01055547549193105
0.004630314400132135	-0.01583288023848541	0.009568228356754017	0.005473904413744073
0.004604598411940406	-0.008890862214510867	0.004412682535332954	0.0007077749247002044
0.008480492647441532	-0.01002022378281148	0.001775763950912227	-0.006365862471068903
0.006697477311158536	-0.01366391738853847	0.0007723922931704158	-0.002977853883227231
0.004306065730116489	-0.008023905115674537	-0.003797292860163259	-0.002405735562954278
0.01508282185104525	0.004764373325511032	-0.005005804244771325	-0.001171471232489122
0.004864721557889308	0.008166736839892901	0.0001496203035922449	0.006024127625176731
-0.02119721657226597	0.006933794965433402	0.001739572394504917	0.004150889995639338
-0.0213565599256457	0.002760359049682505	-0.006488421133586801	0.0009061237498061667
-0.002044791250181994	0.01142062981511615	-0.00369139066467975	-0.002874911811640645
-0.007950022560584157	0.01494013790084557	-0.002420725180102593	-0.001496212552562779
-0.01045652790260688	0.02989080999770031	-0.001301619445956114	-0.001171481332674392
0.006253137602487272	0.02981636019397472	0.0009560114334052738	-0.001159080863483419
-0.002072625523574392	0.009379416048344979	0.0005802009308275087	-0.0003399640151607449
-0.01734734624190196	0.006210933861881218	0.003570424309290484	-0.0009924208046712087
-0.0210537565189323	0.009185299718622466	0.005383864735847213	-0.001208592658505688
0.001558385878533319	0.001784106783661435	0.00581217646129154	0.003964375882000598
0.007478038404628726	0.004604051952859659	0.004560164611175961	0.006122336122520435
0.01162246296632404	0.002036539837564211	0.002424039793543588	0.004321121071852097
0.01614342141700262	-0.001920439939040755	0.003324417337955845	0.006379550376554109
0.01635742606830801	-0.005868434002632501	-0.001176540011756266	0.001127977479401966
0.01495418738603032	-0.004845651150187182	-0.0003889889404190237	-0.01019544711073336
0.01010301739587264	-0.006021775928214751	-0.001700352184727159	-0.004160940325442648
0.01020406176298694	-0.00517970592439805	-0.005114738000175127	-0.01134124520651271
0.007749256974508468	-0.002942573348511583	-0.004962407979077628	-0.01744622094938723
0.006415695514896444	-0.003538668391575753	-0.002002942881067431	0.003995631779939298
0.007186766948121836	-0.0007444796201533307	-0.002332119088426288	-0.003739173597527667
0.01023659656123555	-0.00134420411808422	-0.007215474903146659	-0.007879215869031493
0.01261618980361761	0.003915613436703914	-0.001734658340150036	-0.004286040610088619
0.01189244556421484	0.001109219080635239	0.00436123087160897	-0.002789273069649971
0.01110280090694532	-0.005008869627166863	0.002809002722430841	-0.0006823751058706394
0.008575769588080482	0.002915009598036069	0.004873241132418093	9.888549244893449e-05
0.01310490747054538	0.003853932617324975	0.001755571310691529	0.003179391652088446
0.01962740738394913	0.003490098325798821	0.002911552023865477	0.002479954346759825
0.01574002013802298	0.001377738044098274	0.001072851125865317	0.001906911724417571
0.01345610362486408	0.005346100096840764	0.0006714153295469025	0.003120184798694722
0.00426945689788062	0.01631968048493558	0.0005834688589557299	0.003628402305122921
-0.0005559276636721909	0.01501461515780554	-0.001100124258236124	-0.001084469142961543
-0.006623532129498006	0.01128739819074224	-0.003780044059632964	-0.001838813743201521
-0.01211429201597466	0.01041378666189448	-0.00898508326949317	-0.0003057042011189388
-0.007347038791345729	0.002384859209250939	-0.01025490232666538	0.001309738937524238
-0.003011735465325765	-0.000173280637742773	-0.007215337535871776	0.001687855906353742
-4.943750474306011e-05	0.002501923869185249	-0.005825106992433457	0.004905911746617522
0.004535860697634893	-0.003301824573741778	-0.008889066352520337	0.00466748545474333
0.003464009224371547	-0.004943631253281514	-0.006725832879998576	0.001560444693472974
-0.001138576875205723	-0.00685277955076179	-0.0008013353659137646	0.002716935593748315
-0.002311940141597198	-0.003403348471284735	-0.0006031039449761749	0.004411735836766817
-0.005789768965200266	-0.001950394140898474	-0.003436800921650303	-1.812872274959893e-06
-0.002052102783694794	-0.002527633175998846	0.002051338255362624	0.001756886367669256
-0.01821749283625474	-0.008589600475277202	0.002151663528893305	-8.493433170077873e-05
-0.01482852712202519	-0.007035332661013925	0.007620341773252448	-0.00111959581940762
-0.01241994068798734	-0.0007774773474596642	0.005280743461441767	-0.003229080306704305
-0.01440535966913212	0.002101191993187823	0.007026970517408765	-0.002396749857406606
-0.01866727018627806	-0.0002651131125623529	0.009929317030987626	-0.002422079565378433
-0.01285266691041902	-0.0006295010237107352	0.007662122068718251	-0.004921727596742672
-0.01359689875534946	-0.005434601079179863	0.00163077878708485	-0.001297583253439126
-0.008048274937991002	0.003445669895547566	-0.003183935483428233	-0.004420877262589598
-0.003792248557561015	0.009243651955456237	-0.007843000860735659	0.0007506143852018132
-0.003302572597339781	-0.002265869569727508	-0.006149312826946091	0.000782551083725561
0.002881515638989446	-0.006164442250593503	0.002743943540842343	-0.0008571252602471933
-0.002746136356770199	-0.01427990902703232	7.47186139283576e-05	-0.001208876927129921
0.001674460761217791	-0.0162002164518889	0.005239581100659554	0.00691810076660002
0.008179419073076377	-0.006104303662690977	0.005067185436720248	0.007022565249032364
0.009119298655479757	-0.001270452675978827	0.01071138515152906	0.007168561758182325
0.01023404376498264	0.0003608710083797905	0.0046150473849399	0.006059410289461225
0.00513064968664922	-0.006949252402427516	0.009677386382795472	-0.0003978182852868188
-0.005242315983159284	-0.01103951636836497	0.01012929653643281	0.00282045896806766
-0.006597791871848653	-0.01043959952163733	0.01365775245646549	0.001133370679717322
-0.005087683645852895	-0.02318566954286522	0.01223915811799001	-0.00225212312735647
-0.00491936359254808	-0.02054196882491936	0.00386769546009406	-0.0088079198479142
-0.009241190677532237	-0.01329293538356327	0.002948557132989055	-0.005021709308867239
-0.001465802469180202	-0.01041784131018182	-0.002267614450726635	-0.007489312805568889
-0.004032725337589712	-0.004997854731318864	-0.002592545458259385	-0.003384883309689138
0.00362707396072782	-0.002982933319712677	-0.004266401731255981	-0.001259102151042535
0.01588163551432279	-0.002735085092776311	-0.007887517694274543	0.001349831354286117
0.009135752169385468	-0.00285766679621258	-0.007363093606572024	0.002954250485109939
0.0119570042404107	-0.004488296278607827	-0.004073188163077732	0.009070042562295577
0.01562266543289951	-0.002559980970963794	-0.007653330954294069	0.007913646713152173
0.01105803988772569	-0.001196184732912454	-0.003900435051784376	-0.001844828614647931
0.003863527496670021	0.000311636545001886	-0.001209058044974131	-0.004179725833355002
0.004125598191504177	0.004448467203440349	-0.004291584457690269	0.006755331826102487
0.01097591129881406	0.006288484540314208	-0.003484501691226485	0.01245416992010859
-0.01454253550960084	0.001702087411468634	-0.002925435059684337	0.01104181618218278
-0.01434110820885779	0.002429470483972224	-0.001020064301528926	0.008686806547006633
-0.001987301230573235	0.00434031688039956	-0.0008406695452154885	0.006115529793223044
0.003322383723986472	0.006054372086497818	0.001957056947934155	-0.004327116070361715
0.001043255953316628	0.01088288678367681	0.0004211177183098149	-0.0006489169193430727
0.0009460453811673082	0.01118730632798585	-0.002725939104588977	-0.01040677356492804
-0.001462364388400195	0.01145569095605477	-0.009651277496606237	-0.02677140085037132
-0.003952271507710782	0.013558197643301	-0.01078364167319036	-0.004864167444032382
-0.03170609669850394	0.001906420324570606	-0.007218538296960182	-0.001453600828591162
-0.04268745610092501	0.003715800173261125	-0.01193408916603756	-0.01339867125559081
-0.05122495463118701	0.004813402865911198	-0.008370647493864498	-0.007426554007453168
-0.01655906600758838	0.005043069735710973	-0.002456001631357902	-0.002753488633990058
-0.002245401326715484	0.005877075461288487	0.002066013314261058	-0.003475058397279758
-0.0106046996731983	0.006434723819778759	0.002892355560427974	-0.0001679916601759796
-0.0001994156209149687	0.007279905884679196	0.001092328540375556	0.002987748296363704
0.008993427487072455	0.005432998700756406	-0.0008554134203690672	0.002406675746848351
0.0146217609576949	0.007267885478374275	0.0009067380256863387	0.003407412425644346
0.01314516727816209	0.008526141470314297	-0.003452521460942845	0.003712559337121667
0.01600180657848882	0.007383908229380563	0.003483233866664509	-0.0002679956128665642
0.003883292164051112	0.008288175738051001	0.002274861728584282	0.002502838875479562
0.005455979168071039	0.005274533874499309	-0.0008506920093859086	0.001983083296425216
0.006306124045980411	0.004319511804423862	-0.002811655938167981	-0.0003919601921375828
0.005360885755379503	0.007298001321931672	0.0005397795693261335	-0.0001413549755342429
0.008253364167907562	0.005907274234352013	-0.005865860783150421	-0.003729988299062305
0.004358986157608506	0.008128281003170231	0.0004363131047915618	0.0001373043294181183
0.008787128438273083	0.01361763701180043	-0.001712846176886438	0.001610240520552503
0.008775916808139474	0.008386925370796959	-0.00575328303657165	0.004357567974922507
0.01031845145230381	0.005864051139391631	-0.009493968272938651	-0.002843932174077503
0.0168571353397599	0.002189947153928124	-0.00795306305854423	-7.440300139192743e-05
0.01304714742644872	-0.001952251540394484	-0.001988539952726761	0.008168269917528058
0.01421903624403344	-0.002615278797577992	0.004186339020520088	0.002277368986797094
0.01307456398749055	-0.00867602521649102	0.001155526615532798	-0.001008404865701445
0.01347295744685327	-0.01556367641265909	0.002536074607114116	0.001712954983962131
0.01405260397982941	-0.01457541899392656	0.003692336637024128	0.002435382932224241
0.006544069388365223	-0.008019798186527658	0.00312180090447736	0.006692732415801321
0.005384776580794148	-0.002224464431704302	0.005120018579393818	0.005229734676448185
0.006212766595271884	0.002520859379534959	0.001918147747517694	0.002333329262539251
0.004469810165011037	-0.001199200022818925	0.004546475298079511	-0.002155037731173326
-0.02132205501651239	-0.000207101074087169	0.004232242807430405	-0.003782618377169003
-0.02217508094026785	-0.0004944710616722854	0.005940493735037153	0.002764344698200366
-0.006386412760941738	-0.0001203812231648808	0.005998285198352325	0.00265308112881212
0.00308201201338291	0.005971224629354856	0.0006287821494442537	0.0005493632675690869
0.005184473403212675	0.003928491061996863	-0.007296698757978505	0.002445569653535071
0.001496869960222267	0.004548449126119857	-0.007230885688205022	-0.00049039633498367
0.002949171830360608	0.001376038141659897	-0.002792376443778903	-7.980847138838124e-05
0.001014566972708738	-0.001854310562756468	-0.001965311711298594	0.003865387950518026
-0.002435210940336811	-0.001565713061884954	0.002581934869105652	0.00375928552928785
0.004291512207190216	0.001144677195963308	5.889990863026446e-05	0.000229380717699318
0.0005843019447226861	0.002202544920036783	0.004968778740821132	-0.008803219977737914
-2.135886748759496e-05	0.002600101865266909	0.006765232733295814	-0.002658456470863991
-0.0005678062486556831	0.001163883826621127	0.006186435785057676	-0.003423909033001441
0.005376481053969847	-0.002386750035757698	0.008607761369928024	-0.005386224972190671
-0.001119222325931978	-0.004449871037892867	0.009575528673683019	-0.002451726880493545
-0.001863048854532334	-0.00740058481211324	0.007826220952904587	-0.003079321398418506
-0.0002834433227439796	-0.01066485136526485	0.007778119332553165	0.001350899660024936
0.002190704970121184	-0.008191002110209202	0.01126056179994131	0.000645871226753228
0.0004853061853153447	-0.00842601636305375	0.009669089606714054	-0.0002217667869956808
1.192452699598007e-05	-0.01108876520935138	0.001987784174840042	0.008573974826539111
-0.0006788828655477724	-0.009356043350848713	-2.692968950889543e-05	0.007420246551937095
-0.001173646530651218	-0.00522102284051995	-0.004458522865151764	0.002245323749935469
0.005100106288844457	-0.001716901278228135	-0.002054724058349447	0.004715570524384751
-0.00195190339895976	-0.008232258252736633	-0.002049093654210715	0.03045706281661521
-0.005313917080229352	-0.01265853313764493	0.003438026966681359	0.01942325018559891
-0.005502262856535203	-0.009753417498211967	-0.001104502799125221	-0.000600810050514706
-0.01092568407887733	-0.004100466945612123	-0.004828855211460776	0.007146365997816788
-0.002850854494217127	-0.004593108692264421	4.406385436893463e-06	-0.003693110149384875
-0.001965260957791166	-0.008533928338522349	-0.0005666140618024433	-0.02185458007791139
-0.01193422012515357	-0.006369135508373419	-0.0009925679366177304	-0.01499688599098782
-0.01639033198364709	0.0004930949180358761	0.0003312328335809677	-0.01337055698410179
-0.01278897757446775	0.02843811900583108	0.002061923880124309	-0.02562062173659777
-0.01246183266994777	0.03527709734168936	-0.004802818896027706	-0.02392901021276771
-0.006157080872798829	0.0272158876470743	0.0001421515811531866	-0.01305367394786218
-0.001872714119889783	0.0093232805754926	0.002636509294599582	-0.008125673858866164
0.000831728870003447	-0.003879270525473673	-0.001036382652924916	-0.007532434643340214
-0.009323416013931531	-0.004037953738915867	-0.00417821415482992	-0.002749981344229609
-0.002325142218601541	-0.01055820595981518	-0.005488422585137247	0.002466642625734686
-0.00550937102236391	-0.00717719788212859	-0.000906392560304134	-0.001164807173214529
-0.004713634993391829	-0.007254568899614074	0.001232961600614531	0.001073540189811344
-0.006166406793253006	-0.00744673510357317	-0.001998038011692336	0.003934426987954388
-0.006513049804004598	-0.01022763167953925	-0.004025060607713637	0.003921414269044022
-0.004138081015563263	-0.006351162585273068	0.0008675062394335102	0.003064807694069388
-0.00127920976479169	-0.002852763620966888	0.002003026214720324	0.00116886504841956
-0.003723425550116628	-0.0001442508978494461	0.005454185130678664	0.001070477668814083
0.001642945599203758	0.004681832721385883	0.00128351988777889	-1.690512930158409e-05
0.002246815669810494	0.01017578448709406	0.001970726434887856	0.001743880125893764
0.005614946412185829	0.01029135768193904	0.005336827294612901	-0.002317586690634458
0.01017548362049859	0.01218649096163239	0.003720198985158195	0.003936158421882701
0.01440511417220754	0.009908397467579851	0.009044973816414274	0.008652385536112004
0.01376000347543458	0.003368605899419815	0.00547817673076082	0.00523741946351671
0.01445092367622525	0.007654719307131147	0.002243793332709107	0.003024223241114275
0.01202831119561433	0.003717135932631387	0.00197692718465654	0.004825386368359803
0.01920640736950131	0.002234801084966458	0.0001899411345948	0.009414886466045935
0.01657535231036328	-0.002691688839665082	-0.007201790225893268	0.01178542463526576
0.01813708944779577	-0.004898252250473703	-0.007465770180187699	0.007823659823999447
0.01256742372308202	-0.004775233908568167	-0.01206726531003453	0.001349669847347988
-0.000705903517279414	-0.00392470929002203	-0.01607792111501676	-0.002629102577193671
-0.004367398550504239	-0.005195558710721231	-0.01314374793846517	0.003539479857347761
-0.01052799536742114	-0.01197423425089866	-0.005250239990529183	-0.00240254488841658
-0.01816691915672157	-0.01225898443964792	-0.007455183231755954	-0.003468545631514532
-0.01589878503801152	-0.01245066992632818	-0.006243848001052848	-0.006700567926342616
-0.03272154136402126	-0.01709996931335904	0.0004626304803617372	-0.003908865928223292
-0.03229472380029576	-0.02713249926545452	-0.004221606910705679	-0.003544323389226509
-0.02338943565150693	-0.02464789373587683	-0.002214898192799067	-0.005871985644137915
-0.01356275838825917	-0.0198749715374588	-2.881996432874962e-05	-0.006818626724452609
-0.01661060890096519	-0.01710282649278193	0.003742289382867966	-0.004023520440291518
-0.02017423069531722	-0.01342932353218426	0.002669825090854529	-0.002400649042217347
-0.01522186151610001	-0.007786434518007019	0.004096180856510401	-0.001080957977590236
-0.006194235660108484	0.003099393197082233	0.0007501384998956604	0.001354019098299052
0.0008089336349265419	0.006650740908215744	-0.00277596048363124	-0.004847948374825157
0.009449626823983519	0.007203853734309295	0.0005986393426275354	0.00240870867774432
0.01447508372686911	0.007447417275832794	0.0002988569337999501	0.005819375047847524
0.02133985179510108	0.007656159385398847	-0.00449957065299281	0.005322446217630381
0.01544945497509989	0.01163315025971058	-0.01071981386588081	0.00502606432468857
0.01427173828939468	0.008971952878293431	-0.01010761791106448	0.007591376145854738
0.01121307806163283	0.01361190712016357	-0.004390306287469931	0.00267641646766259
0.01251401002200839	0.01735942481305765	0.001549279448397876	0.006237134350074927
0.01191137701080823	0.02185626302186757	0.006675300969245735	0.005811893448572704
0.01628637738457554	0.01938074795688564	0.002259795921079304	0.006111485643003807
0.01453616393677955	0.01814868467557718	0.003226138034118554	0.001510757682465456
0.008832579839129455	0.02215429275719564	0.006636444721894696	0.003385596420791227
0.01625112689019359	0.02175977829740685	0.005524325127374893	0.0003372307240443714
0.01622479405517775	0.02372515686822049	0.008364857212342928	0.00125489170801513
0.01360420839448219	0.01850799509557452	0.005990779654871051	0.00238666182229751
0.01283754779267571	0.00616971573921199	0.006317750805843422	-0.00267424187745369
0.01138112115592573	0.00488863968954732	0.0016478271224646	-0.0009163416625575422
0.01008990286874354	0.001017765478310173	-0.002396962505681076	0.0001292225880262138
0.01078532395887642	-0.002378580780551764	-0.001590182092349016	-0.005674299902866252
0.0005878020666762851	-0.002413180442836819	-0.002223620150231878	-0.003269625956844918
-0.004899462817506159	-0.00392766737430175	-0.003468337889441459	-0.00413306661605057
-0.006338174548871447	-0.005918546890648088	-0.008045785833021301	-0.002280764352368131
-0.0003193285338003889	-0.006505049463489197	-0.003300699971155983	-0.004153098577663341
-0.0001357470730032727	-0.01090329828482102	0.0004160373637619375	-0.006424833668009802
0.002294824406825466	-0.01438944627618507	0.001887783212149215	0.008976426208479818
-0.001902239939470096	-0.01402669209033362	0.002786418570201823	0.01874199922523252
0.003643537938802182	-0.009286850589508755	0.00491929347486126	0.005570616421215733
-0.003194372658423787	-0.003274548924912273	0.008984149964872489	-0.004499690158356918
-0.01225294615153624	-0.003817021435767157	0.00592754062698026	0.006580542769379015
-0.01810261290813538	-0.001440186939466585	0.006363561731512805	0.01369391114193298
-0.007563566738862367	-0.00686543203109601	0.003829737578811872	-0.0008279415177276687
-0.0009120830858421992	-0.009455767673779033	0.007794520988943467	-0.00588543246792523
-0.02215719622419792	-0.005021776979679975	0.003423784906959818	-0.006582797909748874
-0.03719973716093901	-0.002675069101122331	0.0007173600488171241	-0.01402139801762495
-0.004429983637312789	-0.0001284192657322138	0.001249032824341172	-0.0222903489643638
-0.001283249142585254	-0.0005836209676535231	0.003039225105011574	-0.00971084784071664
-0.004477039647311664	0.001813673401690936	-0.0008051482241954518	-0.001425062894770263
-0.007558535716375529	2.432537209665532e-06	0.0004044125891847988	0.000103571616513889
-0.03849382366721694	-0.004533445013449692	-0.0006746124675588391	0.001162551983617734
-0.02674481611229612	-0.0003650761508943882	-0.001620733333268875	0.003209646792846772
-0.0003992226860661264	0.004320806407811405	-0.002046955675128097	0.005251890342715388
0.006762923192162918	0.0090922187700296	-0.001213413390606477	0.00343668694406856
0.006380483331215589	0.009000928999242765	0.002463673707848659	-0.001936160084931055
0.003951300602064762	0.003954573468274086	-0.002776566588924106	-0.005305999907052532
0.006051963349025706	0.005826930550829992	0.0001012821882305734	-0.00617213673550731
0.01774919881089924	0.007347929546976543	-0.001454429083999289	-0.005610975074664395
0.01513987933025785	0.01115314572000455	-0.0003033084312558552	-0.003703383363512935
0.01250421108805226	0.01425246653628319	9.970672468813244e-05	-0.002186775405229761
0.01402257437701146	0.009068472679057287	-0.004174755172362855	0.003527708635041603
0.00636711541071207	0.005736695110312955	-0.002641157659891062	0.005230142332480579
-0.002511947753810997	0.002512590544849759	-0.002283428325429845	0.00652543964660046
0.006607937923501056	0.002521575183826323	-0.002006253969797417	0.0002588456438850973
0.01506764603689386	0.001958399197445978	-0.003464591177931775	0.005860647688994918
0.02032533445976302	0.003815001240235723	-0.005245608520033351	0.007852023919516431
0.01487735302559315	-0.004553115640208677	-0.007491829728866967	0.000633004146965381
0.008290974598744732	-0.01260650343280318	-0.008764441451695471	-0.006738721274667875
0.006033188174621206	-0.01088624136951288	-0.005500429504250511	-0.007031540711155663
0.003793250092821283	-0.008484577040189855	0.0007252925856927088	-0.01013056560066709
-0.00437101247541661	-0.005619309243120583	-0.002865313011179087	-0.007900796287231573
-0.004806030424644349	-0.005918399667953095	-0.002501489716981779	0.003882496143154592
-0.01442717392119332	-0.005193789478839247	0.001137028562993346	0.007136828865047278
-0.01277288105597338	-0.00590180063624728	0.00379308788074931	-0.003311171946449986
-0.004650616714731989	-0.01274857582507762	0.003078217052605364	-0.004141973536954481
-0.001700906404857772	-0.01451328664548983	0.002463725444815257	-0.004848131786389371
-0.0005115172152858275	-0.01517015125777421	0.008330253919844727	-0.001655603529267412
-0.0004936852724678774	-0.01131734795435091	0.004761618617302179	0.007770302938028101
-0.001595854789955368	-0.01149332664113539	0.005444111026783695	0.005049738235413444
0.0004860996817067198	-0.008496473257506918	-0.003063778167857572	0.001800259982212737
0.002647316508540078	-0.004180060701264024	-0.01143114568900446	-0.0002369652898917822
0.0009634950046631457	0.0002778131274831542	-0.006831654531737968	0.005987355012883314
0.002575547984697544	-0.0057612044870845	-0.004399426659871817	0.01054162671538458
-0.01541912359318291	-0.01425260943190605	0.003690009551371837	0.007441884869572467
-0.01805127474336809	-0.02194951070495985	-0.001013703743288464	0.005173022331777507
-0.01262460318832426	-0.02159658026660456	-0.0002182618335005225	0.005580244147543345
-0.008469231672196507	-0.01029787248881526	0.002605281652084031	0.001639063897360643
-0.00803796645437416	-0.008944453333710464	0.003066505470754047	-0.004677209901707904
-0.007556152004472358	-0.003303184603783042	0.00547882870402615	-0.002601916095748038
-0.006275741522174479	0.001305409284944663	0.005082762233172817	-0.008348166802213855
0.0009633099398693113	0.00214297935582423	0.006979548055689202	-0.007498513104227931
0.007482718906439222	0.02755437537899341	0.004145511847264769	-0.007223191955205233
0.01079193824748542	0.04107715553129746	-0.0005847853681569826	-0.003610975811676234
0.009411451466163892	0.03429578074898167	-0.001395747147229028	-0.005383857689516454
0.01034496020712388	0.02515367815896531	0.003791515436396204	0.007370383146003976
0.008331807947171989	0.01708416137510897	0.007234112394337648	0.01829772756402142
0.01219324692672642	0.0147643230899306	-0.002369373116918307	-0.00205741353076133
0.009409700075776545	0.01304584189540116	-0.005624706599130579	-0.00996555861094159
0.001335635077855247	0.009571043072388402	-0.008247924587122141	-0.004856455887636227
-0.005333374772123459	0.01180499642351885	-0.004994318340003884	0.006958170386796245
-0.0008148823998073802	0.01078103735075507	-0.005247367128194961	0.003532046859470768
-0.004641697752660535	0.004535364843192453	-0.003023280516870576	0.001478122620312645
-0.0007391125210033966	0.001482771840459339	-0.001563459960361921	0.007617337423390579
-0.002689506652384586	-0.005544240245697488	0.004610415588238613	0.01151704256405151
-0.001880710766653773	-0.01020093323220183	0.005428516366573603	0.003061708772498
-0.002932415385267656	-0.01088189898897704	0.007091589338787503	-0.001694792778087471
0.002091395564123653	-0.007931140360031714	0.003968971416740737	0.0009465513617712705
0.003287679754202718	-0.004991566498320943	0.008570818209888038	-0.02168600574777241
-3.787001635389953e-05	-0.0003467102769121353	0.01058630918684734	-0.02342624069846829
-0.005859473778060877	0.0007737567155478323	0.01278197162850951	-0.01386684196786642
-0.001123421916538082	0.001652391420751608	0.006107244772389087	-0.00423167843256385
-0.003490521407590489	0.001167581983306861	0.003102504547483573	-0.002823522804964495
-0.008227703015557104	0.003066805022657378	0.003415407198366529	-0.001698247153361177
-0.003457221062445924	0.0005348605384823659	-0.00384733322274683	-0.0008017464896878164
-0.01025071883747433	-0.003202468094198882	-0.006083013083485522	-0.0002195341656708711
-0.0139743809630016	-0.01117525406336936	-0.006639650689516373	-0.004063363826048678
-0.01805414166750112	-0.0117191768570969	-0.01001594782700654	0.006058647406129009
-0.0056393681246613	-0.002958917404133795	-0.004348277211984784	0.003098019999406154
0.009026517656406363	0.002034568784591487	-0.003428530973239196	-0.0002994534336254243
0.009555465657977782	0.0006476142681339334	-0.0002589602236139094	0.003569572960039524
0.009901519891447035	-0.003938406685354785	-0.001257917286389367	0.002425328037819349
0.01122480630173567	-0.009060101612000852	-0.0003845264964386908	0.0009564103964207356
0.009871024176033657	-0.008416281003002903	0.002358615899251237	0.007776106531684588
0.01465499881412861	-0.007664282787013035	-0.001323754793821604	0.005505117273382724
0.01327756489695903	-0.004170313329308115	-0.002290719262458988	0.0004152584002640802
0.01597254614700802	-0.00549827443364736	-0.002116811209744186	0.004161164740049943
0.02108570126644975	-0.0006341272058158736	-0.003997141410219874	0.008028769482936165
0.01482843031014833	0.001943018339538667	-0.006796964731454898	0.007892653287336114
0.01476951047549195	0.002412815098633175	-0.00496545056341045	0.008061318227691225
0.0153697287983016	0.002150882145597239	-0.005096321842939938	0.007488315045801705
0.009762998450823526	0.0006841869576476117	-0.003543683673747158	0.006407278750134796
0.002551583961732583	0.006670735802150348	-0.003650803646810131	0.00697167974535535
-0.00450105491544715	0.01495935503213288	-0.002577632851583212	0.003073577839734895
-0.02047769375034303	0.01422240690973201	-0.0001133964613274822	0.005672441351749443
-0.04735264466768632	0.01165227130805119	-0.007599685877172703	0.004333399275261526
-0.05592401061804881	0.009822736968940001	-0.004680471752538173	0.0006939489657766284
-0.03473997928379956	0.01392755996174837	-0.001457310782511488	-0.003036510207041171
-0.009704986985559378	0.01359287615191533	0.0001501018739554759	-0.005610152825497295
-5.105584589272147e-05	0.01051876007636552	-0.0007531097141422926	-0.005375305229279537
-0.01102050314056868	0.001304518166952075	0.004988439116574137	-0.005339507657403272
-0.02791351687974525	-0.01662251535406183	0.003171071943915256	-0.002406686301734663
-0.02182413800452061	-0.02667605674298769	0.0007606504962960701	0.002715753600061776
-0.01183277923429524	-0.02413669388137531	0.006247295910602337	0.02481906356085685
-0.00515606917389113	-0.01670822005968143	-0.0006463414578073891	-0.0008113775533198296
0.00820678056206775	-0.0100250944526903	-0.005747117912156509	-0.01168083016678278
0.01294497161898161	-0.007775630715821356	-0.003569980596061885	-0.001824982323621536
0.01866771806381923	-0.006600311227195085	-0.00615213403403162	-0.002253962441271197
0.01900524813303441	-0.008929541098676448	0.0004449555057027138	0.01559407604184776
0.02796458302332027	-0.0042076773784031	0.001752208228722932	0.01007724920560202
0.01457197613601391	-0.004925456046310296	0.003070205617387156	0.006550113516627778
-0.004061597201616063	-0.01088765167485571	0.005793185366499302	1.410820014776482e-05
0.009141324019847918	-0.005821826284240352	0.004316431287203374	-0.0115103418543858
-0.0009733533247385353	-0.003725388402768612	0.00601674821375364	-0.00989779013229581
-0.03141505890628186	-0.002999363858888317	0.007588901989541588	-0.01230694514302363
-0.01450087042283345	0.001431415311363799	0.003252140092714725	-0.01996844717885389
-0.02201119745549081	0.007951911413510426	1.849617431326419e-05	-0.01573488383313722
-0.01239045179644217	0.00221719803728921	-0.004834430670652265	-0.0103894454290043
0.0003311919992183559	0.007724559134496126	-0.008113725249604542	-0.00570256707835912
0.01288364722019879	0.01447077257479667	-0.005072684768853246	-0.00731481710879757
0.02465512702162308	0.01930013977492917	-0.003520930566305571	-0.00532585374343538
0.02342727657530464	0.01542319169002875	-0.001178315690640567	-0.002807627488426649
0.01757400871274698	0.01143586873496818	-0.004490478451786776	0.00393120424229003
0.01763282073265075	0.01042307487547582	-0.0008438532400486822	0.003616406463814518
0.01740492788087031	0.005681556838401109	0.002354499165244841	0.01062383572415
0.01010905109530056	0.005623718884043206	0.001770691731947285	0.009047236491868471
-0.0002573929961061633	0.005592206894634446	-0.0005319261825172187	0.001446100249922838
-0.01045809929913448	0.0006698588090150697	0.004932454239517371	-0.001714672615514984
-0.01117386991762006	-0.0006061961618974259	0.001143890726215446	0.0002274065389926082
0.002647779902613471	-0.005916785686927896	0.003000824205250106	0.001515448842658988
0.01155463672362413	-0.002089694923828734	0.003857536832339968	-0.002021577023727882
0.01092264837021191	-0.002131547510667607	0.002162459065634236	0.005013390455962017
0.01030655154524441	-0.003192599467403216	-8.766338424585478e-05	0.00537538476130825
0.01213582982216697	-0.008245925880850161	0.002900546454611118	0.007782330812313515
0.0113646774501712	-0.01083666594179088	0.006933334553110906	0.004888140244622285
0.01189799610170537	-0.005290213911353461	0.004228876212171884	-0.001636141215196031
0.009939426585612239	-0.003080084504445945	0.005294003624179018	-0.01240604476496127
0.009784038902637073	-0.0002380253354381904	0.008033210327822393	-0.007068761970924401
0.006202492926965448	0.00689441808327523	0.004507456892186652	-0.007930764300599132
0.01110501307024371	0.008860388958562709	0.00840163494240828	-0.006248659705028329
0.006867856336956107	0.01126156523335371	0.008111706248134044	-0.008621549797984275
0.005822273860051098	0.02060011236003093	0.006949822716392238	-0.005668439992994686
0.0008638988373216288	0.02897710209121926	0.002484292659871371	-0.005519549406638548
-0.004386138005050286	0.002592517023322904	0.0009126239156111571	-0.0002911294422728166
-0.0008211153726470064	0.001765493856790742	-0.0008833396826835779	-0.006787593149495776
-0.0003650431588338776	-0.003174834511274031	0.00195631598919762	3.620066536105659e-05
-0.00353211743269402	-0.006717488688970276	-0.006759878410437376	-0.002860147638965905
-0.004837575841877967	-0.005423150674086391	-0.0137024974010395	0.002296953468826139
-0.007725054429354074	-0.009981674149240003	-0.0062973841865532	0.003718484683506568
-0.007337208069584791	-0.006375786954000765	-0.0005126436566424226	0.009140392647881884
-0.01100535158197051	-0.004946559167624923	0.001198601079640274	0.02028845571812451
-0.00661771169366556	-0.01092894362713074	-0.0003301088001139568	0.00452986316312444
-0.005901056438395157	-0.01242722911685866	-0.001902488820487898	-0.0007859653423577417
-0.001448605800387754	-0.01029306557080035	0.0009973134191910132	0.006628887717052794
-0.0002234502659839484	-0.003489829701207682	-0.001715058974214072	0.006126979062938741
0.0003453814124300972	-0.0002687973319570157	0.002566872271147582	0.001221101322450709
0.001353395678423501	0.003776848212907539	0.003808097780664779	0.006222081785627749
0.003282385409996542	0.005754741038534772	0.006245171477377103	0.002986728061366815
-0.002481009959923588	0.002830386322540324	0.003230060086935608	2.061356224920225e-05
-0.003233851746259963	0.001125929977814889	-8.011366201709906e-05	0.00460700409551436
-0.004756653455937437	-0.0009198265100581212	-0.003807672028857078	-0.009143024217312641
-0.003408955624723304	-0.003915613743717877	-0.005005445270114827	-0.01975469020184091
0.0002447193821539002	-0.005246685779775467	-0.005198529337112778	-0.009011617246571608
-0.001429702306970018	-0.002290374632536851	-0.004096275440393793	-0.004577420411196947
-0.009088580470896271	-0.007121747874456233	-0.004645608455084408	-0.002914116183664702
-0.003525635763180942	-0.00386963099164528	-0.004117952456412181	-0.003602895977645854
-0.00033149403548818	0.002934484929656843	0.0001381244556036254	-0.002199268992711898
0.00524451571301294	0.001233914434541195	-0.001877794189841268	0.003387185027115805
-0.01003018625712035	-0.001838022032990047	-0.0003745165137667711	0.006928755273466336
-0.01828432852504531	-0.005074320209615335	0.002328022593156565	0.006874911239115234
-0.01351269352101249	-0.003772325968191144	0.00572548091928141	0.006263676986398637
-0.01383779327133025	-0.003439297341723979	0.003479309858647256	0.01127613282175963
-0.006919270140758371	-0.005041371344422239	0.008381838647107365	0.0054575303568678
-0.005745321282338842	-0.0078777996645772	0.003087324086040642	0.0002834155572166986
0.00252651519325118	-0.003891870737854092	0.004171077697355348	-0.001190954900094771
-0.0006254743190721593	0.001030376355411392	0.001015296931727427	0.005581100181563964
-0.0008397842050644386	-0.0004869509830968477	-0.005627984310247745	0.001802063095574091
-0.00566723443720328	0.003377194757195331	-0.001369851043677044	0.001923444287537834
-0.001690646253989943	0.00384078989304294	-0.007307437893851124	0.0002781457931851916
0.003356215395391827	0.0025228273614304	-0.008653090582973576	-0.003561820196295945
0.0003930731538638662	0.001176304824552557	-0.007922265323812743	-0.001792866509510329
-0.0007380124080378903	0.003648529331002987	-0.007737607058206162	0.0005326979324142853
-0.002363070069530997	-0.0004820790979099502	-0.008815898973694402	0.007332983374724787
-0.004408565903830095	-0.006139533038345939	-0.008610298891020447	0.01040782420972897
-0.004368822589697118	-0.01021085665447938	-0.00350077079795059	0.007642368443197745
-0.0002306142246324312	0.006287590030284522	-0.002373445194882279	-0.0007314486845047747
0.003629117660549757	0.01076249376835381	-0.003036477186980719	0.0004822662319165818
0.01004214812240807	0.002969420998943395	0.002220594468157921	-0.001386172443282081
0.005321218763700856	-0.003930590796564076	0.003989146683352534	-0.002867369134904225
0.004862616690065547	0.001621824982105142	-0.003029211833049148	-0.005801621293477362
0.002635188734263011	-0.001084348823653961	-0.003484553024654511	-0.005734555199867899
0.004440895778883881	0.001176440638038727	0.001503199237824002	0.003743623456291484
0.002115031120615749	-0.002536061564038556	0.0005649813047735759	0.004045230355359377
0.00688719294328885	-0.001820472092865489	0.002179298723389123	0.003566647165687884
0.003028736411347488	-0.005405619453803943	0.00889357122250654	0.0002472558123000936
-0.01737369570875533	-0.01023692433972996	0.003320014347140882	1.152822912600025e-05
-0.03446536470182206	-0.013589370556437	-0.0004283841412899277	-0.006867448322393989
-0.01971145032448817	-0.01227630850217545	-0.003941513108690668	-0.001434242145561974
-0.004011454791456055	-0.00950131529127708	-0.005663563902001382	0.0002674911151750507
-0.01368325853801619	-0.007622564913736621	-0.002685419413171916	-0.001655972042923168
-0.02058050375321983	-0.004673285659111434	-0.006669188058677545	-0.00347699836369078
-0.00703827626848067	-0.005185321466951799	-0.004662288587310113	-0.007051512539852167
-0.003338753028550427	-0.003129894704018691	-0.0004946712602271379	-0.003320613041198541
-0.004619996145241653	-0.001368748906882095	0.0134142768078999	0.004640796168815743
0.007622195202769402	0.009906965027964783	0.007037230355807618	0.003557232917451681
0.02029564417999314	0.007916619900966357	0.003002319329604568	-0.001892461624754852
0.02085186991733315	0.01836853516970492	-0.001319109334496197	-0.007808415993888299
0.01690757059944899	0.01651463194158525	-0.0005170992458154432	-0.006631359943132844
0.01348721522750381	0.009642971474914405	0.006336250805066119	-0.00416288343429411
0.01031846781492025	0.01094654237267501	0.002223006269554026	-0.006145017373924319
-0.001646842003811307	0.01385517766417991	0.003233952071717661	-0.002255676322272647
-0.02190485671005525	0.009771991807421217	0.00595828464015093	0.00317843382760592
-0.03113745665347075	0.003559177969295929	0.002457612880262947	0.009276464003853029
-0.01824488936610319	-0.0004192073233304403	0.00192452422423498	0.02615019389860991
0.005550713463180553	-1.718114984394336e-05	-0.004087409451465531	0.007778426833437138
0.01262519156858303	0.001746431368634849	-0.01472486226418423	-0.005000135180476623
0.009823393288343625	0.003598813633584501	-0.01725947162359244	-0.004904000045904299
0.01101927776765111	0.00672427307480237	-0.007909386344662379	-0.005971955834368323
0.01418970430208499	0.007142550103011213	0.0007301031465605592	-0.007682227657345546
0.01778472931986737	0.01798509638950425	0.002408809447776454	0.00272461989985265
0.02410913707646478	0.01269040777734144	0.005364912096189226	0.00256962461878786
0.01181937084819558	0.01407432802853401	0.002009463759511726	-0.0008737694833085503
-0.01288493807108739	0.01978052113437763	0.004015458428539383	0.006530238445598448
0.005268449761175087	0.01364763173519397	0.003765296254811882	0.006388306201071464
0.01814859829904812	0.01201168895187875	0.003323897686067915	-0.001577557049207482
0.016861399431047	0.01217606713753426	0.006393295506099367	-0.005255314286959858
0.007889996505812714	0.004546005665951377	0.004724674956768255	-0.007171787999147393
0.008806099539962319	-0.001244167030720935	0.003872850677523937	-0.01818594536588367
0.01883438726820268	-0.007853177949545539	0.006130534463926838	-0.01899111346093416
0.02021973861335888	-0.009383657285326962	0.002140586821802809	-0.01574077276091084
0.01402753636807704	-0.01111442673607002	-0.003363503368102194	-0.008273883398247779
0.01202459247399995	-0.01719450225858314	-0.00340597505576576	-0.007846200314687808
0.0127505276127795	-0.01646249837131198	-0.0010408745819352	-0.003105420252564814
0.01401027908713854	-0.007894032077116768	-0.0001381152661028641	-7.642853551474363e-05
0.01257875212002059	0.00358162710558947	0.002263669353867649	0.004485615006642009
0.007494557901191442	0.00203960244141394	0.0003558376121810846	0.009348483729109233
-0.01738346065541936	0.003111916559746753	0.002812822701401346	0.005288519753523653
-0.01763471576743947	0.005858614325215261	0.002709193075675926	0.004476417119371934
-0.01154394002459194	0.005099392868652733	0.005659070877865761	-0.00131770691989749
-0.005843191569104819	-0.001214722517375087	0.004373247397993245	0.008001435854560006
0.0009323100498457775	0.001607041924778082	0.01130357987440394	0.005007107910878625
0.006494740712182593	0.002394003366980136	0.008337546634809952	0.001818350722706415
-0.0001375447932759342	0.0006747503125089712	0.003907507097466931	0.0009829660127582483
-0.00140796944379102	0.0001714952108245819	-0.001363332007753693	-0.002300264654898228
-0.00801865055059826	-0.004398741736740954	0.00113443479122651	-3.112846616223572e-05
-0.009448982530730168	-0.006206144160222309	-0.006321099902140838	-0.001042662002187855
-0.0152301214513974	-0.01068552549102976	-0.008377396888173277	0.006383346173431975
-0.01666988980016793	-0.01348824046884415	-0.006279360835894266	0.004191869605288091
-0.0196705329688284	-0.01763256804881604	-0.001446448638782462	0.002446825875301201
-0.009767699374539987	-0.02356181555914234	-0.001423138592827343	0.001036988992247102
-0.008325149088543546	-0.01970300806750601	-0.004301860193538398	-0.0007398541592838412
-0.007641556434123259	-0.0180215482774485	0.0006775869421883585	-0.004679183357384395
-0.00137349506211237	-0.01338045687632604	-0.004230815776267199	0.0001225248746772795
-0.002220301200653472	-0.007861004838985955	-0.001013764687528617	-0.002310634590557127
0.001089184109294876	0.000256309336515602	-0.000219764675531812	-0.001845605451302207
0.001376899289061139	0.002542638397591457	0.004386033371471234	0.00434725106915876
-0.01030632266622274	0.001555779114408289	0.00385533203937935	0.002645852083170552
-0.006229432887666751	0.001371275743553168	0.000714876341154072	-0.003643774283293878
-0.005536870374679695	0.008408328845224834	0.001630523367495324	0.002268277333357541
0.0005513899085320919	0.006349177627848428	0.003324667914475263	0.001732182297641998
0.002134587801869378	0.003832848200040788	0.00666607818085927	0.004808182184108623
0.002672305505732956	-0.001869594210364541	-0.0007838938229615198	0.00711202736015903
-0.002950624820743234	-0.005850900662047155	0.002155953579070069	0.005462760120232277
-0.007725496450816007	-0.006979896802211583	-0.002384752060137821	0.005564955029789463
-0.01062569210501018	-0.01281505015828547	-0.002078110938040533	0.005908696099895306
-0.01061608813240062	-0.0115632927346086	-0.001578585423147142	0.009463066932708625
0.005194397878268947	0.002939116237357725	-0.004881708731904046	0.0005067231128566961
0.0065533841634791	0.000857369603196717	-0.005670963672274339	0.001721796923055521
0.007091035278846513	0.001429075776450485	-0.003795331417001313	0.004170017317871587
0.007472500527746638	0.01069438858040469	-0.0025322208259363	-0.008502868641197536
0.007860349007994349	0.008278433591601768	-0.01015186634580264	0.0003142332750856494
0.00948436929140411	0.00481721056696425	-0.009019863664003015	0.0203912962557879
0.008087075562962627	-0.001158689135321603	-0.006776647024363412	0.001161844028186395
-0.002135603511334588	0.0004804121691670717	-0.002769127233709823	-0.007812722248363758
-0.004857778811869089	0.0005147774738492706	0.002020851333872769	-0.003601642074818695
-0.01336055602597077	0.00528511909024622	-0.001233132606781863	-0.005283283586359246
-0.03316886834084301	0.003493215739382592	0.003185371328152217	0.006146274199746781
0.001095616313575366	0.0005250134190236346	0.007599933788670934	0.007803858364598435
0.001780141798280727	0.003289110849392582	0.007930111255901127	0.01037823872205377
-0.0007290924717468401	0.008399943928819981	0.009111673840458141	0.009368182008943203
-0.0007452445789851057	0.001075864934604449	0.003830533421219954	0.008646169473758212
-0.0010393977720191	0.0005865848391297051	0.002976205235882112	0.003609635077458131
-0.0007091368761674144	-0.0007698351022165197	-0.001032615093959733	-0.00263487189885384
-0.01403494129281438	-5.553160221578627e-05	0.005337330562187074	-0.005689072262901089
-0.0059695417029986	0.01108278906956814	-0.001375251070283902	-0.007746100545730128
0.004351651678152543	0.01165709431555415	-0.002549362519127259	-0.02633745841436358
0.007398865048886399	0.01712836348101919	-0.007641109879619304	-0.02837427087398228
0.01355161458274089	0.01692317390525699	-0.008714793113200288	-0.01494742992675175
0.01720652370403222	0.01230322384895276	-0.002486829724826063	-0.002393335019951199
0.01267278514924164	0.01255223173418928	-0.007169440916156042	-0.00724822083460536
0.0006847994939192847	0.003918076946625042	0.0005197494550949666	-0.008389316847172784
-0.01609664897761287	-0.001476461787333458	0.001322452107718489	-0.001636086224701517
-0.002311060127799247	-0.003123077944486213	0.003469576697294995	-0.008178681846575962
-0.004329811362928427	-0.005159428665854263	0.003428013975546737	-0.00565775483575956
-0.005311269140553543	-0.008807434079435114	0.003571124009092845	-0.002865443138175504
-0.01548198160034167	-0.01243770520981176	0.004612859943420927	-0.00507658811211813
-0.01746778084899457	-0.01369050582021943	0.00313979677552654	-0.0036884528329838
-0.00711388010430119	-0.00711796123123982	0.00147244647414271	-0.001170398757825505
0.003945804106054199	-0.007218995021089954	0.00237918353528776	0.00171909860965051
0.007049071484419842	-0.01033986381909451	-0.004859764696931101	0.0009120714433131368
0.01411455221873334	-0.01082171830500888	-0.005765316347843376	0.00138581876167889
0.01300260669738143	-0.009300184261729114	-0.001843365076394729	0.004278830541321104
0.01898918969131474	-0.006022354254746749	-0.007090307254811364	0.009697240494524211
0.01296193449210064	-0.003583731035135853	-0.005144613771165647	0.001110553248725818
0.008644716592957824	-0.003584697286421863	-0.008025308094617777	0.004555893886931069
0.01251180490544633	-0.001214112266457112	-0.003938454636762784	0.002959469378016686
0.003966165892502411	-0.007002921340951959	-0.001686381425090964	-0.0006641872689042026
-0.0303181054158581	-0.002614302326766797	-0.003659057616065617	0.002817685651764968
-0.02471988599791991	-0.00323118286574328	-0.0005293756787220901	0.001220911470972536
-0.01766244272440229	-0.003190747600990415	0.004582381883188966	0.004081397225719958
-0.01055964461965293	-0.003202645547964723	0.003448560986277925	0.003537806576525397
-0.0033312335811993	0.001261592135574588	0.005122961680190577	0.005346417988884105
0.001444264395239872	0.007253150680992311	0.003204812995716889	0.005977789956606345
0.003341394434390402	0.006520168199632356	0.001176321599672065	0.01027598225992821
0.001273457182128545	-0.002296117052061635	0.001062401750131008	0.005499765531724933
0.001551763555291184	0.0004817159107849927	0.005834648749916132	0.0007816746212704439
0.006003522287233837	-0.001169402149502799	-0.003963880567173046	-0.004913507855568372
0.009724879879174659	0.002973020506332979	-0.0009043234382020598	-0.006482388696985
0.01022018168640237	0.01098650546631921	0.003557209764053928	-0.002776591737575353
0.00745165793572652	0.008839391139772581	0.000715419341057002	-0.001412946119206226
0.01136831845879712	0.007452506898267041	0.002145830455736173	0.0006645142122797977
0.01746499626372704	0.01387661121487243	0.0009958288073805255	0.002267456796342767
0.01615908992213448	0.01207190702209626	0.004275517529723827	0.01157971040119081
0.01435168864236598	0.01125797702998375	0.003223361107241777	0.004797750940796734
0.01387157787170518	-0.0003496948698745806	-0.001759683563966071	-0.005734912150353908
0.008425587149940787	-0.0005784273176658262	0.0004883056957497205	0.000374219956116126
0.007817024038419964	-0.00276481670330334	0.0005649420757599086	0.006507402998119314
0.006622539929889319	-0.002270103532508463	-0.0002237285596705182	-0.002774452778925949
-0.003342431024538389	-0.009503970100586028	0.0008334547794418254	-0.007855670958002096
-0.01083399494522437	-0.00863203987281775	-0.00040794473558328	-0.003908728733013941
-0.0111280619025674	-0.005038726678742469	0.007180578055419246	0.002869477050230928
-0.007718277685325373	0.009962213709726291	0.006694128414750852	0.003719647693003116
-0.005061703435312849	0.0250541398154529	0.006685735413717479	0.01888889023991569
-0.005774325874468996	0.01383161105102451	0.004874106824283411	0.01266049868838437
-0.003571363374679284	-0.000716153193769755	-0.00149134169668405	0.00147376964724817
0.0005275815619623646	0.00317229411020638	0.001572976772247893	0.002313762562963046
0.006336659263997258	-0.0003763945942894122	-0.00184916591722074	0.005762388010812167
0.009366586429644368	-0.001890117660210799	-0.0002829071794643253	0.001623003215416963
0.01570987735180661	-0.0008880032236128347	-0.01007479074540801	0.002173046730578576
0.01465084196337997	-0.006007365907403421	-0.01453378395699416	-0.003618799468332436
0.008699413709016449	0.0007441218900869023	-0.007080389030242408	-0.008352791488757862
0.006933165618234274	0.005914139331842167	-0.003239756610676082	-0.01002520223253773
0.004347370264347995	0.003475575374645577	0.001069236980014224	-0.01159313876640863
-0.00771206766960154	0.003614335203625779	-0.0003953452745419215	-0.008981873508439103
-0.005983411398641486	0.00207759868985743	0.005216495670156742	-0.007208862130511139
0.0006896616150422796	0.001476716700479432	0.008140413295651508	-0.001841832836128535
-0.01058236537566807	0.001917273084472687	0.008424482037975274	-0.004413177353464711
-0.03133112487216733	0.00229307665286946	0.005409208355731354	-0.002490246502188449
-0.02756299309896608	0.000816329019270288	0.005316354101913733	-0.005420210410409802
-0.01233924390997664	-0.0007825055796689046	0.0001600163154283831	0.003128000183513985
-0.005808800043732988	-0.006540590541280785	-0.000148606523549917	0.007262212958668972
0.003029411956862052	-0.003645993551607043	-0.003067862611813721	0.004475307422566762
0.002436068050441924	-0.001766003575435583	-0.003646376748531729	0.007789312504333551
-0.000570214688216542	-0.01222417327248536	-0.004367222544386584	0.003940337089250353
-0.004477646178612108	-0.0100030384789525	-0.003994655660497182	-3.57705963617308e-05
-0.005457748302755192	-0.01181617864602043	-0.00334150850402644	0.002411383529370009
-0.002396134385988429	-0.007389691707801569	-0.0008641288801797648	-0.01236952999016115
0.006905261012274473	-0.008976083704838241	-0.0008597103095813617	-0.0186479887891326
0.002649167143213089	-0.007728278214874599	-0.0001230224867111709	-0.01000521490741556
-0.001890807388709421	-0.006821691762373622	0.0008655178532951482	0.003389433565989441
0.00266469307904149	0.002556758791910052	0.003368387181726428	0.0002809264062789302
0.004439400961800518	0.001540199616951148	0.004172234513607723	-0.001593568903634799
0.005620745379739327	-0.001238094626837329	0.0002015828473906471	-0.002059047189242936
0.003777781612927887	-0.001248390738585409	-0.003546452614008302	-0.002912576526214059
-0.0008147316696954906	-0.001203683294188195	-0.006888316162275708	-0.002057042157192388
0.0003213819687676106	-0.0006468658578819408	-0.0002997614263411501	0.0009223889525511878
0.002783621440719017	-0.003598579613664647	-0.0006488157856408135	-0.0007962700832178271
0.0007522970409496425	0.0005089803813492257	0.0001305096219448989	0.0001905172622568518
-0.0117221008916601	0.003752483621339995	0.001578404882356936	0.007537819569696288
-0.007857304199233497	-0.000166653706014921	-0.0002101559970751455	0.004140595652171068
-0.00368970407805088	0.002049370288372749	-0.00227757194866526	0.009251367494323344
0.0006472439455000018	0.001091218647966655	-0.005923365876815741	0.00782175062937196
-0.009699997181699751	-0.0004713581730826856	-0.005556003161706472	0.00591373002182723
-0.00211500139903971	-0.0009317181026096975	-0.002332123036521247	0.003942759438047321
-0.004556769484986413	0.005616701828595613	-0.0006346192232013095	0.002646978998652991
-0.005069435657783818	-0.001781046418638299	-0.0004667186657362846	0.003064869660346908
-0.00867019027134132	-0.007570551989352547	0.001042303601070358	0.002625795757102293
-0.008132117970755585	-0.01875117358643324	0.003580017082363351	0.001615031216054046
-0.00257665577511659	-0.01687474857721422	0.003194049669160631	0.002318920068861152
-0.008743248108926056	-0.02258899061689998	0.004915981561772411	0.002272507589048505
-0.00879654101931408	-0.01801670148642813	0.001508514348254129	-0.0005965634705160155
-0.008624842758960105	-0.01306849993657034	0.001363464774319671	-0.002351472530134294
0.000612801467735462	-0.01084513603928607	0.002571954720853208	-0.003220050014980899
-0.003324745586755903	-0.0008019622771174929	0.002535808041337984	-0.004491365704943301
-0.000651689880487351	0.008413211989163996	0.002250585445331591	-0.0001168494614062675
0.003084329375630579	0.01267416536755652	-0.0003290292835363961	-0.004378492382381086
0.01104805852678614	0.01600873572618402	-0.006001117872167995	-0.001621110934486028
-0.01023410642200802	0.017139234880887	-0.003615833101836416	-0.0006660873831800767
-0.01177832589085324	0.01796021283303109	-0.002711962245560284	0.001278095327366464
0.004982549805291233	0.01642532000665529	-0.001886012544067259	0.004143335768943344
0.0084966600104381	0.0158353194840592	-0.001517902629767008	0.003715032688531433
0.01254002707137503	0.01209738038422126	0.001554960702585281	-0.001531786883302137
0.009123702977901573	0.005604618865092512	0.0007632938588743353	0.0006948896005704035
0.006644807373133315	0.001974305164073753	0.001082235112180597	-0.001346407509250507
0.007698770468176274	0.002334580883255951	-0.000177352201246507	0.004154478396988858
0.001043062784525383	-0.002786247090772125	0.0005816444863916032	0.001378938272308829
-0.002788520520637543	-0.004526874060565444	0.003250744962828702	-0.002077750904047418
-0.003535722106966947	-0.005158964157659404	0.003749767621888962	-0.003770045737436752
0.003560556658171365	-0.001184312758821641	-0.001095012472241531	0.0001324137670958858
0.01040339701168758	0.0007039496861366475	-0.000897070556797895	-0.005837660470979158
0.01612515323680234	-0.005829822464773845	-0.003130669054782672	-0.005610738008068081
0.01047209573805413	-0.0069890512026343	-0.006728165465955031	-0.005713323778207362
0.01024663315560556	-0.00887326013445611	-0.00319532454899422	-0.001642228148954835
0.006802008935732513	-0.0007294940381091683	0.0004575305921130942	0.01803693900538694
0.01051907918499374	0.01234077368057722	-0.003431140065974188	0.01062923050839077
0.01508574918753803	0.01344162641417058	-0.007863993255437893	0.001161337512370023
0.01645766143722112	0.01270258422250321	-0.004542906406974704	0.003775940538561316
0.01734331002188376	0.01556658464321383	0.002111329285766904	0.00137048124063262
-0.008437033909995076	0.0172028146506871	-0.0002991093174322137	-0.007358891826385939
0.001860386649459725	0.01884233852541805	0.003566898072403436	-0.00356229232570436
0.01354987320862664	0.0123105075937867	0.0004799804454176302	-0.006256718634783127
0.01573283962212016	0.01051353536401446	0.003751909199829494	-0.007333211032953897
0.005551833296427473	0.002718196982997107	0.0030122847169064	-0.001035357512511457
0.003597532391372556	0.003192767783762239	0.00703853547114168	-0.0004650984965738662
-0.001670756831063274	-0.003241925918559998	0.009218641041931626	-0.0008104358324074953
-0.01063781637314797	-0.001359215753959985	0.00598114311054745	-0.001718973380083258
-0.02512702130974812	-0.006188504475352223	-0.0002380459223992435	-0.003254380348019603
-0.01734070214837022	-0.01057388794619087	-0.002734194458647332	-0.001331288148169662
-0.009994489544364899	-0.004157106334455205	0.0006420152979834299	-0.003893513939330934
-0.002406089170192014	-0.006066010896008999	-0.002750778759042971	-0.008305714798306895
-0.006378156331280818	-0.00251858777805344	-0.00204939039498985	-0.008369605845790952
-0.004961514829792318	0.002083739783220237	-0.006284763422119428	-0.008573583444046226
-0.006650613379150903	-0.002178164647964239	-0.003308867260588494	0.001714999242938847
-0.0138482701451901	-0.004394736710181144	-0.004562757417228304	0.004526162838905561
-0.01246261959152303	-0.003524061052162997	-0.002110722996763879	-0.00175074926586258
-0.01342781751111179	-0.002169827018537286	-0.002720622533071809	4.62651776594222e-05
-0.007155331851344568	0.005650130106708319	0.004943673680436492	0.008971318042644914
-0.005616919774766365	0.004827706801009659	0.01203262653378821	0.004347536706370819
0.001194742532412561	0.001428132727383885	0.009990884831277438	0.00402315793491069
-8.337239868905244e-05	0.0009486290238410269	0.01023628185958901	-0.002558868248082239
0.006295543693156635	-0.005507095151053626	0.007575429309200342	-0.01405281125824859
0.005770891685123418	-0.01196543794222537	0.004501581146818174	-0.01597926074979516
0.01140206987886924	-0.008970510314082849	0.002349121626519216	-0.005568980912263523
-0.00153211977829828	-0.01263547210607727	-0.002183063999896781	-0.0003411720958846173
0.004441972968602689	-0.00732259675921881	-0.001796717068454572	0.001300383999381702
0.008591529296284027	0.007644820493974176	-0.00937245313831276	0.003456357756301784
0.01173910202152785	0.009209072950923025	-0.003016310173541248	0.008540092544522704
0.007723170758336003	0.009081697735113397	-0.001191255199848952	0.003471737553730226
0.003521882059824487	0.008291062525822705	-0.003602326359843264	0.003061662431137763
-0.001438612342868235	0.01165059214521216	-0.001375256131865314	0.006660890227898823
0.003408710637985982	0.005310100039661365	0.001825780546996014	0.007900597479270476
0.006170608605960512	0.004365963764217067	-0.000870583917774947	0.006478944199330557
0.007608774495126946	0.002066335839034783	-0.00539009638467146	0.01625475033991857
0.002423090604368142	-0.001671331051168106	0.001736795083406876	0.02085927608904478
0.002088197032907307	-0.008941720585620146	0.005306295716063889	0.007520560203925977
-0.004993904684490056	-0.01541046661005555	0.002341518486513672	0.00126523406824285
0.001189239105905762	-0.01748426408871641	0.00339777586385452	0.003380474726383944
-0.001419097604457995	-0.0155924712916768	0.003959507332996894	0.004901001372505995
0.003643965201332952	-0.01641069613963443	0.003407611199343272	0.004290545556101061
0.00859186490656279	-0.01227028685753537	0.0011820992149707	0.000639276830872135
0.00957716531227471	-0.01240426990569256	0.0004004198966239239	-0.001200406794289957
0.006688153370493194	-0.01083179545878015	-0.008140318795900431	0.0010182938907783
0.006906655866365428	-0.01725457420226353	-0.002886002276306961	-0.001422373148642596
-0.00313740861291735	-0.02211308197357566	-0.007386154456277745	-0.0004035288162679584
-0.002013641000444023	-0.01503727982375432	-0.006105847558103592	-9.107044965628666e-05
-0.007121754399665794	-0.007568223544680125	-0.003602087524308601	-0.002859410768887585
-0.00731327107239005	-0.006871848685897119	-0.004969048017544465	-0.003529879899571381
-0.02316536659800526	-0.006174523523801123	-0.001069059298414901	-0.0015513305040932
-0.03984044682988434	-0.008304519660301301	-0.002023508932618148	-0.005758124445699708
-0.01612415274207395	0.0008941647181767098	0.0003834885588762178	-0.009366058204341554
-0.008645025692910762	0.01779963579260677	-0.0002900838767379352	-0.009724669091033878
-0.002553330233232253	0.02918307559915018	0.005051648426821256	0.006760044405963275
-0.002034920320073103	0.02669234581567072	-0.00756876218346126	0.005475130466961191
-0.0001996342561411281	0.009753904726116976	-0.006092157729608485	0.002834151574221551
0.00196726791768849	0.01289559566184259	-0.003599380509489494	0.01364641123359089
-0.004269446156433702	0.009032125315160226	-0.001289246340696327	0.005972381750517531
-0.003482701762127748	0.01048764279845991	0.00248372515423587	-0.002260347678872686
-0.004229355514772042	0.008041534470652164	0.002522880674652819	-0.0002191560897665743
-0.007572495416294621	0.003352570071855099	0.005680200580058256	-0.01092580116064534
-0.0002963066018892914	0.0002363213525465188	0.004815515157285155	-0.02428458316560935
0.004887519808294593	0.0007192413000091584	0.00423876229971838	-0.01824549731025965
0.004526042026874701	-0.0002881653181653829	0.00130217317110266	-0.01590677785093011
0.006463015245874642	-0.001813349735439734	0.0002031259517145827	-0.01264627087461479
0.004451045251729255	-0.004560676669996623	-0.003380552322787041	-0.01154261410864494
0.01340370127716279	-0.0002950255579311814	0.001957988429534878	-0.004931501144851305
0.01411972168601048	0.007799168841407099	-0.001962672006049319	-0.001770432779001917
-0.00386193681589386	-3.078244198025489e-06	-0.00505868338891258	0.003026300738871059
0.003231494150021407	-0.0001708101533040255	-0.001396825991833888	-0.0001652881820578007
0.01499665584298008	0.002824035371611946	-0.0002250880279173686	0.002627015580786559
0.01205397250218243	-0.002477975460090662	-0.007262674598988278	-0.002995411285095117
0.01583580617627755	-0.006649244171418061	-0.005679711137825044	-0.001443268475972564
0.01108628854073622	-0.0147183531990591	-0.0001403783725236308	0.002558886567665624
0.007444347367432713	-0.01977947278972933	0.003413865840409755	0.0005797316964832034
0.002942943479761669	-0.01182242799165707	0.001549743849570449	0.00200131488526681
-0.000190691513504905	-0.00570896309827436	0.006446883695106351	0.008154564595085923
-0.01643548784513812	-0.005715804047722183	0.007271588149656486	0.003218955483407639
-0.03162582182023672	-0.00858722931256151	0.0009713992734798891	0.002898333397966434
-0.02958075796965392	-0.008936022516195997	-0.0002560882148295298	0.001803361951201713
-0.04572276020795664	-0.01117104073542438	0.001508411391939837	0.002122906518534257
-0.03161754452801624	-0.006218337713316953	-0.002157502986652064	0.003354682805058758
-0.01553045264215154	0.003962408343524191	-0.002543537256407618	0.001230143154150438
-0.001459701248644492	0.01328107782436974	-0.004100444848530361	0.002864279089933155
-0.001550068379658419	0.01519088576552307	-0.001890588275915102	0.004681349324209079
-0.01080532492566162	0.01804806912192628	0.001418925567690799	0.0007910827967716858
-0.01045628617012309	0.02222748086177192	-0.0003736250877676888	0.002268802614909255
-0.00137266086163774	0.0193334829959928	0.004365412558961376	0.00114317400645833
0.008770688063968168	0.0212457036260877	0.002714008828840348	-0.001303955691101177
0.01822276816884768	0.01400752321045592	0.0001231264821051195	0.001659732944483357
0.01203272864646427	0.00111441609166758	0.001850605574780102	0.002843600572954243
0.01139853470875246	0.003048268850749646	0.008610085363677109	0.0009380699919778923
0.02129087667354847	0.001163955052551617	0.006393848504205069	0.003147272258103904
0.02661434562942725	-0.002925975651717112	0.002355425629805626	-0.001270144772702376
0.02795062365838854	-0.008094194737260203	0.002520024195068503	-0.001313349500800867
0.02182003192372172	-0.007162724329652374	0.002582404838329305	0.0004786617859479568
0.01781487921261395	-0.004439257417606182	0.0009863085524531964	0.00163968402892129
0.01465016595995516	0.004275834720330857	-0.001959132230377153	-0.0008636967440714292
0.01800098518510067	0.005917030560578065	-0.001425835810193039	0.002652082732163722
0.01515413944760184	0.01192004786852211	0.001445467208059051	0.005865665030809337
-0.01477420629592623	0.00516115189091789	0.001880559928732506	0.01166210715438757
-0.02620438578083497	0.002629453066247967	-0.0009073371328546325	0.001016738489906172
-0.01813549486716001	0.002112484311164944	-0.003227977861930055	-0.00113285325891893
-0.01478383468728615	0.003477759025292987	-0.009167919704271431	-0.004207604736183824
-0.008352025104078054	0.001435355272724959	-0.004044366145521122	-0.002943597945741319
-0.007485620539155065	0.00468204251140402	-0.0003322801996711096	0.009501411942905059
-0.002799882897697603	2.190149280126242e-06	-0.001072249941556917	0.006437391356769438
-0.00464634597363204	-0.005069725316896007	0.001234957832488828	0.01686911228317406
-0.001214695925515412	-0.009230054525192344	0.005405487330731372	0.01125355274323934
0.008239226969451351	-0.004149845497151205	-0.005173580472152033	-0.00813330987621232
0.01247793502950356	-0.003460279814523945	6.681338219949469e-06	-0.01316750807044463
0.008029463314832199	-0.002932571965265085	0.007521884551233542	-0.007050855556430887
0.005373798242514233	0.00448864987919136	-0.002734646285219642	-0.007025454855804696
0.0002966250790340153	0.005386192965431703	-0.001783865189952024	0.0003631395863991893
0.001857696595085233	0.003543261733002082	0.002563784826909896	-0.003232282726621832
0.007022290417761399	-0.0008852653006152418	0.003123814979191653	-0.002380046372307337
0.01190319086461979	-0.001402670704594849	-0.001437709968515375	-0.005602847373445547
0.01513691181226003	0.0004342083066886378	-0.006773953508966755	-0.001921023992040901
0.008347104339992488	-0.001495721543961559	-0.004618538555753722	0.001104419602659605
0.004406992472916699	-0.007507251842390383	0.002613921600802479	-0.003053853087949037
0.006797745862121345	-0.008999399566484613	0.00770772265554261	-0.002107284690138561
0.004163889658451238	-0.008643299738039749	0.001415932907834685	0.007601997008176393
0.006060195899251047	-0.004134751332781271	0.001793923269523452	0.01286875479886536
0.000533662372359818	-0.006433280595451336	0.0002146592194020126	0.002876089048443524
-0.01613291882789625	-0.001163225661189348	-0.003871602059468326	0.0003473461224669996
-0.02376985914228728	-0.003853614854349816	-0.00191622672699502	0.002024220089901589
-0.01163238490396895	-0.002113687078315755	-0.002005221341425084	-0.002653710027281928
-0.005276594059583109	0.00321823578228864	-0.008396460723326024	-0.001375728739930011
-0.004625107845909064	0.005699105032840034	-0.004665809174209085	-0.003524781332557756
-0.004185633220724619	0.00769859766745383	-0.0005639961428564411	-0.01474906835715101
-0.0007684024386783567	0.01162327663701815	-0.004118398193605249	-0.01505343585643021
0.002295064171630695	0.004725219285719665	-0.001993315010858455	-0.00842102811567058
0.002111685064307086	0.003005735759223831	-0.0007601958304056554	0.004555573133635075
-0.002087694858267035	-0.0006362329777244728	0.002940210412032718	0.00274492586193233
0.001081176836985939	-0.001066643302397845	0.002853696919836205	0.003449236204429827
-0.0008888245982932352	-0.005683251523888383	0.005514415873480694	-0.0007078588793237521
-0.003140456428404653	-0.007935251530485707	-0.00017612927700526	-0.000309381624847118
0.0008273718588644224	-0.007452324518385141	0.002447656457290988	-0.00210247791384859
0.003969027670683923	-0.00395990376431904	0.003138401331351284	-0.001896244375282406
0.0005623142480304009	-0.003521526367873862	0.004895180341876373	-0.000253679944206531
0.00278632288901997	-0.005319821020508688	0.003779193846416351	-0.002666405144869208
0.0008801050367435563	-0.004930968848573663	0.001654123170562072	-0.003166265369566486
-0.004399117948614806	-0.003386868303868597	0.00161068385015701	-0.002124481330311574
-0.004855675220102934	-0.00537295627964365	-0.004548683471126178	0.0021259779657747
0.0006795568884942697	-0.0006364722474152671	-0.002129278384373132	0.006753823101896089
-0.002112949877603869	0.0002763456613498665	-0.003530956013113723	0.006870435905299674
0.0001147647235629271	-0.001076546909861122	-0.005620549303015802	0.007645153773332269
0.0008700195808189807	0.0007480461940621377	-0.004150325692308715	0.005375295704827784
0.006795461483564977	0.003630782219083946	-0.005604422965766449	0.002561841478800198
0.01336695837616373	0.001040960613868132	-0.002935062047669723	0.005364482901853277
0.02062695889799526	0.002741179900617802	-0.001431376154009984	0.001647338886109884
0.01544865647510242	0.001932757696926764	0.002374263105818447	0.0002521675162637157
0.02218340384201184	0.001414753870729356	0.004590109865785089	-0.001223569573508128
0.01766868696690054	-0.008930179132413198	0.008073355937284114	-0.004863184668984246
0.01394734235555102	-0.01568042912591758	0.01073624745598871	0.006187262801095516
0.002822026255432096	-0.02335641924065466	0.007158165781022583	0.01670079968645771
-0.0254337638392503	-0.01833115580718418	0.00164264476925568	0.01166539648903478
-0.04196318922858348	-0.01531267929926856	-9.241296770418528e-05	0.0001048728274285484
-0.02957811808479406	-0.01254906576111781	-0.008658885276444678	-0.002576276967215255
-0.006023209070467897	-0.0110201581410801	-0.005669717579874584	0.0001818000027786756
-0.01891835152912663	-0.009884277669927827	-0.004657859214759125	0.004075669106501282
-0.02756908452401869	0.01543337664835789	-0.004054756800392901	0.001185711703646164
-0.0195821688483499	0.04249444665762778	-0.00175788630870092	0.007259083035336568
-0.02030660394432049	0.03214627365430004	-0.0001982366235377786	0.0004274373543702675
-0.008672895597968737	0.02471188388526894	-0.002197491319332823	-0.005999578109461947
0.007370259128346953	0.02273360131060299	-0.004169847474540614	-0.01131316724240316
0.008768754736817607	0.01885327098128184	0.0002597392817631937	-0.005631440532556764
0.02002580182965601	0.01107469098245781	0.004170253656033439	0.001676097161234461
0.01794065415575296	0.005825068431248292	0.006432757983884986	0.00372106214060463
0.01081747940530872	0.004044411668525563	0.002090648740417699	0.002859398788186922
0.007430817143780297	0.001307109543010734	0.007955752864102331	0.01449163448281817
0.008207236008446115	-0.002953921477161728	0.002079096664220754	-0.01231847604975385
-0.01618642316392726	-0.01421365620118063	0.001175861416874831	-0.01805292077454556
-0.0201738679930284	-0.01097539675462518	-0.0004128588880718017	-0.008664538147895973
-0.03668119939904056	-0.01242265903512347	-7.373295030737684e-05	-0.009866813182430897
-0.05888923224853997	-0.01272912349450258	0.003907926787684452	-0.01218835574517529
-0.03629387243684666	-0.006764467398361388	-0.003656091189970766	-0.01006052368554476
-0.01301517326307935	-0.00542807403031532	0.001574408451157189	-0.009326051247441763
0.00462155117629916	-0.002172074243719268	0.0002797619617985395	-0.005136851832066784
0.01357750310038043	0.004563613859717979	0.0004713456784723216	0.002402537502467364
0.01062198607937027	0.007754117780387086	0.003167222529373802	0.004009940691251854
0.0172050402875301	0.008174274625705517	0.001982498640897537	0.001744218368552422
0.02246927530023572	0.003086749278554152	-0.002916309030918276	0.002429260919746101
0.01648826009397582	0.003993306597490956	0.001715554522548366	0.00719766788066026
0.01847852371611352	0.001628736631150211	-0.002770388906981587	0.004723365011378692
0.02316249047613486	0.002060979779828607	-0.004532438225217285	0.008195188759239271
0.01613061397109483	-0.001877582243743394	-0.001765953416312073	0.002272986072195256
0.0100811334235657	0.0006472231198045781	0.004294467043284453	0.005405558614660045
0.0088324590397651	-0.003184447741127984	0.002796945620527016	0.004608867970265091
0.00798455417737357	-0.01002661758304075	0.003065561959615807	0.0002780919619726527
0.01192289116768819	-0.008618381372266438	0.002342061143143838	0.006771631641731035
0.009753190249078333	-0.006560455936917993	-0.002134885141905159	-0.0109262026552592
0.01695026127052127	-0.00645717539740927	-0.007549720537124506	-0.02467964732683205
0.01754749881108529	-0.003060525960868588	-0.00531638738703331	-0.01945197886116573
0.01185560422440751	-0.004179634394626568	-0.0006556621013216543	-0.009086212071984444
0.009659374692496408	-0.001754165137198864	-0.003469864915538402	-0.005823831886179477
0.01691973674436824	0.007660884223618001	-0.003641378019430905	-0.004837521051049433
0.00116514528024352	-0.0008294012631052516	-0.005726789024992073	0.001434489379849837
-0.02327424937263833	-0.00880775214521929	-0.005418353154971274	-0.0005353502964738023
-0.01899721046881047	-0.0006076806076386	-0.001454596303788957	0.0002014729086153279
-0.01734257455296051	0.0006466944968854132	-0.0006795389678071487	-0.001570623398377041
-0.008026410673742185	0.0005881264034905749	0.0002168129094535134	-0.001010492359022507
-0.004730589199800385	-0.0001930518323752398	0.004130645850091009	0.001042357400180536
0.001190732181734235	0.002083718914460301	0.000973065928652887	-0.0002036612096027495
0.001666769940033161	0.003746199932964638	0.0005640035952310912	-0.003176300232817059
-0.001551609723074771	0.003251698263863781	0.00422488558105906	-0.004238421359976126
0.001484525992445336	-0.0007057108486985268	0.001991653513796867	-0.0007730715118764173
-0.003580898060792103	-0.006420828606173723	0.002510431073434918	0.005472521597914811
-0.003260805666097127	-0.002906637727500686	0.003267353210220777	0.005359344851513373
-0.01042756826466555	0.0008894872249588105	-0.0007575592169092072	0.007218718709394943
-0.00705576819561264	-0.000939365920362748	-0.0001246929478439556	0.004902395921533069
0.0001217860921542506	-0.002841256084393127	0.001492532979462757	0.004213502272531553
0.003162610224153304	0.002047305523343647	-0.00357879893149855	0.007036296606335089
0.006290062536586268	0.004193822419279571	-0.00693111469429421	0.005682988508394868
0.009512451723241727	0.008192016735037755	-0.001506367923175277	0.0002304265222134946
0.01006533067215179	0.006728021579903643	-0.002853114337450609	0.004076807475649688
0.01625069196527693	0.01059500298403653	0.0003589653048361006	0.004692421994027259
0.01286779594806441	0.01436836654296351	-0.003778603050287814	0.009254412590886349
0.002272294146658442	0.01042847030830646	0.002154498152913115	0.002721482857126658
0.001835729128822144	0.004140807430674175	0.001420854166782037	0.002534940766802843
0.005367410378289101	0.001593647308564645	0.007895417260831577	0.002816506430488824
0.007667183152750836	0.002567316774932497	0.004701113980670172	0.009256518330773195
0.006016133072366893	0.002745716621191949	0.008018811045021498	0.01317824655545194
-0.01809573071955041	-0.0009607408497055433	0.003745037926042288	0.009000948297782731
-0.02238977512155381	-0.001645783077298179	0.002442213478716609	0.003342648612799058
-0.009465872478576273	-0.004380867151114368	-0.0005423426666559835	-0.0009492866674654845
-0.003701794503508456	-0.002751793126765422	-0.006671185018909002	0.002045619056503026
-0.00806605042746973	0.001034503865581229	-0.004533191167061686	0.002649703605656222
-0.01084782323561175	-0.001243935989212606	-0.006564806908890939	0.004364669880656314
-0.007681844795412562	0.001939063906587836	-0.004888064005377278	0.003087257787948216
-0.002991989527074961	-0.002951912402882266	-0.001505980364139819	0.004296870911649859
0.0006973580381189727	0.0007785165575840598	-0.003016106942100952	0.004577364858078632
-0.0007623867863846021	0.00622961260281232	-0.004725547373845037	-0.001211816237548134
7.470671842375174e-05	0.004957089750766878	0.003795351723707415	0.0006539941555769701
0.003655015296937146	0.008418372695160133	-0.00044839817492791	-0.001942858438476232
0.003641798405653772	0.006700160533746849	0.001702900227076781	-0.00364615879725724
0.002646609634987816	0.007418263451202424	0.00499285683356019	-0.008252878120539615
0.002013886525429587	0.001559944021442145	0.00402376417634201	-0.006330649608553194
0.004788496880668695	0.006577506631309322	0.004683133380446125	-0.006872052631089776
-0.002910908403483013	0.007541438627600382	0.007921491761481362	-0.00351409732987174
-0.0002218603677132296	0.005512659822048193	0.01172583475963346	-0.004677201869785237
0.007456149204933421	0.002009978250926018	0.006555320319556707	0.005114496482187631
0.01013435772887539	-0.003226029115255578	0.006435603708582005	0.01759122369093444
0.006590810017550443	-0.006246277975480466	-0.00139648211093925	0.001116073438051895
0.01040976581018607	-0.006859266552023596	-0.005588334884194723	-0.01109044440437051
0.0182681052929967	-0.001048486218857878	-0.00698443922705185	-0.001698688828428547
0.01874246876741244	0.0008253796807385199	-0.004411568022086383	0.006622070319798025
0.01344960891294569	0.001568622659482516	0.0003081326725207071	0.00538289839353822
0.008637002408711344	0.004541845046929041	-0.004663755082829734	-0.001046711717661836
-0.01130100804690195	0.006192872926559295	-0.007748053989548292	-0.0001479945465177504
-0.008133400738451384	0.00271311428535811	-0.005983463237026845	-0.003239895801974305
-0.003835275704484722	0.002069015545392393	-0.005087825766604461	0.002193737266709329
-0.009498804054169922	-0.0037990149712182	-0.006218113903470125	-0.003288839909817918
-0.01577989368249974	-0.01258656548423703	-0.001430942738034327	-0.00514649715285254
-0.03640044183829842	-0.02043189790699516	-0.001185249272560029	-0.009232208686777595
-0.0386458223369329	-0.02184133106867607	0.00244663518572369	-0.008360960660142797
-0.02666067026032458	-0.0350092732611391	0.003429201570898534	-0.01154315625749429
-0.04052522691854273	-0.03602442770192197	-0.0006582518682678476	-0.008239701577624228
-0.03634888207466767	-0.03763460613999523	-0.0007986075354020609	-0.00836000360415148
-0.023139899891623	-0.02942529908549862	4.923506369157426e-05	-0.00755947533280148
-0.0159447208748528	-0.02262286270420343	-0.0009194520206338033	-0.003304864488275432
-0.001562932907541923	-0.01112141309201867	0.004530995138509571	-0.0003607635810735324
-1.90626254422378e-05	-0.008539613178360198	-0.0001421888185453289	0.004826785353399881
0.003982027913975198	-0.01384838997245179	-0.001889035962800962	0.0001335903186743472
0.006250016810159945	-0.01129701805532304	-0.001822078134897503	0.0008658196636319412
0.01430713160241715	-0.007287250434097651	-0.0001381552812803076	0.001496469571060903
0.01393214099609617	-0.003951809086047166	0.003975893214171097	0.008064414430562069
0.007342996725773298	-0.004001784726216845	0.001130187455360504	0.007179081685962998
0.01148543936656013	0.002521112797972572	-0.00155213429029283	0.006790723480060048
0.01193648137304755	0.002587863449706179	0.002850132914405099	0.009189025146591366
0.01456535299852383	0.004240017438868844	0.004800155667121515	0.01542528555262638
0.008139190671672913	0.02090758866080756	0.00868585759925229	0.01130270179781844
0.01073251724541729	0.03478242548351339	0.006480325535503413	-0.008502595215698726
0.003549273029967084	0.02038310559320721	0.009763989026421544	-0.0001488553828638205
0.009921374072042334	0.01283139211017903	0.004933674827865521	-0.01312437535454023
0.01382868453396674	0.007165648210413357	-0.003238644196860216	-0.01793791898238251
0.01617874413353676	0.01509743192523352	-0.003119362773694916	-0.01310321959639278
0.01599895484668406	0.01186040196007128	-0.001726767090824533	-0.006853434179736087
0.01014178033948608	0.01154089976959112	-0.001131339262485105	-0.003299284355747639
0.01435656353189517	0.01331285560042448	-0.002240463923770753	-0.005811649553200101
0.01916221966775558	0.008534765185233877	-0.006460574946865671	-0.007721414756674688
0.016228952948741	0.003519791612206337	-0.006102798500968319	-0.006210368360817706
0.01025475182943392	0.005716417988404702	-0.0007280984932259214	-0.003625414256282467
0.001341662072251893	0.001576698002175636	-0.002980908826335909	0.001914247374800067
-0.02949979229754235	0.002459275516637496	0.0009463185530643738	0.003840292686403668
-0.01851080777688443	0.008885247571372226	0.0005098303466021742	0.003735783189495968
-0.000310013594303785	0.01338786203401489	0.002034527462369191	0.005262075735175884
0.005690491468573925	0.0127454895299926	0.004896537044614301	0.01272416677573242
0.006934943372614199	0.009784657603199699	0.002135302070003262	0.001101615580747325
0.004641010638013154	0.007548880757458317	-0.00111013969394121	0.001905155535064965
0.01179818964516337	0.003799695986085516	0.0003368131005483865	0.0009322285930088608
0.008827819021956023	0.003231690819882568	0.001702333353597717	0.001072824310856045
0.001603279905568657	0.003189003780676856	-0.003563255616833008	0.0004592996318716086
-0.005418496481289952	0.0007813508832909344	0.0001892136140256769	0.0003476579474129047
-0.01392607611447266	-0.005174138036615174	-0.001813621109460079	-0.003618858875510037
-0.001422554318748104	-0.006003528433633281	-0.0009382562677421701	-0.004244174763407309
0.007149218458870107	-0.003202178746007108	0.00472772549585807	-0.001275457685843279
0.01495253625185424	0.003358655685887487	0.00367042129731261	0.002805290865936734
0.001178773332622762	0.003608791499727033	0.006048201955158004	0.02567386336946122
-0.004316859900736669	-0.002150541131945623	0.006290168141811876	0.0164649920399766
-0.009953951503676796	-0.002110986579337264	0.0001468940169130841	0.0006608554742624572
-0.01012037060309734	-0.004722244408084608	-0.0002056293611897513	-0.007134723544094427
-0.01002430335922209	-0.001163194360984229	0.001293189651828938	-0.005839886223258755
-0.01895873694377234	0.003770255085249242	-0.001790825923073345	0.0001754083242971159
-0.0082432332472937	0.009626355942617794	-0.001456443013285785	0.000416931839393652
-0.01434876019504167	0.01162437325849907	-0.009487999930899514	0.0006301732049240911
-0.02501180081422529	0.01132377257337256	-0.008571825704575984	0.003588357193769636
-0.01650436005045788	0.006951950569321432	-0.007660530667613733	0.001304786996520012
-0.009814951974181741	0.0095044485859717	-0.007475780003939601	-0.001918943850683825
-0.006146875690577881	0.003576645111078625	-0.003272792108123203	-0.001468465035021377
0.001876207489031985	0.004276785415294158	-0.0006364390601338706	-0.002639495535126226
0.007611106371903674	-0.0008119485700589023	-0.001539496240824524	-0.003784069113238905
0.001572614266303286	-0.002615476486568178	-0.001598234784516086	-0.005707237543092347
0.01216629467285329	-0.004967569430632626	-0.001402855653117604	-0.003060474698948641
0.01460301196840452	-0.005583356239130868	-5.149522001872889e-06	0.001732782290146965
0.01600573406858214	0.000562298939493956	0.0002054179018210941	0.007702792359360825
0.01709658447896235	0.004869411118231975	0.001881128674250734	0.0006973239149759362
0.01602218610331656	0.002106164438288674	-0.0002739370098158821	0.003778418114246722
0.01432455761416954	0.003070437385563847	0.002172131576175348	0.001078714486580122
0.01738849347730799	0.00120126458606384	-0.0007278859336154688	0.0005452894102873584
0.02812187711359024	-0.004173335083136745	0.001261982521069748	0.003798149087086288
0.02670547464980888	-0.01015205685579665	-0.001616516420449513	0.00367408414448137
0.02075976797107281	-0.02322845864788487	-0.004878438254564725	0.006646997934919538
0.002965382212942207	-0.02401092504619578	-0.001631899509309182	0.005273178914488701
0.004627034984162099	-0.01902088306053443	-0.001396590596201906	-0.001578752454827776
-0.00398071460887258	-0.01395029530544009	-0.001299382993811209	0.007561514646817432
-0.009847639168470724	-0.01637549869643358	-0.004205149037758413	-0.003154891477963539
-0.01330995359876827	-0.0118688800855984	-0.01185116439680475	-0.02176114452510678
-0.02999541841826459	-0.01139072590767067	0.001002273143208102	-0.01805063216154459
-0.04896002944678477	-0.004895146794747512	0.001022969877367801	-0.006400728177119558
-0.03476279691195622	0.0006938697197969171	0.004087944257880531	-0.004278146198513222
-0.01635736734265333	0.002913504222620448	0.005615081032536159	-0.002370143433138723
-0.01025235976284602	0.002039940090337711	0.006509961473211913	-0.00450710000198091
-0.007586287107830514	0.00439204570445027	0.006535945279525012	-0.0008694863493034199
-0.00474349582184489	0.006316752198970648	0.004932585628212213	-0.002079752472946635
-0.002723181641705005	0.01034351571758826	0.005718847856275197	-0.003851026889633158
0.001760214507225236	0.01175802156585137	0.001428907812515932	-4.896978871599177e-06
0.009063692581006134	0.01039745313761421	0.005460718584360285	-0.001923420672945419
0.01232557649943619	0.01043646877312786	0.002021341211357187	0.003102565314036213
0.01138314320781891	0.00723747498999956	-0.001334788362684191	0.001693628179188875
0.008423815544361392	0.002749087667491578	-0.001383296676189986	0.004135895484807697
0.008803949301777589	0.001563401152151966	-0.004507401917304428	0.003452321055144406
0.01008684962947912	-0.001961774906161185	-0.0005063445029582071	0.0006773491805487535
0.003839267032898844	-0.00726125369924778	-0.0009403458423529348	0.0032235848152257
0.0009946557155390298	-0.00875384293027741	0.0007023857210265835	0.003148443520712186
0.002408792791437654	-0.01312524237978188	0.001230711739680883	0.005297215665060977
0.003040380991204631	-0.01232814717517027	0.001180994091017881	0.004371937403313084
0.002594462271961274	-0.01500805982202649	0.004448202940271624	0.002663422729638374
0.00249771678734629	-0.01060709592508906	0.004617268002436206	0.001287419524378624
0.0005177576188152858	-0.00225098246325053	0.007704466270267119	0.001672254410343505
0.0002948272470141769	-0.002349826631340516	0.009054362902530227	0.002178761066240173
0.002467901329982732	-0.002533588626318473	0.002971963194311947	-2.712580809618507e-05
0.002402249188158939	0.001682440988158972	0.002366967327294436	-0.005756713440238494
0.003754947435471911	0.004701544490561553	0.0004129437352024897	-0.00456764295030284
-0.00298305799158799	0.005074745886341703	0.003712711704038986	-0.006461472989973623
-0.001494036949165257	0.009599286727805896	-0.0003142851312519191	-0.006331100697925027
0.0003667268817554695	0.007551976856002282	-0.003326430826640387	-0.0021422260522894
0.00019109053579968	0.006023478780630147	-0.001920467489853943	-0.003029276696314513
-0.002047522639535007	0.006466638014490774	-0.007077701469083908	0.0009746519021540192
0.001484233647531179	0.005209087924010756	-0.002881554767570209	-0.002112076249511097
-0.003449088522366721	-0.0003906403960148156	-0.000869166531627225	-0.001369624746350504
-0.006063610007978182	-0.005231110505964776	0.0009031800828674503	-0.002597572225395282
-0.004329519107103988	-0.005645700025776189	0.0005171500149173809	0.01637053360059301
-0.006405154086021863	-0.0009837038965361737	0.003076563960985438	0.02300070643727633
0.001190188378672116	0.0005163204885026124	-0.0009758812730521539	0.002285356906531579
0.001139992780742211	0.002425364346008368	0.001768861069871214	-0.002888107373575094
0.0008606625280846594	0.009028143726891827	0.004736368715960919	2.409635278155346e-05
0.002864738123915161	0.007746471110982082	0.001412939547113163	0.003346646732507425
-0.003879733972355506	0.005713236873143512	0.001139783109643152	-0.0002604810152926978
-0.006390048172528854	0.003571060706319807	0.001308612720924752	-0.005001684080698742
-0.005805476907244122	0.00435823387861643	0.001612509004047612	-0.003395704727765624
0.003746057884205028	0.002035316074927561	-0.002636395378420084	-0.001620928195431462
0.005313424685412867	0.002580163816436224	-0.002908821318861889	-0.002783350943307775
0.01058279670767628	-0.003627536639504385	-0.007959624599856399	-0.004453376434647996
0.009165042817153194	4.139707064900225e-06	-0.004515123711344397	0.004636497273838066
0.0106249562437804	-0.0004635401854887099	-0.006729599151814132	0.005219047554655136
0.01179998474852979	-0.005493431644766658	-0.006510298372036926	0.003839557672657108
-0.0101427032241823	-0.007673888951684389	-0.002953410702530073	0.004503303457462692
-0.01613019189085019	-0.006948622141328552	-0.001663113423939704	-0.001336634544490738
-0.007804726584747988	-0.001538512687115298	0.005051858507290003	-0.0007489326579470331
-0.01041194766849311	-0.002804900044904234	0.001780902791457624	-0.003553365815676111
-0.009949294301564283	0.00201744908926051	0.001124756787599074	-0.005212694046285773
-0.005602367303460283	0.004758734888424101	0.003902205989141324	-0.001494825229158662
0.002838425065335388	0.006056826300060492	0.0006844960507922297	-0.00122491030458732
0.00734420131483121	0.007957032463858364	0.003105897930811231	-0.002537030896999741
-0.0001780403830944081	0.009845263995444137	-0.002912332678550547	-0.001400129253681765
-0.02113217485657722	0.007682861920082456	-0.001295089980647844	-0.003677607361300435
-0.01621262598565788	-0.004240190989251045	-0.00305682915391254	-0.001770851667479553
-0.01268722036687148	-0.004909807271482417	-0.006682350468389559	-0.001546015688192413
-0.01023505725642466	-0.006759058162253927	-0.003545422182493012	0.006378659131659557
-0.0157117970150386	0.0001770147192486645	-0.006863406526295736	0.003052796132471439
-0.03128212268360054	0.004697735621365121	-0.001685895087783564	0.007635337770954332
-0.02181765753590196	0.008750538521155544	-0.004730754441065167	0.009844521174537784
-0.00901626734853382	-0.003165473972415506	-0.001995314835108141	0.008443899075558932
-0.001950471865158	-0.01227821606875929	-0.00370873377409569	0.01016193295935609
0.001797824393482423	-0.009409986305994685	-0.001866664751682162	0.005944199501600446
0.004201851222141725	-0.01419049685584524	-0.003449710224134889	0.002771941623445166
0.01196276189589017	-0.0121920809180832	-0.0003954542638927248	-0.003028272901253837
0.01374135913573067	-0.001635370277672874	0.00294624280449098	-0.0003901689231030886
0.01140369045805858	-0.004341730765711525	0.009756294957703304	-0.003589616826648474
0.008764318505481195	0.004401074380706452	0.004143467335983168	-0.02525859310221953
0.01430617513757902	0.02371533204225046	0.001550024121487728	-0.02607257859067909
0.01898253766468063	0.0303823733060014	0.003123260930095129	-0.001948521862371533
0.01760647437985475	0.01505984275202678	0.002122450354188898	-0.002128430478076135
0.01925675507156896	0.008538755107082253	-0.000113166279279309	-0.004882474215514762
0.01178076889291028	0.00271800138626771	0.0001328760079398535	0.004220036760115774
0.003812905510690201	-0.006188977123937645	0.004029272618803095	0.001304122748884613
0.004343099168506999	-0.001187607278753453	-0.001622740672959374	0.001091781778801462
3.974344081282804e-05	-7.499852491927996e-05	-0.01746090360999704	-0.001292316193332509
0.005234526557010016	-0.004787668646778052	-0.01142402810913781	0.002287968499323691
0.004491006276851242	-0.009418589832671635	-0.00841136876269631	0.003837156423742349
0.00212028431606062	-0.002551410664187642	-0.002570969279527215	0.002343215528320786
0.01147375116463047	-0.007374347061371545	0.003189298089822238	-0.001802204158247825
0.01930957588680858	-0.008448949938660572	-0.0004248846521904968	-0.0003424225511607114
0.01339358751464478	-0.01251721414084865	0.008775617629040623	-0.000322557224099406
0.01757269401045547	-0.01557052311573511	0.006691367489775405	-7.729984696107443e-05
0.01833379710056965	-0.01557208966660118	0.005220239030465624	-0.001056871002214611
0.01232671642629406	-0.01672971699307034	0.002076224736851434	-0.0003463980748493482
0.007917839758546746	-0.01181596025825801	0.002887595170307294	0.001506403029692133
0.001129297274702847	-0.009945484794936973	-0.0007117899081045516	-0.0006797043739269067
-0.02574997495770499	-0.005472039533012208	0.0004769640835993071	-0.002862557779259513
-0.0444796530180989	-0.00305816402245078	0.001535869246227524	0.001622781727131761
-0.04490351058561477	-0.005837124092142082	-0.000477432606147508	-2.267752687932398e-05
-0.04793371325911749	-0.007215672864001694	0.004201681870792828	0.002706567225881011
-0.02117739109546619	-0.001469708376365507	-0.003610203465557713	0.002355316220639522
-0.01154673193693326	0.002070167640463699	0.0005368394762886162	-0.0008503706830211144
-0.009348623183274471	0.004108267135139605	0.0003457084853171424	0.001179503121719427
-0.007072440296315196	-0.0003975960569358629	-0.001855652085525286	0.005890571245923256
-0.007605864722325605	0.001255879728235513	0.002287888209037353	0.003292676093000893
-0.003837038080834218	0.001286350921583605	-0.0007408096406165919	0.005128242403762244
0.001948641148483441	0.001329084596185444	0.001373031912198123	0.0004277427839716446
-0.002751367615496078	0.003122305513109991	0.006891086721395925	0.0001421039531504596
-0.007668924648402327	0.003629741598264729	0.007288991888320096	0.001760591295488593
0.002649609805725888	0.006088541656909813	0.003306470384762526	0.002016163114656941
0.008395391752465543	0.00549264136609613	0.0009122707131603888	-0.0008926990893560488
0.01305556712577009	0.006837916140622782	0.00219779671058186	-0.002681362805890793
0.01295689142396049	0.01176731361662958	0.004684026772483091	0.01582185040100393
0.02436443000608419	0.0146456424016815	0.001473092161531776	0.01317418851412324
0.02093284003874129	0.01591887761252004	-0.002104249778814806	-0.006783143620816793
0.01744440349731966	0.01231885706150852	-0.0052905842829428	-0.007916594748151561
0.0189412338598409	0.01985539435420974	-0.003409737162577686	-0.003374785638262317
0.02109195811310817	0.01670493763191423	-0.0007113719623288678	-0.0002642699127590123
0.0219150298471751	0.01454649087393532	-0.00385432160081056	-0.003174239917356177
0.01632666031777143	0.01804711615148265	-0.003593673234800043	-0.004203402093425428
0.0150767204131894	0.01120720615085545	0.003712142608374581	-0.006899442541735541
0.01923284650500586	0.005690622661258617	5.162936023486015e-05	-0.000888706578659659
0.01888254362458737	0.003595324064463277	0.002618996787045803	0.00538164254538028
0.01745649424737091	0.001461501236682865	0.005323704966441178	0.002671301036320179
0.009199369440969683	-0.00699175217922314	0.006046983395288235	0.0001307531456280081
0.003256299087610542	-0.009892629028827303	0.004412513041407611	-0.00364024860124225
0.003415031705340324	-0.002976117268434301	0.002786990337316024	-0.00579402181557315
0.005861370071739133	0.003016019071577362	0.003752325719317415	0.0001504909087488726
-0.006577712521229705	0.001397737647927645	0.004872055716703631	-0.002956997582223789
-0.006096957192639635	0.001518789490079508	0.005356297369832616	0.000446649943784874
-0.005729328942809366	0.004044413812748251	0.0002343951663660596	0.005383150851922466
-0.01227804095713821	0.0006670002515250492	0.0002861952284381036	0.0007095794183841518
-0.009647585830124499	-0.001322318327134306	-0.003336312435915682	0.003604433087390316
-0.009064728529505786	-0.003998616375125131	-0.002102344962623029	0.008514283695798494
-0.003526216065177015	-0.006170400690823183	-0.00337796605730998	0.01073112316400638
-0.0003613496632949269	-0.002329621392080124	-0.003547024859383151	0.01062175024380998
-0.00381242488975427	-0.001196706312536353	-0.002879627742886802	0.01056167257380714
-0.0009336679983834315	-0.004021115707655093	-0.0009792003860244626	0.01052120219025172
-0.002238796459610918	-0.004366096987625776	0.00039607485104496	0.01018205167451394
-0.002435161682702834	-0.005291799665714018	-0.002726930713780099	0.001278084694628186
-0.00436439409373309	-0.001611756414686954	0.002447149844649369	-0.002457280942681887
0.0006800889941396596	0.008000605929155268	0.006184235804489984	-0.009448233574965876
-0.007009610741458253	0.00481524561418446	0.005896075331065963	-0.02549192607999632
-0.01360112616759543	0.006457612278818099	0.0009463632009795598	-0.02194362048559292
-0.0007493729784051331	-0.0005284165578126135	0.002028721842760855	-0.01714602222726766
-0.008003688587741694	-0.005882800394869939	0.004027560387745498	-0.009728788684562535
-0.006020874499281795	-0.01079028817560791	-0.0002279704325536	-0.01227026980085669
-0.01069227176431357	-0.007803721056059608	-0.0006968782308983444	-0.007458634989454176
-0.003504906946638273	-0.007235213174607075	-0.01181624732503399	-0.007217371288959804
-0.014635416914137	-0.006811341916168744	-0.01360693501744401	-0.003725448835101979
-0.02037861642248618	-0.007954507455319537	-0.01050502055022768	-0.004159065738239696
-0.02596834272325053	-0.007736124007486554	-0.004042774454384467	-0.003584547884553491
-0.01119385593969889	-0.00563593857364898	-0.006178334318137879	0.0001825530297416776
-0.005231417101390073	-0.001052098356834764	-0.0004182841777003644	0.002160138233684932
-0.008591644465233699	-0.002056174833769599	-0.002822291382073201	0.002603729955185097
0.001574192502589235	-0.001528133678047676	-0.002922828966624645	0.003160531361757063
0.007316285663698438	0.001789526114813797	-0.0006621415971805175	0.00408084904240972
-0.003818859107340849	0.002010239169438987	0.0008346201546473002	0.004993848877113082
5.075989621708388e-05	0.001838585393428667	0.00159863390725669	0.006633071478587596
0.00162741165347527	-0.001551782715557615	0.0008349829864119986	0.003410374801145555
-0.005821857533789291	-0.005863421690996249	0.006002134450355969	0.003604557964161178
0.0006743412616749249	-0.003927540466048039	0.006588959425428497	0.0003063341663834473
0.001840274628014397	-0.00746549553460142	0.004336712851190323	0.0008244566335458321
0.001327400450276885	-0.006860019125018085	0.001379325673966833	-0.0008637842392066599
-0.000635052075531738	-0.005559344304055497	-0.003416400469288289	-0.002108048448247313
-0.002929994973612944	-0.01270793681309343	-0.004259417651000155	-0.002586697641086355
-0.003499944423436882	-0.01928477311281846	-0.006457352297803036	-0.006467108923977074
-0.002225814291223341	-0.01737587365193943	-0.00776483216552437	-0.0002374602404659721
-0.001911147240950237	-0.01595514393490348	-0.006774888333305169	0.0019297171908803
-0.0009060087113195595	-0.01499924907891977	-0.007108787666320785	0.001194003786955245
-0.005955058351720307	-0.008205508194705124	-0.005368356138842809	0.0004910186229466972
-0.01130160133663519	-0.01272599053908535	-0.0002279545559131891	0.0005560042345847078
-0.01468542986025467	-0.01258373763250582	0.002311671294482126	0.002856463304189118
-0.007744936342053591	0.006790261090972578	-0.001446356475615976	0.001044383832335215
-0.005993742156513591	0.01956941489070337	0.0008904067649082394	0.001902479521168299
-0.006523483455821379	0.01489191145493706	0.003186634238734387	0.006062418654831005
-0.005782998496585957	0.0002165211686685446	0.007145491030817569	0.008608040132890267
-0.003683902619254609	0.003151540621074676	0.009760780612516541	0.008959592701090223
0.0003999552156238706	0.002085956975272343	0.004235054122687386	0.001959308006005137
0.003949495736493506	0.007571268954372019	4.053774986080143e-05	0.0003979376718311546
0.002425617264436824	0.001314479022795871	-0.004477147320297489	-0.002291903693821336
0.006870396783049402	0.006108971847807259	-0.003902237077440224	-0.006849283350340055
0.01121364531977757	0.01140611098126252	-0.003084266328753838	-0.004622063745626106
0.00903663994566933	0.004110446848048148	-8.756860773548878e-05	-0.003707741394146829
0.01267118974502343	0.007567606559732829	0.001858531773080069	0.00273792541684632
0.009118009028049327	0.009966486316621909	-0.003792725620418637	0.004332614926686731
0.006007362791494049	0.01186103223059718	0.0004387750850510188	0.001497008813498622
0.0009743717630947492	0.01105805926602208	-0.001890770855243999	-0.001196754760604969
0.001461470617097802	0.002990807932883983	-0.002371385778579991	-0.00112654207873641
0.001842677286014938	0.0003445910282484865	-6.38875481627024e-05	0.01054159327441935
0.01086127408817354	-0.00141415497347511	0.0005928282098676999	0.008469715400687207
0.01253989944516976	-0.005841118522350773	0.00647428886827009	0.00489738188645811
0.0083423887297795	-0.007877450424040552	0.007835583514175345	0.01116830082107287
0.01036864163636416	-0.001651017624652401	0.009470142543705769	0.019473692135767
0.0009758530208136826	0.001221643604036372	0.001514919368462754	-0.001019486197684521
-0.00683390984960621	0.008538015911966523	0.006281625670643964	-0.008634499412201541
-0.0003966043382832707	0.01358027223526149	0.004722213695671363	-0.002226780632968829
0.008583174431062258	0.01219103734426002	0.002829207692235151	-0.008117654274806431
0.005094753411964539	0.009674376350424145	-0.001443862593482444	-0.007301428469987995
0.00720887950668616	0.009292612086888263	0.0007644825015076323	-0.002813327960409099
0.005321384120189308	0.005935763722501198	-0.003385867665060179	-0.006025930201997592
0.008966056051913345	-0.006168428801345807	-0.001799681004489395	-0.000679985162588965
0.002456847724478803	-0.00431081589486013	-0.00394306478758643	-0.002462323069662032
0.008463641621282395	-0.005181698784982165	-0.001803207051461174	-0.002908676234905224
0.006232649221480884	0.0007639963446403424	-0.003451384902473585	-0.0005025646227492383
0.005419867922927487	0.005933397324302651	-0.00245444058076519	0.000226003098557611
-0.001480349041793216	0.003545180838587096	-0.004279003903927086	-0.002341539296401699
-0.001840209887226148	0.0006277027900517906	0.0005189556714929582	0.0007156837018557096
0.004020009198726268	-0.001403041540066888	0.0002583473494441414	0.006271145814590673
0.00262022100796033	0.004706049664121153	0.007294521773654154	0.007189065423873618
0.003703525552658627	0.004269075412257467	0.008800708466475708	0.00881653975002936
0.003818188558447754	0.0024788763095965	0.005083522917272393	-0.001729538237018797
0.003450914504951388	-0.0002400589999994649	0.001005640490278454	-0.002119749030902471
9.023637309721935e-05	0.001490486739785428	0.005308559048218527	-0.00232646481095106
0.001262752085445634	0.001139813185938278	3.749063382451804e-05	-0.0008157649853211481
0.005573318306246808	-4.458534209460143e-05	-1.085685513164036e-05	0.0001022420692931332
0.007695918143370093	-0.0005330481035272653	-0.003031047948634879	0.002628183582693773
0.008057781292314811	-0.001978413855082988	-0.003483924810433689	0.00368681244596379
0.005062240546728548	-0.004342218055407003	-0.001772275723310617	0.007240073470559443
0.009873290119177154	0.00132965290329721	-0.002339820157564638	0.005296807611393603
0.003967119573525206	0.001622779551824878	-0.0007858923681246226	0.005119662990043303
0.004753465482927996	0.004657590444277035	0.0001826563454332886	0.003423509379923202
0.007785189054399266	0.002363288851475866	-0.0001924154274581568	0.006829906427944408
0.01080933382881204	0.01039805425597224	-0.001864743810666277	0.01089394848141569
0.004770698283875386	0.009055217214912609	0.003010632356444653	-0.0004250967536116902
-0.004696813950343433	0.01212870136548581	-9.053258231863027e-05	-0.0195646118520645
-0.0003150006163531224	0.009195056212709421	-0.002535454432005794	-0.02366392376119326
0.004429881331081654	8.338349093936915e-05	0.0001986621760420624	-0.01514240053129504
0.001488576625715815	-0.003861807831386547	0.009809359710372141	-0.01126070164818016
0.005070099828048002	0.000831976659817896	0.002743705592314235	-0.01025879699928081
0.006465997870353583	0.001616077929373217	0.003845475206414613	-0.007651331201545626
0.007255764579907612	0.00291041635290322	0.006353136470597336	-0.0008587903008701655
-0.01670317069032373	-0.003374654304540105	0.006163425309910284	-0.00118461066570292
-0.03696595481945328	-0.002826111145544147	0.002999474005224463	-0.001737531482050172
-0.01457844316896766	-0.002126687906897246	-0.0005826434339006152	-0.003142385074584258
-0.00725975200978934	-0.005000521521020855	-0.0003653545538854716	-0.005270172363672688
-0.01489030338865605	-0.00513021189131163	-0.001857321234318002	-0.00179067874560688
-0.0162189231342915	-0.004838662736539309	0.001766073010870315	-0.003482730758158732
-0.009701855141871153	-0.01009297734722591	-0.008650538238808288	-0.0004466390149104589
-0.0251184174453534	-0.01312210538910179	-0.01272679168217577	-0.007956194246840225
-0.04773652595148858	-0.0175227456329286	-0.01365440052509734	-0.004591372079008164
-0.02611976719112526	-0.00952456543391335	-0.003996627090790156	0.002827587594569267
-0.007911254161043352	-0.009404699750716037	-3.828464971078282e-05	0.002996045915528239
0.0002872144075304334	-0.005898167656429789	0.002223436198908021	0.003051561248239828
-0.01087646323514615	-0.003296105258539271	0.001513850184801361	-0.001490839649332702
-0.01690056729926195	6.416446639206354e-05	-0.002493689830578353	0.002200820585787315
-0.0238385136156073	-0.001321270035046713	0.001005692629079988	0.005974730685395246
-0.02727902241965291	0.001083732268749229	0.0002441260122419367	0.00621511960423286
-0.01240469476338572	-0.0002085282228292191	0.0003730757633462624	0.01126256064379933
-0.0001860112899210388	-0.002117847267435804	0.002847363095833699	0.009527143814508617
-0.005382724343027584	0.002777071774582276	0.003188318963604579	0.009657802488790949
-0.01812957212654416	-0.006078566034990272	-0.0006204000774874107	0.005334904969799477
-0.002837480037756258	-0.00345690893116367	0.001688558078275954	0.008183546260944141
0.00944607790969519	-0.007607843338077601	-0.001397724148872091	-0.001756854981993677
0.007857932829722173	-0.007630670798737252	-0.00408301466736782	0.004253310836359806
0.01254886316851349	0.001070577032511068	-0.004546720039133799	-0.00450580432162014
0.01194672047396559	-0.003813808457744637	-0.001774113471224174	-0.002734261969649354
0.01688990536557683	0.003669997549511682	-0.01000833849961566	-0.002999694874881715
0.01811396524909818	0.002947510716639506	-0.005042894224714795	0.00252062654669273
0.02422499246413322	0.01314573806747343	-0.005994702172067108	0.004011631452980368
0.02642746572347816	0.009530982257950281	0.0003654095245060083	0.0151064129205
0.02271910773876283	0.009265338571222626	0.0003842018871693156	0.02029290671672462
0.01567125520263115	0.006811354951917397	-0.002222245451806768	0.002283972614563802
0.009950526787424356	0.001666215734180634	-0.0003622217083561924	-0.004172488817182803
0.008210148464194414	-0.001601180286747272	0.00176202552555578	-0.005287516219054295
0.006860260994944603	-0.003217794067817932	-6.864042228749814e-05	-0.004683653488195254
0.007334129582620294	0.001566517935207032	-7.654595399779903e-06	-0.003942780196877378
0.0100475846313688	-0.004619063128173061	0.004169982634583664	-0.005330831944925902
0.008310391321056003	-0.006737309796848854	0.004234232587355775	-0.00331918002792543
0.001852334415199528	-0.001677274153066621	0.001994781130031834	0.0002348355495536238
0.01061588281580463	-0.003392568087814302	0.001764999323364568	-0.003399284260417829
0.009751829481140173	-0.004924007621506006	0.001223777767190316	-0.001138434385259993
0.01023579917577096	-0.006094061992677957	0.0008741024574837667	0.002352429985884598
0.008064155629221867	-0.009310939415615073	-0.0008470743026166293	0.00375019165650451
0.007273413682174653	-0.001166239859580024	-0.0009705264279594595	0.002925545981575859
0.003271578651408478	0.002359399507307796	0.001811796471981044	-0.002814755594495102
0.00320403605516381	0.001791443415735561	-0.00162676788729073	-0.001156184170912572
0.0006440336151479805	-0.002460672740436602	-0.00558171720857292	-0.01056657428112151
-4.908619404163177e-05	-0.005855796844283315	-0.0009371557807938464	-0.004190904301450234
0.0002658012753795381	-0.002490816232008303	-0.009426802447127527	-0.007541746172826863
-0.004040835526293385	0.001805974974351397	-0.005917903723431732	-0.006659676242117491
0.0007456283026608711	0.001048239980913151	-0.002127145101119528	-0.009662355809804955
-0.001905190212688657	-0.003797667553852076	0.002991703884330416	-0.005737364131326344
0.0004923680515860869	-0.004388116129816403	0.005401626881714244	0.001490315284330475
0.004637257674561213	-0.004391839542245403	0.007117079596479199	0.01736223946728834
0.004083077848314125	0.0003228169295359691	0.006530911377955518	0.01025538034687182
0.0007853030566833915	-0.001101116233130887	0.005578935443122934	0.008127108739884993
0.0006254929491716994	-0.002822774143137515	0.00225905271567236	0.008091274988434241
-0.001232229738534956	-0.002828090076594793	0.001439987097961436	0.009781528469891335
-0.0005561973157166961	0.002239806735630831	-0.0007606245130095917	0.005061126283519295
-0.005561093468517459	-0.004275865911794783	0.003149817513362205	0.005009913260463325
-0.01640259684814571	0.00204539155224031	0.001302622088682574	0.008008708507044406
-0.004789189800571819	0.002671018560952414	-0.002234428653801981	0.01280652296028355
-0.002768211683365704	0.003541437930814306	-3.989978970337177e-05	0.005562047997944157
-0.005732455239284042	0.009505846870883362	-0.004191513985225999	-0.01759841265638091
-0.002629249750436459	0.0076021080017543	-0.00169495701905815	-0.01953956412315303
-0.0008198249565064403	0.01284053921980118	-0.0003426468234549914	-0.02114899758895605
0.01067774020260895	0.01255516111270098	0.006687351806302033	-0.01238333028994749
0.005644723046095508	0.01048903066856936	0.002674863101621266	-0.007884219809650785
-0.010348395050218	0.005995408728927973	0.001617202763349945	-0.007274938966522507
-0.02722625249503629	6.540355839696995e-05	0.0007234452193606723	-0.006499391568203637
-0.0228334786579686	0.0009726779535886072	0.006061007012540694	-0.007537972078250289
-0.0391677980176425	-0.003145559561763076	0.004243245397167673	-0.006086237621571964
-0.02367137149287704	-0.004920796778945183	0.001330515483639358	-0.007682782426804797
-0.01791545357178811	-0.005492456239337278	-0.001556201456859992	-0.001544658129106941
-0.003620381980219359	-0.006262001285451351	-0.002333703378523157	-0.002475103423559767
0.001388175080272619	-0.002473811717903545	-0.0007161756856522736	0.004234012150799847
-0.0007738078006950545	-0.003608805722662514	0.003020642986520335	0.00187283617842288
-0.005497485994150186	-0.002249185581712681	0.001376036506140532	0.002792690362626385
-0.008345020915292168	0.001650329895202046	-0.004105542536839473	-0.000483122212474978
0.008574191444248612	0.006738982224808643	-0.002214727022123647	0.003168273874162659
0.008891051765948645	0.006933548907612754	-0.0006989094768906916	0.00552489733930663
0.008235974128766109	0.008867091630263089	0.000354378955511759	0.004287418667841699
0.01705752602017871	0.008203829328039074	0.006344826974369661	0.0003263713668345521
0.02052045808370754	0.006943707365474392	0.0031866922590869	0.001498326817664015
0.01294506904657802	0.006681425805623213	-8.745758271071144e-05	-0.0003715788815872337
0.002529018754494254	0.00516328272266725	0.0006866769176526146	-0.0004173612495679912
0.001894387513214244	0.006818236581239529	-0.001604244479663041	8.558011829015383e-05
0.005400574844925689	0.00655295359840572	0.00100361381337716	0.0002421705672558569
0.008427990991625337	0.008135771403736568	0.002427312744624815	0.007224119020369095
0.001548498921444152	0.005250570500204338	0.006690074205703615	0.01029299719757966
0.001858898930141144	-0.0006024814649003762	0.002382084136954417	0.002840086969593512
-4.394707358116403e-05	-0.0006103799872090273	0.001881799252435472	-0.001778754541497303
0.008093440071357311	0.0009373176758086872	-0.0009292565984348738	-0.000556153369236685
-0.005536226919334989	0.001828438241101359	-0.01590275526246234	0.0007573163994237608
-0.01138553657839852	-0.005558132384960717	-0.01286977325516735	0.003238381333164813
-0.005640437883053461	-0.007903812797202659	-0.00449879093575708	0.006964966493673922
0.001509886271925396	-0.008292524448903101	0.001258764879941104	0.006266498891222589
0.002245998307664598	-0.001380559170407902	0.002444984311372526	0.001505048492781472
0.003401513632793468	-0.002430257319339195	0.00236179583795044	0.002508356338237267
0.00119162336633874	-0.001611614925454142	0.001103949195761786	0.001763462987818751
0.005133899480626473	-0.0001039511188714491	0.002134592790716623	2.451279738891697e-05
0.005635490781044149	0.00412782253269428	0.003299026601926147	0.001045413965872163
0.003849781850980268	0.003408476024675996	-0.0003743294789003347	0.001740769329565059
0.004524109973450472	-0.001142264976047493	0.001286789719992336	0.0002413267822602055
0.000318974262998642	-0.00914132098248	0.0002765972821309425	-0.003139566771611194
-0.0006321255369843157	-0.01216782797931118	0.0006644585207190234	0.002138727720765843
0.000290123693611109	-0.008031601044269377	0.006053655938232365	0.0001277110366734489
0.00157583858254356	-0.008905588261159102	0.0007829362024982577	0.003719338393530273
-0.003020219091547124	-0.005506973358604022	0.001808794075479786	0.000608818870493522
-0.002451583794584149	-0.0032592618935386	-0.001533601685308654	-0.001092879752122443
-0.005043709940596159	-0.01060999918291953	-0.002866566083176914	-0.002637336791332953
-0.002211464641346807	-0.007700688006072681	-0.002650960528035508	-0.001934674574782806
-0.002471907338716611	-0.009430127193047991	-0.007875917581997679	0.002637318591667231
0.0001014897616658784	-0.001934686891239583	-0.002326990994531745	-0.001308678002677102
0.002272437534954296	0.001946417474606236	-8.259684040132144e-06	-0.001362235795565363
0.005916108408194288	-0.001685963724147683	0.001404778374914419	0.001077686353911256
0.00388325354993878	-0.001210021647818675	-0.001081063768402314	0.003720268310328047
0.002690577517312102	0.002797179868868112	0.002608853707650837	-0.0008683396927895433
0.006202679945643703	0.005333121725648119	0.007494999304372026	0.004744942001500435
0.007197750754189321	0.006214968913036691	0.002999883634205377	-0.0005954574038771225
0.007198660126940071	0.009980090772026919	0.003117678027262584	0.001764617005331974
0.002668560331826349	0.01168282911286691	0.0007064227105315719	-0.002047022642211693
0.006179607846688305	0.004399565463746293	0.004205408180104276	-0.00284883559626467
0.002762936483269144	0.004338401587327095	0.0008418662285073812	-0.001801316047272857
0.002342996189256792	0.00202821935719162	-0.006930649921514034	-0.009109083147369612
0.004486737622480969	0.002859521096782043	-0.0006615740260690258	-0.008794363267107858
0.004179486759774424	0.002806548513928468	0.002005660459706889	-0.004348213491784881
0.001763071699014819	0.003822376917165828	0.005070427529931872	-0.00325265529641611
0.007330443728813783	0.003598931534709705	-0.0003244436611873377	0.00100966699863041
0.007147868835057912	0.004316851213436372	0.0007927129623497588	0.002295852673509911
0.0007236615028926822	0.006142288143025194	-0.003546978379633357	0.01362377713626452
0.006521189573320026	0.002660350113660803	-0.007234177918116262	0.009614685192358237
-0.004219004733668184	-0.04094718540830256	-0.00601858729243408	-0.003734454791986843
-0.005776846324323346	-0.03276057059896682	-0.004383124017188085	0.001014466512717079
-0.01175951205893281	-0.01878311545876579	-0.005256628645451838	-0.01008341606364231
-0.009950170008376108	-0.008297489563255283	-0.01194300250368629	-0.02112173951738526
-0.008948238891849277	-0.005826122432540388	-0.01101482913119967	-0.01541186913031042
0.003466950796450639	0.005107878056523222	-0.007144399946894142	-0.01190471289587364
0.004288457613549302	0.02525371707630722	-0.001772048119563867	-0.001178454225735654
0.003692592381629386	0.01587508755742442	-0.005967254619828978	0.0002687610860284439
0.01172212439610795	0.004161418055809991	-0.009406188350385463	0.002408766480550486
0.007966388966414681	9.299151591127191e-05	-0.004657013740227725	0.002870151789121121
-0.002333777992518255	-0.003071863892651861	-0.002906594129412562	0.006071713180948784
0.001851499738410288	-0.007615841525758082	0.002669004694736909	0.005144067506413069
-0.002702378118670662	-0.007272440399179229	0.00183526770116111	0.005183129222198645
-0.01202973938355	-0.000543818865074089	0.006332501130443361	0.0110600455808252
-0.04201579569603425	-0.004219721970716295	0.002865640961770664	-0.000534290964476044
-0.02924661302149542	-0.002159471319850228	0.001340050923837697	-0.004270798117562051
-0.04484911790916627	0.00199763144433117	-0.001064733502590221	-0.004640551115658599
-0.04853969937545057	0.01001828423273014	0.005509377352377211	-0.007054492267020721
-0.01374011991243342	0.01651907986337981	0.009867562417891128	0.0008440917992515069
0.001161147986446241	0.01636660419139233	0.006621028819654336	0.01091551224395763
-0.009271041852421859	0.01137388738837973	0.004377777008552477	0.02386235338250139
-0.02998095293673227	0.009617450766365856	0.001706256059706086	0.006546818001578266
-0.02364354208174398	0.00470917159658163	0.0004167750725986997	-0.003386553851539756
-0.01397537024689321	0.003423933449769257	-0.0003806251664378744	0.003406004537305077
-0.01666333398184723	-0.0009875594502845239	-0.0009641577675041904	0.005575979701615454
0.0007068697843839837	-0.003212398892662373	0.001360717150300573	-0.003032561342902518
0.006542336068656365	-0.009185555659687808	0.004272793451361922	-0.0003703684205333683
0.005589218119307154	-0.01270699622645005	0.002445008881421051	-0.0008206954853188803
0.007855276816411712	-0.01132064675128179	0.01025847529872221	-0.004885053256754869
0.01233448326092062	-0.01264204180647661	0.006039392354356641	-0.003495518736219711
0.01554484457419422	-0.007974638935797689	0.004993679267250395	-0.002781532887418597
0.0132287031148322	-0.01179531949385137	0.002837338160523147	-0.003831011613208168
0.01239775590255293	-0.006167228851847245	0.002709268931023529	-0.00429871166725143
0.01697627723704095	-0.002492123827177502	0.003161235251271083	-0.002783019459336654
0.01712042948544536	-0.0005799891446834419	-0.0001715480115068878	0.001193771492854425
0.02716694288531816	0.006322498489366351	-0.003614784233039385	-0.001913910880739012
0.02574098846244658	0.01169182418573916	-0.005818509719181676	0.000307297353442223
0.02263177935687522	0.01518717724732225	-0.01112803859973889	0.003248897197920409
0.0126780403767636	0.01081283581676304	-0.01039619853654649	0.003622822887959204
0.008601676724506268	0.0102782844089657	-0.005372867124198759	0.006224327981062979
0.01033404629351654	0.01052601482889373	0.0004045185445597368	0.00306716367222442
0.008318899979602267	0.007465270743576061	0.002055683171194838	0.003132719884743098
0.01750146969065651	0.003615609046446717	0.005017467600532875	0.001083924556010073
0.01170710271766649	0.002140104777342426	0.001953231033688847	-0.001574945818584196
0.009280198982414551	-0.0005676246648655905	0.003108473597211127	0.002788760583919409
0.005709875941137576	-0.0003432857463183805	0.004083326277035295	-0.0009340900253312142
0.004491691284720163	-0.0006343746669462062	0.007506692655731579	0.001404309445766333
0.007822608294004827	0.0001219767703832276	-0.0008410173398953956	-0.0007076780676070169
0.009106685374751762	0.004669697877610093	0.0004651490840610844	-0.003086674567673558
0.01499461529881475	0.004300913398304284	0.002588722110245594	-0.002903335002157236
0.01502504738845437	0.008040298159837093	0.0006709140400458253	-0.003397709415226691
0.01576474634785223	0.006518867598422687	-0.003877818224375417	0.002903354089244243
0.01830632549884387	0.002032089993705466	-0.005523138868159851	0.001677928980524702
0.01247900182588153	0.0006935442854551408	0.0009403555646064296	0.0009641088958396306
0.01079160684932718	0.0005852460048995795	-0.0004304390906042956	-0.001518580003524884
0.01020520456185554	0.001683885337099125	-0.001663926687632681	0.0007590860641517571
0.004478632516822353	0.001979644348106888	-0.003023080987401494	0.003281666353989995
0.008321308965565509	0.00105343258306654	0.00137384386682441	0.004161108186650454
0.001978479581173733	-0.006321639136390737	0.001702999185692103	-0.00100295514853808
-0.004694865367769131	-0.007334490952179723	0.0007756417676141514	0.003559829657107447
-0.002504343796050584	-0.01137440500294272	0.002552973123185838	-0.001199453953950001
-0.007273394956392337	-0.01501929349161289	0.001608404918798498	-0.003252185371351933
-0.009261348634677652	-0.00548169686573626	0.001931815108849771	0.0003636651912192993
-0.009211557479169279	-0.001999300018883783	0.002266217710904734	-0.002059109637538095
-0.01672555146918476	-0.005488711051556064	0.005121330643984264	-0.0003745461744069396
-0.01948940664355014	-0.002812603834800161	0.002910869431880938	-0.0009705881575818808
-0.0165691724676962	-0.00215234768930916	-0.003505754786215915	-0.0003817473156701871
-0.01514171822537035	-0.0002304085612482177	0.00204788391927696	-0.002599297964765187
-0.01954301356033637	-0.009855091431555664	-0.002087265280794167	-0.003845110739207338
-0.0203343200887833	-0.005873939195527248	-0.001504580763502476	-0.005083722980516874
-0.01337249222440423	0.00330944387707435	0.0009162529417517872	-0.004396527327600922
-0.01304032975534292	0.005693557230728146	-0.00298899815659177	0.0008243979159352006
-0.01188262143644904	0.004701792922735887	-0.003263473633786546	0.01101385430233119
-0.007364341652615623	0.005210874174581813	-0.004161600281410759	0.007630499079715865
-0.004687900138873423	0.00515129685112239	-0.004933435937090753	0.001264961758801621
-0.002239549731921285	0.01050290877903911	-0.006067536344572237	0.002739891665817853
-0.0001386637893526084	0.01235560597273016	-0.005839037246782732	0.001550943348612569
-0.003141846047867988	0.005941061926155465	0.0004779002753512768	0.00261098427825594
-0.0001102207898476604	0.0002329254471925107	-6.754398678691297e-05	-0.0009205280470095106
0.001225103115885737	-0.00285813174749595	0.002937308227302567	0.0009344896906237864
-0.002102500865052581	-0.004070411036832326	0.002774736534460193	0.001955601214905406
9.866534570427863e-05	-0.01077722779291269	0.002702519572879492	-0.008315055838696017
0.007482469051519234	-0.01160698677405479	0.001843919337975011	-0.01148902140721884
0.01348991239000111	-0.01139261560771772	0.002624431026007091	-0.008531493907802414
0.01862369055729669	-0.004276423599698087	0.002820352892770415	-0.00792879614407027
0.01635995409310455	-0.001899562111269221	0.001076331665766688	-0.005359353614588801
0.006006255663319944	0.002153406817224716	-0.002827510931044697	-0.001565040705172804
-0.00395057420978011	-6.765963583597184e-06	0.002227491475841263	0.008807083793834106
-0.0002759644762799181	0.001309660215255983	0.001871331561572864	0.008334822750327583
0.0007328081814703093	0.005066208486631252	0.001660987400027398	0.004347665698331734
-0.004285298972442012	0.00429079837970627	-0.001829158951677855	0.006295957889746937
-0.02742575888220213	-9.637050157921932e-05	-0.003775242856304294	0.009737158157336917
-0.03304579664793346	-0.0007209102378224839	-0.002694006715057912	0.01164218410660366
-0.01131068800426811	-0.004808163422856714	-0.002495276023810152	0.003140614764424819
-0.02580200131797727	-0.006513590078656582	-0.0006957105232702086	0.006637509529827096
-0.02643360447839021	-0.009484146157542632	0.001335387306508366	0.001534609092016972
-0.01315406269683045	-0.008363615899482217	0.001085878443625459	-0.003449169797762372
-0.005720089704380224	-0.01528152957254424	0.002005560430814751	-0.00740524798582321
0.002168238930025879	-0.01155373996644702	-0.001763077953554764	-0.008781124916845358
0.001486572854815862	-0.0060181686636185	-0.003171812593581618	-0.02222595531735373
0.003203956260609817	-0.003332472145276005	-0.0003274933750932987	-0.02709104435442268
0.006341477612566863	-0.01356847725493054	0.002523701987335595	-0.0147050216488937
0.01149430041998163	-0.01191668884122008	0.002228451940196398	-0.007802871057349135
0.02163484229174018	-0.003523634516513813	0.002158870350108357	-0.006660961995820893
0.03474136577151168	-0.0005313188895484239	0.001744556272544323	-0.00449992034713203
0.0369699297064276	0.003175479114746053	0.005507753207394233	-0.001035701980577731
0.03151310528862228	0.006722112862579051	0.002750368173277772	-0.001041011062169795
0.01901023679392842	0.008147664518952737	0.001866930183738082	0.002783578555135525
0.01560737334822705	0.02078914665506428	-0.000144296456381803	0.0005217702546818523
-0.03227643071378474	0.03678504425669969	0.001671186687703433	0.001519609459292937
-0.0554057458264083	0.02619411080479467	-0.001714459164809686	-0.001200882475816435
-0.03010535111246884	0.007523942906152201	3.521613897584756e-05	-0.0002309999050684273
-0.02466915966834337	0.005433559892573985	-0.00115403491072481	0.002180461192947104
-0.04828929498290877	0.002188823031646105	0.0008883000994007306	0.002357507011222764
-0.05282720129469543	-0.007779797807142445	0.00209246488271418	0.0009532894295225822
-0.03079390143208162	-0.007175858556375134	-0.00235612096198259	0.001454540798207271
-0.02158197380979568	-0.008147836063882353	0.00361078295957195	0.005615658818516956
-0.008239107568454151	-0.002926380992129954	0.002852800383491497	0.001373369088606958
-0.001214265282631585	0.002230376419845938	-0.002730157840619819	0.006259490222190786
0.00354028007012494	-0.0006428943160822249	-0.001151987722799535	0.003994515414959131
0.0106769008000386	0.004554402860511152	-0.002683943948333301	0.00509756951026976
0.01576248303070879	0.007810215512777923	-0.004948055682573118	0.006722263432176816
0.0189879520561727	0.00903020157761859	-0.001657683241484401	0.00226249493716329
0.01838654861078938	0.001570567687206747	-0.003375656697695631	0.004834141657014563
0.01250570425957779	0.002512853270087153	-0.003752075017932623	0.003026253850068127
0.01676048907997729	0.0005205859190909125	-0.004902734321765686	-0.00173965178087933
0.0195550945676471	-0.0006631036128708696	0.0006216945747054378	-0.001522152330000494
0.0200938525083697	0.001657584202572299	-0.0015027036572496	-0.0008981408912487651
0.01903293553032528	0.001281264968150576	-0.003190696091419242	-0.001163619664211314
0.01906499002892997	-0.0001061274416079942	-0.002105331197699946	0.001438985757813451
0.01445060050021234	0.0008237669941592409	-0.0007460201865689539	0.003500541761768509
0.01451209331409124	0.0001494252386242066	0.00392379447790088	0.01806248484532924
0.01360259427243205	-0.006013674675819856	-0.0003771443276812963	0.01167707055420303
0.007629633329556367	-0.009214213592961743	-0.0004200957547028986	-0.003949709738467055
0.008762425174236204	-0.00870857464218853	0.000964745997870025	0.0006137186716536175
0.005848966695831517	-0.006919394214520953	0.005085336849089029	0.003731515303430136
0.00947921819738369	-0.00523374799175591	7.832411961637887e-05	0.0006422471237782941
0.01153604727594823	-0.001980713217149571	-0.0005624520786909395	0.0002194848302678774
0.01440303702913415	-0.001935695159319633	0.001954092706361051	0.0006689951600248467
0.01272587532813259	-0.0065002796634247	0.001257285329792438	0.001333301480262309
0.0118925431625544	-0.007499880772637646	-0.008939281892118924	0.00113170559667133
0.006686143927042703	-0.008687577040293774	-0.01225759128243486	-0.0004031609791374646
0.01103859343076229	-0.006218489153749849	-0.006097406404966711	-0.002545780613224199
0.008557701884725891	-0.006952509741857507	-0.003212403581431761	-0.002147106929434882
0.004188805227396372	-0.002266472618363187	-0.00276217616333666	0.002193269559094671
0.002429960362996648	0.0004717771793033695	-0.002935086506776808	-0.003564478383879066
0.000215815264343234	-0.001308050499692131	-0.001428713520233427	-0.0001300128661273705
-4.855087320639224e-05	-0.002837230263621553	0.00476020472652124	0.001120398916399391
-0.0006324095305595791	0.005445739884831442	0.0005207284917581417	0.001550324848669951
-0.006406240022511406	0.002817008702306409	0.0002137017999001739	0.001818403174033079
-0.0001724022182308924	-0.000593939111162507	0.003138120952213473	-0.003818437423946179
-0.001906555843396782	0.002710664479907734	0.004971351641785511	0.001497027859615339
-0.008172297916197838	0.005366616057078966	0.00235078813904438	-0.0009520132617164974
-0.005580074115545298	0.00788109540972045	0.003854748426293611	0.00288129653777795
-0.006335425483634484	0.009469164588733878	0.003721225759725941	0.0008066853886046138
-0.002815389094379492	0.005128489538222587	0.0003305645397823104	0.001353877123342651
0.003370927262281994	0.003208293927011678	-0.00104891749906796	0.005504297433122509
0.002094161935946092	0.00323693762693364	0.003062724073477175	0.004781778595538779
-0.002535676912155786	0.00890475613057857	0.00100792614860809	-0.005509337463666578
0.002439463363448272	0.008182405799055685	-0.003398763252509373	-0.007018654185150268
0.006492234643087205	0.009011153600783299	0.004017297846412348	-0.006055563785012788
0.007114439331791556	0.01350888357719368	0.003699640920285744	-0.002039761238131895
0.00443899699408657	0.007964067431333419	0.00495909236856235	0.00991632807794606
0.007632413021515804	0.002225218252373452	0.006158912787880213	0.006966609454021317
0.002100196485773017	0.007476342408691604	0.008828618296444556	0.005382267752701035
-0.0007839102931178312	0.002251600226786274	0.007143540155322735	0.00590592368183668
0.004999747647515007	0.001572607602818917	0.006832188445415187	0.004191259821001597
0.008819010253266511	0.008492253960157868	0.004404290923259153	-0.001876722424460995
0.007997638834323391	0.009856097980785336	0.001039052582758132	-0.005229128616852557
-0.005674174198114816	0.00529490618129083	0.004547488010895658	-0.002604187495833489
-0.00899960581958433	0.01099904600686769	-0.000815986859238639	-0.0028647303793862
-0.007128143280186594	0.008573238183099628	-0.0009503753974006363	-0.00174271014148336
-0.006013266965785901	0.006097714812555288	0.0001976749115880892	5.920352797509772e-05
-0.02133951513029336	-0.003080164773675211	-0.001640532967731707	0.0006798955776288474
-0.03086712529720544	-0.005184534364793974	0.002481658216977522	-7.991649944987935e-05
-0.05235523042731013	-0.01004606896251858	-0.001979014334121866	0.001228908590889931
-0.03112612742934877	-0.008502873505522687	0.000795158312435469	0.0003239598410134813
-0.01497919149546372	-0.00300001932728568	0.003555081779417063	0.0003475481504551729
-0.006698887449267467	-0.007645346308644252	-0.0005820306111858647	0.007028035005336266
-0.008047777496848181	-0.01069592246372314	-0.001298779256883035	0.001414918702079061
-0.008697397406709407	-0.01088530468066666	-0.00114755990675246	-0.01003106035266731
0.002014156639744319	-0.01195255633789945	-0.002981942345109632	-0.007257235277395384
0.003391342940547476	-0.003127030082984614	-0.003795634155688378	-0.01056855112511913
0.005855794517041352	-0.001233426443983757	-0.002417504966243363	-0.008805980250472415
0.0003952392199128734	-0.001166771969943883	-0.004239203646065151	-0.006974507753733457
0.006111273233152205	-0.0006426562182126886	-0.002358841336605185	-0.006909481352673924
0.009302019660737607	0.000346215039834859	-0.004958845756971694	-0.007526035886293939
0.005383561434152722	0.0006677839665474548	-0.00373342279159381	-0.006315239579798647
0.01052522933501343	0.0006557377339955747	-0.001607127656566036	-0.008868775141492778
0.01918779780359535	0.0002759001935116688	-0.005879276679327915	-0.01293289245972384
0.02176638093216095	-0.009170963432347846	-0.008116185266357049	-0.006245402307381497
0.01958657927636621	-0.01011730523749512	-0.005882180293777707	-0.004572406588841049
0.028167650094709	-0.002842425634957888	-0.003825305730492234	-0.0007479942483802444
0.02910731791266993	-0.002265160835723299	-0.0007351675528418545	0.0002081776970060011
0.02049315075839624	0.00132898625235408	0.003615326800876078	-0.003689512041231043
0.0144171542154224	-0.00420613072500268	-0.0008412764391625665	-3.005066532008341e-05
0.002115146135373845	-0.006037593169271374	0.003772463953393494	0.004860972882523865
-0.01408516449500211	-0.01031159250950317	-0.0002767021821792006	0.003345937738313875
-0.02639056657783281	-0.01536736962978304	-0.0006418426538213695	0.0001319092982850419
-0.02978336135710608	-0.01536889366161709	-0.001936212029574944	-0.001267800000819178
-0.06873974144514435	-0.01832224571138607	0.0003779176313349876	0.001730222000547863
-0.0708067366234104	-0.01201389645232744	0.0003136391448656955	0.006535879299908356
-0.04907735479082904	-0.007907547750405324	0.002095493445500572	0.003131534598198777
-0.02304055810880895	-0.005668934655472125	0.0007735181607969137	0.003697562169205578
-0.01404809005278989	-0.01509246053828995	0.0004156639308384122	0.003732135178416766
-0.01537299189649969	-0.01569014271366461	0.0006778824343395872	0.0005573790326571722
-0.02754161638134986	-0.01698734488314287	-0.001208142045213341	0.00159973969273901
-0.02737800875384192	-0.0148799765448379	-0.0004852379053352705	0.003451209146835988
-0.01931063299220742	-0.01297966964499524	-0.003213756218699338	0.006858157734391842
-0.003743519399877346	0.0005632022561752245	-0.005423401950261359	0.001472123096506752
0.00359315849608272	0.0006737417188160952	-0.0003513750337401873	0.002701651736529408
0.004377902723415537	0.003971334109558204	-0.002691556413978213	-0.003321457211615375
0.01165169412530783	0.01607696222029651	-0.0006373046604799255	-0.001697293692571653
0.01870729254799372	0.02178097635720582	0.00244869570899419	-0.003801565069435851
0.01922944036534063	0.008017846193691917	-0.004500745371986233	-0.003653966541300301
0.01345334795717054	0.01026800798880178	0.0005298107074767983	0.007743673817232699
0.01329840238361838	0.02112680248320897	0.002551253746178235	0.01262598089056222
0.01356524260515781	0.0191711698694557	0.005393813205233228	0.01220866186425133
0.008113457487973595	0.02097872412546012	0.002832692845249137	0.004404170622643423
0.0112335384215608	0.02521198694800882	0.004790267525546663	0.0006344045060095096
0.01755839367233064	0.02343603275218479	0.0007701363667905244	-0.002226927240509976
0.02193342719377533	0.01652815545666362	0.002570107248281002	-0.003765065928858489
0.0227087826740883	0.01597185826491359	0.002878705281156352	-0.004470525770696008
0.0218921638110553	0.00950369542600157	-0.0001199100005198559	0.004109708023509169
0.01808687350362295	0.005800172683465698	-0.008838013367933915	0.01461599135471602
0.01717607008928889	-0.0002815513346782381	-0.006723941064334381	0.02095615407930849
0.01831345102985893	-0.003523986832168543	-0.001967213743465992	0.021803404783898
0.02021075524197929	-0.00592411108790351	-0.008831937777062076	-0.01081043155495405
0.02010045600650559	-0.002896863049034959	-0.005473614719504453	-0.008826603098327574
0.01542487234508522	-0.003327863372174349	0.00140217329925451	-0.002639186109915481
0.0114249482365386	-0.006591719014111456	0.003150385803013291	-0.004954788236101591
0.01187016010002284	-0.01197425074050162	0.005368857555042823	0.006869355107157388
0.01255629030512469	-0.009133368517377925	0.007158325501887038	0.01133132673686471
0.01258980351569748	-0.002402848072734637	0.009446171399107365	0.008203229481502971
0.01079322637144318	-0.0007614971742411484	0.0006664821013046118	0.00205072451528189
0.01604760363748928	-0.0004996242729842048	0.001198424052736527	-0.002670536136575883
0.02008626062043881	0.005530752022696047	0.004247142680859664	-0.003953778712173877
0.005326955326697912	0.002983361065257585	0.00232017259616469	-0.001628724699088742
0.0004918398509919541	0.001763888642941355	-0.001518359760261562	-0.001940031417742365
0.007273779798526327	0.006460800533972458	-0.0009074755061807122	-0.002184545249746645
0.00780145188882281	0.008130885879035014	-0.003886548230507689	0.007478595129120647
0.002342140417296929	0.0130685236679939	-0.001667444815069219	0.006686405924194316
-0.002767623846456901	0.009015025118103932	-0.002705569288307438	0.002329000918868529
0.0007195532562763052	0.005148057571380604	-0.0009745841112353288	0.001865836391550047
-0.01844285229044321	0.001023838496852167	-0.001783058548910119	0.003830312011325556
-0.032749317094291	0.004198465545899364	-6.957938559889326e-05	-0.006729576958099243
-0.01576014264210422	0.001496993677489798	0.004409974355588178	-0.01368524585742048
-0.0220125056655442	0.0004331004368109509	0.003595984730829102	-0.02952499618133728
-0.02154168845097947	0.004784007415229285	0.004465604997701562	-0.02900445619427605
-0.007234301169767123	0.01161649389328631	0.0045448787579338	-0.02121496752754809
-0.002838574171910332	0.008384394423025651	-0.0007572913339961773	-0.01718164173849852
-0.0005760294509572707	0.006656434352293506	0.001773608032179767	-0.009138532054231334
-0.004844916118801897	0.0003982433444390496	-0.001543507010738508	-0.003751936889336956
-0.0008142786990478632	0.001721496611224304	-0.000182658419655463	-0.005185471235490719
-0.004576255020831777	0.003159362397494884	8.601499842785535e-05	0.002795084272853064
-0.002869686405967052	-0.00185751871672775	0.003232430633039161	0.00384692683644333
0.00287077106132415	-0.001018465586433358	-0.0005359172286418985	0.003782939087589837
0.01829710527448219	-0.00135534436443817	0.004184336768230725	0.003330434994157232
0.01915356095414636	-0.00545980432048588	0.001872190442992401	0.004384968451742905
0.01971207926050206	-0.001830320219200055	0.003254853689051015	0.006448109542313279
0.01514762493713911	-0.0008088536416831476	0.0009637258188282302	0.003633291870692383
0.01515601344522827	-0.003451629730827824	0.002560207155237255	0.005995643807590391
0.02022697997606236	-0.00345103110781951	-0.002559588654402246	0.003889339763772093
0.01666793235855262	-0.006240075551087853	-0.003911705125248506	0.01204713795926824
-0.003646695997850187	-0.01470641759936447	-0.005325855959843497	-0.001976552762613828
-0.01224196192803323	-0.01430386942173072	-0.001547234778681848	-0.002040831554598263
-0.03556238509707304	-0.01887473277928017	0.006207579296834839	0.001025150691029766
-0.0316864188357853	-0.01892668407230496	-0.0009609151749941118	0.006139746670680008
-0.02623459801344142	-0.01275662974618496	-0.002123374409418891	0.00140200076418173
-0.02416474878323383	-0.01396402035272168	-0.002593597949822451	0.004478954719997451
-0.009918361285939164	-0.009272590778020401	0.0002883565446750253	0.00322884956803115
-0.007313381048036289	-0.007591940769061254	-0.006063285919408013	0.0002970107783715739
-0.0008619995484165547	-0.004868398905151065	-0.002573981096937527	0.004560031515855387
0.0004601411282533118	-0.005560394851360557	-0.004045212603497506	0.003329767670181858
0.008080451165604293	-0.007989938153452752	-0.003690922262821012	-0.0001847387837510585
0.001284855347950792	-0.00569725461048376	0.002351946419329878	0.003534296340627949
-0.002719496580411968	-0.006839240165130286	0.0008135994218510971	0.003644161229096124
-0.003772100826086106	0.0008836100161643183	-0.002868182123821737	0.004509933936600891
-0.02336971704534175	0.003506247166913268	0.001900669772704717	-0.0004544209909769007
-0.0248654706525868	0.001281517826982034	0.00157278504803119	-0.000718037786579222
-0.0336557998875151	0.001325275197234092	-0.0009258889226007816	-0.0004008017347116637
-0.03884512975987948	-0.0007101910206188119	-0.00159962342546308	-0.0006565994212845871
-0.02599686461360596	-0.002311102764749809	0.004233399033542873	0.001489092319980953
-0.008538464726280693	0.004091030764680568	0.001046902860326943	0.0006156033651384743
0.0006458919304995101	0.002944564001264992	0.001442571527037013	-0.001034195007443609
0.006280698920189936	0.008652435041923982	0.003739745729437576	0.001641814746863681
0.01218374253976144	0.003475055883455904	0.002239327544724871	0.00127726572659066
0.00885661558308105	0.006609225187839183	0.001959161232123751	0.001288538872533221
0.01086867139479251	0.002977583209442293	-0.003435880812974076	0.003097603316921179
6.724701594270119e-05	-0.003826185653472684	-0.003304729540212902	0.002316484202041827
0.004688754368519397	-0.008821792920394004	-0.00133547438558755	0.0008556699902201161
0.0115507534238558	-0.01627399334139122	0.001810983434340372	2.097869758395219e-05
0.01651405319535265	-0.0114517529516676	0.000569703960653516	-2.636661662041133e-05
0.01524677289495718	-0.005359119312826624	-8.704281923698486e-05	-0.0009600763611598002
0.002468773528489542	-0.005868324909796191	-0.00275520639698472	-0.003183394156696077
-0.003187811041025989	-0.002571182440021053	-0.002327317072772474	-0.003600001404141853
0.009244121920092557	0.008645578692873364	-0.001228062040279295	-0.002149301193157289
0.01563194072470889	0.02729010797392556	-0.001316200746709114	-0.002757599383679601
0.01218763726159533	0.03203477164398082	-0.0003477099787711899	0.0001910738475829383
-0.01748100282395627	0.008928439711573888	0.003165115871526611	-0.003884926769080043
-0.007559653788898443	-0.00396670620285086	-0.0006092039133357528	-0.002699198265743292
0.0007391442990826462	-0.00942645937289689	0.004527510243854353	0.009543287186660662
0.001959103772687342	-0.00689492387122413	0.008255551955014527	-0.0001246508062960786
-0.001799794498505609	-0.008066661955028897	0.003443120690561735	-0.0006994906601222118
0.002220339916005342	-0.01130986915725386	0.000605815288216801	0.001766083556741711
-0.001571233098386342	-0.005644153863994812	-7.995279518062895e-05	-9.968628596898014e-05
-0.0009154625823650216	-0.007161563034763812	-0.003634683865124818	-0.005057821017610039
-0.003754136463544564	-0.007748706341779486	-0.003545022083058568	-0.004407671023279311
0.002472614433851675	-0.001053581304234951	-0.000167236110440285	-0.002587069213982131
0.005257309033389507	0.001246893972295964	-0.002083116582772097	-0.005945071723377006
0.005794222662688386	0.004687206304641791	-0.005204213975075932	-0.004400458081140801
0.009048103616128244	0.008425556928815517	-0.004596837492895261	-0.002340682038614469
0.005924015766449673	0.01009334923679897	-0.0005574463716792283	-0.002156578408353239
0.003378948374484299	0.01343644957260171	0.002359408110517204	-0.003475932102328147
0.005461656982100676	0.01472642685487719	0.004584206300217771	-0.00435666601711997
0.009233263511686603	0.01315880653349019	0.00479665053810363	-0.007144335092683438
0.004550650460406387	0.01584329276818013	0.006131144803979885	-0.004770342461406194
0.003079277274486154	0.01042221538790862	0.005377671521410703	-0.0002292529573661921
0.007312176676141696	0.006410288553214208	0.003895120566503262	0.00268326867379756
0.006909346086667338	-6.782365184974259e-05	0.001897003557212792	-0.002616221608075853
0.005772686953678669	-0.003815420132206591	-0.005457110504800888	0.001344086515350527
0.008285678527557216	-1.041649604543581e-05	-0.006780327228474528	0.005951043897371579
0.006867411426265668	5.507197526446615e-06	-0.003205177724511228	0.007795983095144655
-0.00774018219497829	-0.001098144413115441	-0.003070657735982215	0.008524353409219431
-0.009183428272249347	-0.005591301274996108	-0.004643796891773687	0.002405212928115151
0.001953782228778817	5.558711975641467e-05	-0.001928071386061266	-0.003109864842128042
0.001944612127669412	0.0005287673609418478	-0.001338293408453991	0.003795104177367373
0.004078302534572621	-0.001858236291990922	-0.006462295001930602	-0.0007604298526396507
-0.002893771993967351	0.00151958086786446	-0.006515487991540789	-0.01625176634437261
0.01206427418420618	0.002144324622799159	-7.050887969777374e-05	-0.0148338201173494
0.01279887718195963	0.01000010928942905	-0.003872273894551929	-0.004613700070963739
0.01739000499028668	0.009741068468308533	-0.003295871750383643	-0.004704966475994305
0.02256869446602786	0.005782550912728345	-0.0009085954754899585	-0.003071520923950389
0.01924007803052317	0.0006776658514159452	-0.001468810479805215	-0.002968449713974269
0.01232268198550779	0.0002088921314108343	-0.002935601468963513	0.002770911028691758
0.01139931274234137	0.003233771669072729	0.002027390129350696	0.008648580459957891
0.008893543892977019	0.0002272222222726329	0.01160231620306748	0.02732523536882322
-0.002237854389970822	-0.004235081452025464	0.005271390259200117	0.0151245042057716
-0.01400600851046638	-0.003331934990890925	-0.0007453905392237126	0.004190862679384725
-0.01900054496921702	-0.0008441140113458446	-0.0006573708441754468	-0.0004512726277456165
-0.03485591945085838	-0.005257815592844338	-0.001634392629257052	-0.0009682515337643253
-0.04885769878635457	-0.002838582621170704	-0.003772787595847342	0.0006771098990241928
-0.03661516436893104	-0.0003247703934708056	-0.003595788303555127	0.0009895265654386149
-0.01482000944526363	0.005339794886176537	-0.003288921631211093	-0.004677715830783712
-0.01550982065913628	0.004809849361240583	-0.004121776685261782	-0.004414471442598523
-0.007175564048490713	0.007818732985492004	-0.0001211861641114285	-0.002841200840030676
-0.001637159244916223	0.002324262259481734	0.002768120935505071	-0.00535764955743422
0.0009792461286335149	0.001677941743358929	0.002468784053511308	0.002674549027110971
0.0003973687455675017	-0.001146655234608069	0.003130127601637048	3.193814321904157e-05
0.001903413582463466	-0.0001541736858168865	0.001321052751851292	0.003531239726126717
-0.001075479316793851	-0.003458626394435974	-5.518977650076785e-05	0.004949811348973052
0.002494072758482407	-0.001102064056247927	0.003245888599133367	0.001860304274707416
0.003361715485752143	-0.004624060032935621	0.007197979063160154	0.0005493087735128242
0.006897632819691159	-0.00228214766144676	0.009304989694880576	0.003858825837069009
0.005020474803852017	-0.0031087713241733	0.00713751483707102	0.002775260593899292
0.01699597780170794	-0.001393414130451375	0.006325077242269027	0.0004516729603690725
0.01328865017619708	-0.000164663428987786	0.008513319997886589	-0.004402202004684732
0.002311527806673016	-0.006944231621505623	0.004884351958293909	2.859100785020834e-05
0.00259499508202663	-0.006773286187761411	0.003087680369080759	0.001553766705186719
0.009247870002600538	-0.008309438589445009	0.003475436132712397	-0.0002673555344429626
0.004821012719564932	-0.005611429408482305	0.0006271472475890729	-0.003565135831763062
-0.01893093371011716	-0.005802872973952672	0.004074881419571663	-3.944613130132989e-05
-0.02152132744087161	-0.009758424503472805	0.001022055710293412	0.005283520947439086
-0.01586165601543448	-0.008807389093260082	0.002954184914676711	0.01125583076342022
-0.013992978491559	-0.006934992859576572	0.001590053015349656	0.01002583643810388
-0.006831499196692347	-0.002167881228584123	-0.001350112276404216	0.0008405428197432987
-0.002264254532477156	-0.0003256163784582527	-0.0008941509393331807	-0.00175046273220046
0.005022710721777506	-0.0006634198841710933	-0.004955403112293526	0.001856302807439979
0.006444335895857866	-0.002349626532575478	-0.005365005519716701	0.0005667274567475668
0.01398824147306904	-0.004714389970687028	-0.006172342299166532	0.000163181657733786
0.01599893458478071	-0.005089118052865662	-0.005060133684828352	-0.002533903156359587
0.01562873832056697	-0.002333195865693718	0.0009644223511302071	-0.001491286439212012
0.01842183007101086	0.003521597986834507	-0.001368226035225226	-0.004285957238755421
0.01612381225294917	0.006258690697536177	-0.001369144168974291	0.000624866854581739
0.01016174823738275	0.006083358721669455	-0.001744966374341465	-0.004558479010434376
0.003381895893781085	0.002869028780663089	-0.004106819512799348	-0.001266878436213789
0.007388785614012048	0.004712348533438823	0.00220281788590643	-0.0002938374248211867
0.002535394212332882	0.006178232365550077	-0.001128960335637472	-2.889760386959349e-05
-0.01340499782149385	0.002309008511180015	-0.005193101487770943	-0.00616267525990797
-0.01779850142324773	0.001457432322900087	-1.236996399400759e-06	-0.007815912348497272
-0.03528370143040528	-0.002853308183825831	-0.006107006431896034	-0.007962129666919534
-0.02097349260715067	-0.005508724598214994	-0.002655854137270483	0.0004000858933078204
-0.01500331898317876	-0.001127660266336374	-0.001840099856639107	-0.0006201979739794419
-0.002570792870043123	0.002809444979053118	-0.004115064868249615	-0.00155588247946553
0.004551998233029601	-0.001483958830102478	-7.790109888899325e-05	-0.0009177463294193183
0.003952004687918106	0.002266113645677146	-0.001531668380170559	0.002286410419459937
0.007338203103647661	0.005051024916909779	0.001920449135111369	0.002649200875868698
0.002866378193687693	0.003378403160191046	0.0004000173501259977	3.11639123463099e-05
0.01166337612645367	0.004151272833955489	-0.004192816351513746	0.0009962818237055793
0.01252606833285555	0.003208363531859339	-0.002674963232145543	0.0008619350675374721
0.008958619222454719	0.00440434915070719	-0.0004511846434029707	-0.003369097988571056
0.001938639560037952	0.005510871934261769	-0.0004889676641057681	-0.001958005264223174
-0.008929381169212512	0.002563909818133994	0.00181355551271642	-0.003925537104334463
-0.006997821143387042	0.001146109979246791	-0.003497077419754243	-0.0050050001964604
-0.001343946697095684	0.003416320368045131	-0.007424660487644138	-0.005554884763300876
0.01045444852130989	0.002907909048282907	-0.002020566032013426	-0.004446182502931051
0.01087289698297036	-0.001938367577464573	-0.00117453389297518	0.0008901099117981542
0.005160804105943925	0.0002580634196938197	-0.001062437120411261	0.001209763603872019
0.01449848283878294	0.0045359329655459	-0.001391699112799909	0.006200876199233506
0.01934785027868345	0.006247680277749587	-0.0004473249763223915	0.003145606279049101
0.01498737584806427	-0.001930527931921416	0.003146888212319632	-0.000374009271226924
-0.006674520529598253	-0.0238476679910786	0.006957926404714663	0.003711522877213643
-0.004776170174714264	-0.03018331331426784	0.005112586876520006	0.006074915623403263
-0.004124936901885964	-0.02358824875514638	0.0003776476451236225	0.007860573348224136
-0.01229577048626325	-0.02044329664053958	-0.003426838330371967	0.01456490949862214
-0.03576043860484116	-0.02130272240576569	-0.002363635024374883	0.007951228702109368
-0.01483225771036438	-0.0166830808121685	-0.001699741234457674	0.005020075984628634
-0.007761483578296296	-0.01463977207216853	-0.0008638188074329599	0.003923862738422169
-0.004115115574254422	-0.01204748842628461	-0.001656270999030112	0.003015689429458482
-0.005155181208865525	-0.009501294475973044	-4.831994488470543e-05	0.002522434141601782
-0.006299719227059337	-0.005363573382368497	0.003289338395903893	-0.009300528669039888
-0.006204245888770516	0.002793213421357673	-0.001691537789729494	-0.005543707817632668
-0.00321078944956677	-0.00082022297711259	0.002684201338853089	-0.01999218954909748
-0.0005103013994872266	0.005876702956655728	0.003067480203945261	-0.02665675036227945
-0.0001688976909567166	0.02727046824422194	0.001889987961871178	-0.01333208221161012
-0.002247750480741804	0.03516960619610365	-0.0008499229124866738	-0.005007453955721769
0.003357412490417266	0.02123704825423348	-0.003557955724079203	0.002306214672361847
0.003535483538013292	0.01483946867823205	-0.005664933357083349	0.00292698434079636
0.006240955215857994	0.01353126154338956	-0.003569828713633558	0.0001007489219767834
0.007910411303972619	0.01308020553406329	0.005007579425515665	0.004508420408291804
-0.0005977151595583754	0.01134660716583986	0.00247284682279147	0.005443771153627987
0.008971182621520926	0.01575202284928515	0.003913271972347145	0.007833599033857431
0.01359364529431335	0.01530913692204507	0.006821241636321368	0.001448488376530423
0.01408202162745516	0.01803262500968655	-0.000632627841455621	0.002376243116853474
0.01731886661056999	0.01973418522331873	0.001938296138585872	0.002198234858662922
0.01811407215897093	0.01221993017386221	0.001633910077847538	0.01022648286278468
0.01401205475818641	0.01006316052633074	0.004656842763348277	0.006344737891983138
0.004198527239107394	0.01002588959002934	0.001146837459687295	0.004100463264374493
-0.001878542451237212	0.006569078744581568	0.001047257490477325	0.003811517656562153
-0.004449721733943787	-0.0003810616728583792	-0.002621592918468325	0.0004509179911646149
0.00838246232468442	0.00346987168698873	0.002468281605315563	0.002809929455417112
0.009287294983224954	-0.0008976582754271275	0.002519804841794848	0.002127120121946034
0.002234338883063205	0.003598689501338664	0.004798124807980307	0.002001347278532118
0.00277674916317397	0.00266446925776572	0.002534801686815993	-0.00398125883998075
0.004883520991939443	0.001667003601780982	-0.0004701031457499611	-0.003422748666984906
0.005022114425209733	-0.003310595641583476	-0.002157219630428483	-0.002464398548336414
-0.0001967637742005988	-0.0001761784706203508	0.002431757303686102	-0.006543510129877211
-0.004958543160536781	-0.004942055501040855	-0.003461153713147865	-0.006689050419930421
-0.02517124009798225	-0.006571732820056718	-0.001522139073603327	-0.001983174580384891
-0.02905348373356946	-0.009257233058281326	-0.002773540323837357	-0.0004992509617876172
-0.01507695448812486	-0.005572318378895267	0.001045156676508801	-0.00563154056789544
-0.005655288161294851	-0.00269256475903126	0.0001282592076431848	-0.001181691231962891
-0.002160916254016993	-0.005692177945670699	0.005468439418168984	-0.003967908918791369
0.005921383793424772	-0.01336450289083755	-0.0005177426939545001	-0.002552045343262048
0.007403209646870146	-0.01654225136858082	0.002064773552252237	-0.00470226686275064
0.006950403656630174	-0.009636382731259822	-0.0004356148706658729	-0.003541862296793255
0.00567549320587853	-0.01201451632166206	0.002682257508572498	0.001115174411909825
-0.001392798437225719	-0.00336845179621811	0.001972121975460458	0.0006815268723773957
-0.00241472518272406	0.001384817147929782	-0.002408203782426502	0.01406482381681429
-0.009158016890328245	0.004689551737966552	-0.006613990661016301	0.01122039630631955
-0.004988667733060233	0.006612503594061948	-0.00379899157654123	0.006587673264767775
-0.00105526326161109	0.004864557200299327	-0.004580617038297379	0.001170207928928677
0.003456067262012435	0.01250874880981353	-0.002782373588579813	-0.0004331224747132652
0.005627504610686643	0.01361078812729878	-0.002051513433234295	0.0004395248265380029
0.008267520147095168	-0.001837155345655925	-0.003530522765605482	0.0002957452127443871
0.005267861833661079	-0.00977728144092127	0.00173581429841435	-0.002269013059526215
-0.004068199922287462	-0.01704465481051812	0.005359239819895579	0.002693667790710153
-0.001654992234070335	-0.01515980580899463	0.005352728368470105	-0.0009306546812122836
-0.003362636461692664	-0.0220348692657673	0.009494054248003833	-0.002896983255880893
0.005411143001619221	-0.01825865713892018	0.00407949372923286	-0.004896174060995916
0.0104467725208606	-0.01793994969360757	0.004362517004891547	-0.006216347786659309
0.0110419509684103	-0.01634494818898006	0.004952099183731707	-0.003697251704314156
0.007357577855663058	-0.01560301789567905	0.002431749458592011	-0.005754608423612557
0.003096711677678364	-0.01782818369712772	-0.0001331666650893955	-0.002150905263666864
0.0003954963178577305	-0.01286826360531619	-0.001459637695434633	0.00786436864300083
0.001679875516939859	-0.0081347840408487	-0.0007806228159865311	-8.381215385340731e-05
-0.02084313062486393	-0.00827014033190991	-0.0007734118737647605	0.0002752312885402787
-0.02211329437059502	-0.007265993021881667	-0.0003501700203245974	-0.003792425575769134
-0.03369087781870964	-0.00389295732650634	0.0003368071392333295	-1.190259524754884e-06
-0.04382930415974758	-0.00269591678291885	0.006850939918061048	-1.222557447346282e-05
-0.03187910212042185	-0.005069113872396685	-0.00109321565951533	-0.00156057513915474
-0.02488686614489694	0.0003707638460144177	0.0005863495271161432	0.003927040358645748
-0.01495137523229817	0.003982483300323166	0.002490599789069082	0.0090265861999576
0.0001889121899701055	0.00848933369379601	0.004453221871174531	0.01804765901719335
-0.001668687636057034	0.01461533430876503	-0.001400717948508655	0.002104250528857912
-0.0199226835074698	0.01693790690410641	-0.003526644958736902	-0.008193511708367603
-0.02327848535471169	0.01718929257632733	-0.0008209076331847408	-0.00401866690081427
-0.02416048672446606	0.005420104755263107	-0.004723469178893539	-0.0009468475772452182
-0.001205788713678336	-0.002327121395170586	-0.004302043809254054	0.001117493060062308
0.009118213360093205	-0.001723109065937241	-0.005003615756413289	0.008544076609421396
0.01389804489269562	-0.001005897647898173	-0.009148047087593654	0.01019382089335938
0.01533790960157951	0.002841865863499829	-0.009620565220074829	0.01072261940482538
0.0172748642358677	0.003204267551505447	-0.006929305153597254	0.01208335384172875
0.01559023648510207	0.003867813499513009	-0.01163872184175642	0.005261507363922375
0.0130602860119206	0.007485130450183147	-0.006612363868700392	-0.004392602355796373
0.01395740678896697	0.02784243925158186	-0.006917886012977416	-0.005531900704990536
0.01560755475912776	0.03080548011838316	-0.003391540342865766	-0.008650843269877088
0.001523710840415049	0.01046907413857352	0.0004801901836423629	-0.02240325224489005
0.01283884813448847	0.00116156479640192	-0.001137330642107749	-0.01938619026667431
0.01367776199886548	0.00170358846728617	-0.00160342903719977	-0.01561750371249545
-0.00176705634697805	0.003444768816794661	0.007027077535911828	-0.005551568499973717
0.002516255107026683	0.005764426182291617	0.004679392818551756	-0.001865360091090589
0.01038887807821033	0.006735517440443879	0.0001040911247982025	-0.003588454152274268
0.008182581082650195	0.01235135837544245	0.004899724016852769	-0.002053881384696321
0.007445180149482136	0.007026502236004106	-0.002756375002346721	-0.001500892750540364
0.01036988658083499	0.002848100401751647	-0.0007596556802811033	-0.002737487788056785
0.01062291525964259	-0.0001120698639419455	0.0009225894841584013	-0.001554097151044399
0.01957815506307351	0.0007272100627359301	-0.0008228212013378273	0.002051284494984327
0.02052381108122361	0.0006251986908774128	-0.001866437868935337	-0.002355337745554844
0.02506279432309262	0.001909808019441734	0.0004053365788611311	-0.001525680173715819
0.01909209746314803	-0.0009574885024182678	0.003425386740274988	0.005531626313881822
0.01598372864821311	0.00174698397183556	0.0003553158663783583	0.003868811336611156
0.0212254077371039	0.0009943314980013053	0.002621841083937708	0.003947560445849314
0.02907400844927651	0.002557393508331055	0.005089210149347079	0.005662207700675094
0.009270163972465934	0.001478871332716821	0.005426115225130046	0.004731149190668858
-0.01518578432248332	0.001902114301756403	0.005629963209411889	0.00376186749597961
-0.01006564812074846	-0.002553656961802484	0.008135371092085583	3.972764802816315e-06
-0.004616984599368702	0.0005359316215918871	0.003919703712304088	0.002670660322594192
-0.00658075457864571	-0.0002556629542828269	-0.0004391836067572423	0.001261019220764898
-0.002206906723421376	-0.001307113590978378	-0.007682763170129702	0.001224950907128825
0.00152304722242298	-0.0002385162252225044	-0.01018360418178373	0.002030301865419841
0.006088644981632616	0.002791729390079828	-0.01059531511021343	-0.0006516951600192843
0.001465454114904826	0.002107692828742549	-0.002337694936283458	0.002917348466838193
0.003889491621300656	0.001123154781958623	-0.005839266146597548	0.004968348151660764
-0.0009494078004632961	-0.002939327961509089	-0.001751467040470477	0.002277442586409596
0.001862489472652187	-0.008596105583276462	-0.002556618156158391	0.00621505297390997
-0.001853081494839371	-0.007776519954107134	0.001151350512157093	0.005276503654461074
-0.002999483731235269	-0.009152607365323384	0.002969901641870821	0.002367674061880899
-0.003394891538473418	-0.005835002570668253	0.00084926883950804	0.002670078445701057
-0.001872907965249586	-0.0002514386013311774	0.001349291485676032	-0.0006214400352264829
-0.004505496876232093	-0.0004061555459886392	0.004465456359995894	0.003225319390694117
0.0009452254753447299	-0.004927503200784322	0.005152625758131766	0.001418692412348749
-0.003474629644300249	-0.00994724940553139	0.002294500525148149	-0.002108770504592493
-0.005493714300809872	-0.01355467060431522	0.006589442261590234	-0.008106677097999967
-0.005199489643417077	-0.00781652080186666	0.005160341803365305	-0.005851701461958366
-0.003682601040023199	-0.004824413727321163	-0.001375119310887548	-0.004708596880117938
-0.002429773467844427	-0.004751006743647644	-0.0007428095424665394	-0.006136569058960943
-0.003008785850932579	-0.002418238717027354	0.003770051472709329	-0.007660092045309432
-0.004525657332429925	-0.00424189571458583	0.005684365927573773	-0.001853338075357945
-0.01227950562799898	-0.003837770292697257	0.01062377871568657	0.003610550357968935
-0.01582432459309001	-4.804402301323733e-05	0.005582503236204431	0.00986416297081686
-0.008369722647480815	0.006306376310674344	0.004032528169466186	0.006930453439414482
-0.004884497508164515	0.009267370728587354	0.002477578121623344	0.0002709234692963759
-0.0135051397964623	0.01009097330200699	-0.001408181506608677	0.002427702820181083
-0.006207301492276999	0.00599533956371914	-0.002473808188999691	0.0031340369968764
-0.0063535309663841	-0.003583383680318296	-0.002098207576482496	0.004812285893439724
-0.0182520406839115	-0.01095219040604836	0.002580297468724471	0.003815983469075632
-0.01354042279868868	-0.0168074377928769	0.004569749781057017	0.00398403491416402
-0.0140303657964655	-0.01778671743961044	0.003854243319551763	0.0009279574860226651
-0.01159825159662132	-0.01616821177608222	-0.005567004360003516	-0.004701193293542588
-0.006571949324251609	-0.01078127797463542	-0.003691399041960787	-0.006363833219502538
-0.006048748465645316	-0.01153393825570852	-0.0007041096300339652	-0.008980983453438247
-0.009009412484394554	-0.009739182829402768	0.003704072530448643	-0.01410996867192992
-0.01020851574396144	-0.0145663732783909	0.0009715003906509061	-0.006463919745148877
-0.00769118558593531	-0.02202117279498367	0.0009666045227230354	-0.001890950463635266
-0.009395312877992262	-0.01352773807425545	0.001598938072914494	-0.003008452176282766
-0.005352564144394137	-0.01036354656644984	-0.002062431572544221	-0.002254882090395245
-0.002913829954254219	-0.007320544247897341	-0.002458137301941912	0.0009567397660352406
-0.001159168046406172	-0.002802349235090469	-0.004509260342932926	0.001924268233928353
-0.001980453809335109	0.001502746447777096	-0.004795443047524446	-0.0009346750753254788
0.008224862523014425	0.006951831095795599	-0.002084297682153842	-0.001114516365583393
0.008793993965047112	0.01614411892729076	-0.002969090470053348	-0.002070196388418895
0.01116256941964234	0.01191245636865122	-0.002414830328089975	-0.001225862621455251
0.01500213780583689	0.01075888795145367	-0.003598503474905799	-0.0006341900679083729
0.01345576831762476	0.01532627522770392	-6.738121284053002e-05	0.01017654522540284
0.01516715800317052	0.02083904599503678	0.00207920419275404	0.01180414540073687
-0.005797442021106702	0.02499469605394785	0.0003699501623540165	-0.0009831535983713616
-0.04760342140722043	0.02469923925327524	-0.001371844040800418	-0.0008629320551776689
-0.04052097724887732	0.01832263914068234	-0.0006724445615798461	0.001956341031169942
-0.01334227042332934	0.01521210008986445	0.0009691973105119725	0.007624234629706947
0.005801620668393488	0.0140691349013065	-0.002422137738203087	0.003755286553461486
0.005485283345740997	0.00629159197318164	0.0006272086785986459	-0.002744162894879968
-0.005508896830021454	0.01071742554114079	0.002526357791961559	-0.002908548912842188
9.049836229761839e-05	0.009769364275648828	0.002183601419795833	-0.001391200568242602
0.01330415631594974	0.01261153381277962	0.000762388534692886	-0.002653697976664601
0.0124014892917654	0.01531817294607559	0.001167024835602312	0.001558597930170089
-0.005651369704425722	0.007567465381579938	-0.0009841573243335126	0.002115947565331318
7.040430913535321e-05	0.002247461955871406	-0.00494009018212445	0.005108225727592468
0.00649267128035066	-0.002009076196750459	0.0007986647935064366	0.004268570546870383
0.01233605116249574	0.002109635121182719	-0.003247393981447664	0.004079014058919411
0.01712504140215235	0.007748961070995705	-0.001304001474199751	0.001983742543976882
0.01913482675028926	0.001781137756758541	0.0003725781830096756	-0.001469866000547799
0.01620563983829915	0.002264924613346118	-0.0004598207607154156	-0.000633804002388857
-0.001249568852082144	-0.0007074971972632385	4.932878609510718e-05	-0.004681227421861018
-0.007602726151849606	-0.002072515892828263	-0.001264311686459933	0.0004787488773408734
0.00432860677021916	0.01280376206096868	-0.000536799155649373	-0.0004042367163439617
0.005516644547692843	0.006938709462930016	0.002101626240248581	0.004713296561993933
0.01024350247069105	-0.004842740535889581	0.002933439745357666	0.004999842639025061
0.008259178088365205	-0.004080670902684894	-0.002194737583557105	-0.001025136040682489
0.01587960104201678	2.923237926159345e-05	0.000303122967903435	0.007399992335473325
0.01049925240613369	0.004316899953934533	-0.003609479477633822	-0.000429246540075379
0.0151741682540891	0.001256139483842358	-0.003999094108170651	-0.002761485315830073
0.01260603783165044	-0.001345362277335009	-0.007159432443670858	0.003689797329816508
0.02026592290225052	-0.00455196146766415	-0.002495713127087803	0.003698124511190856
0.01440793587874566	-0.003915985293681893	-0.003116820946079369	0.003177644966594697
0.01786975757994368	-0.009772741876493294	-0.0003003547605791589	0.005701506391487322
0.01957254608018101	-0.0126156152582485	0.003530435159759907	0.005694525556819129
-0.003077492336684815	-0.01741197697195724	0.00611939203204043	0.01621968089851513
-0.004668789869187402	-0.01482976268332992	-0.0005005955907088223	-0.01546726269856736
-0.002211596799202021	-0.01076230388961501	0.00175283058963508	-0.03324665459780467
0.002895545648808548	-0.002330403047348851	0.005890080413129934	-0.02288566508876213
0.01298374701811039	0.001040482484876233	0.00440413169752204	-0.01176081683476772
0.006869302229255857	0.0009581846031669647	0.004379286440995321	-0.003707510143514879
4.055125463945454e-05	9.62224865328718e-05	0.001383049558187388	-0.00566222349489648
-0.004431088112650918	-0.002475830718595632	0.002136996487332826	-0.002075467579925567
0.004680952817446921	-0.01215902894354016	-0.001489596923083534	0.001254696817822844
0.005628161828339496	-0.01437316233455143	0.00137238320199247	0.004748998235516749
0.003270796301719429	-0.01201793911576366	-0.009125491110313397	0.002210717235623235
0.005074639381572529	-0.01200653555863099	-0.007757059575865557	-0.001364474401553997
0.002107565209773341	-0.005538695144318792	-0.003045272806811913	0.00273368056472991
-0.005426231787513027	-0.001893435520869254	-0.00223536548621868	0.01032630709830008
-0.006175133336065652	-0.003477406640098209	-0.001447771300706076	0.0007333483283904484
0.002313867547088663	-0.002260537214108929	-0.001161826096238062	-0.003420957264494984
-0.000589497585935761	-0.005211012813931954	0.0005860628453769303	-0.004008764814382101
-0.01096659496781978	-0.007813466598547227	0.001566583926852627	0.0006466974748424198
-0.01941099492141634	-0.01359529558723738	0.004258110190462987	0.004221147472089525
-0.01903629357539296	-0.01454567660178001	0.001760961696881233	0.007914078815903282
-0.01487420260749006	-0.009342100883404744	-0.0005360838244639734	0.00141365700605742
-0.01254105060508809	-0.003274709541286087	0.003291324171247667	-0.00278375798915593
-0.003776069167673892	-0.005300752400176182	-0.002130091982100406	-0.002701575661431647
-0.01184664106682545	0.0005264487498280745	-0.001368374695573723	-6.971753317296003e-05
-0.02080494691019074	-0.002483109108372532	-0.0005328901312469278	-0.0002391736827896728
-0.0238733134922207	-0.007792070676307036	-0.0008691877618090082	0.004369481112335483
-0.0164864509086537	-0.003342309414431146	-0.002713168329206971	0.00774002671182792
-0.003071467382783961	-0.002279289545099418	0.0007179464461591572	-0.001334005287255454
0.001167996370297406	0.002632151392357494	-0.003209253794135861	-0.00616948589218366
0.001023488034502107	0.005331534760757374	-0.003253984673514286	0.0007167694799864316
0.00413284150005159	-0.002444892135790436	-0.00122821429608939	-0.008435362496081067
0.01121273366558345	0.00309501113852685	0.001029575721159546	-0.00402981402297354
0.01125923927832228	0.007038425979932092	-0.004569039171114775	-0.001101758257720145
0.01507191665047138	0.01243435959063165	-0.002363344078854425	0.0003434348318155289
-0.01466484608949381	0.01266513502145147	0.0007079453902554112	0.001151986561147505
-0.01224925904197561	0.01345038395663622	0.003214409886938541	0.000599626832334912
-0.01369529502421542	0.01139889125438628	0.006231657956285992	-0.0001856163204572677
-0.02649468475240436	0.01382248392225711	0.007951269283694291	0.001683412891746938
-0.00703034773202284	0.01334099042972433	0.0006362083073200577	0.001744098902524404
-0.006238515438788305	0.009729939068741252	0.007248021922607727	0.0004209660535166701
-0.01029127836445601	0.009347798209531072	0.005736843444401483	-0.002833512718628021
-0.01329857613095097	0.008696912651259292	-0.0005772310247645709	-0.002175074679630165
-0.001934115255760908	0.007462699528682918	-0.00139286307080302	-0.001794347394037274
0.00832519588305039	0.006659859215808744	-0.0005616939605684293	-0.003713287328100803
0.008960855635517365	0.003038264954383189	0.001628902032235938	-0.0001720013105410523
-0.01192608612645124	-0.0008423148689169448	-0.0006531572173891187	0.001546857814207043
-0.0005911588294458021	-3.875013443246289e-05	-0.0004847588305298574	0.0025874950157228
0.004775690723262371	-0.00313179476778661	0.00371808616229523	0.01603453671404484
0.002005205908925005	-0.005485691155382038	-0.001263522367291663	0.0123843899520996
0.004248790269266867	-0.002558313783548932	0.002968346202731889	0.001557801380551807
0.01047308477824207	-0.002315323262954549	-0.001323916985826925	0.002768806291683713
0.003157781683027066	-0.004022112703954239	-0.0026088826762347	0.001154674221098574
-0.008528582909975199	-0.009263278737562979	3.264246679707966e-06	0.002639123005018416
-0.01075088803164874	-0.007192090020404899	0.002826844073835473	0.007460516421077145
-0.003182176325290051	-0.006754523815184293	0.002564173228574771	0.0001738338296744447
0.005808049643542455	-0.004451477953891909	0.001760473142441685	0.001143828749481436
0.005131162650714109	0.002190987621615164	0.004321759244350356	0.0005194396436111919
0.003694991451941225	0.001982260634684621	-0.0007641123171657594	-0.0001719353109274104
-0.001230632662452191	-0.002911085440047732	0.0008232085994018716	2.611765022301151e-05
-0.02278573032058071	0.00258609113845249	-0.002105186664753951	-0.0009283322402898263
-0.02306485908281833	0.002048845969613789	-0.0005851526068052369	-0.002505485638769817
0.000270082485585921	0.001160648427318065	-0.001472184607629866	0.001860003287208965
0.008818800483979405	-0.0001480030798189706	-0.002690005790999722	-0.006639233071141381
0.00746827706289387	0.0005280408842065583	-0.005504601133604368	-0.008199246008818188
0.02009527717132781	0.007545912516987213	-0.0003134716323836592	0.0007080618757097481
0.02394644963224844	0.003385958358770838	0.0003750421910185158	-0.002112998263098419
0.02531034422249618	0.005579873707884957	0.0007211864876981671	-0.0009229276899937194
0.02141688672462162	0.01163400115192683	0.001190408513154207	-0.004253806788790837
0.02174821755099621	0.009673244978686428	0.001917042530289264	-0.001533626342952863
0.01504915706843703	0.0144889703450129	-0.003873392454362494	-0.001646086992559206
0.01535350747279723	0.01427952771131865	-0.008941803016004446	-0.003610423847873633
0.02271779613751182	0.01723035605876737	-0.005491805699900065	-0.001048961853724837
0.01313285255439846	0.01084144767679583	-0.0002408257781617271	0.0005111911454218891
0.002419214084581575	-0.0009264707486879409	-0.002022296099366794	-0.002283680780126171
-0.002876437531163653	-0.009408873321669176	-0.001208930487613215	0.006834538948638801
0.0002028831829301101	-0.017480002799721	0.001502106770999688	0.007064207685291788
0.002440550088348943	-0.01917056417104623	-0.003326720754204882	0.006233828174703054
0.0005478881701901017	-0.01736946072885099	0.0006124454583678761	0.00818690919566188
0.007097210030739133	-0.01408622074866667	-0.0005916805605844486	0.01262820736939543
0.01042161616733077	-0.01462954868876339	-0.002299524321930551	0.0003832201574167897
0.007741499765135971	-0.0146142242057629	-0.004158166327094258	-0.007618264957572281
0.005837374457047828	-0.007335086893871557	0.002003051018553313	0.0004392042878594839
-0.0002551502192992782	-0.00391054438137206	0.0006313420455852654	-0.01532886342786299
0.003679842969898329	-0.006737060879423444	-0.00154508369130104	-0.02114421359495282
0.000595607505388133	-0.004188654321913638	0.004568880183982475	-0.007679068631770445
0.004526152071395071	0.003455715704680114	0.0004359303270488628	-0.002666870193071052
-0.02999871072415495	-0.003568907054275865	0.001018525893972221	-0.00188325345111021
-0.02440913536801587	-0.002307977160297516	-0.001710565683767942	-0.007918957585675981
-0.009568366804130493	-0.001031701972763245	0.002702810761227083	-0.006340140926685306
0.001763904984570113	-0.003991842479060897	0.002099063253812129	-0.00266602565838343
0.003686169129383773	-0.004213760498680569	0.0009845505738514712	-0.004352961282465415
-0.005202292724397844	-0.005104912528308005	0.003227332201875669	0.0001663209040373995
-0.009718738766142177	-0.009392010517956323	0.003805218364696973	0.000192244524862158
-0.002812122668767011	-0.009941786657880335	0.003496587863085061	0.008972804902906452
-0.005821460743484922	0.01076950141318191	0.001426214363143272	0.01644494974859391
0.001115593917062923	0.02460601659887514	-0.0006767064137852461	0.002521683599996587
-0.002182811382580217	0.01096169109697294	0.0002251322896376631	-0.002959846098565033
-0.003459407035983159	0.00133395094459252	-0.0003319648331145466	0.007148415667702034
-0.00479517799127619	0.001674473009104222	0.0003999180723456782	0.00918094213690456
-0.003842915864503896	0.002349356070543652	0.001238030176381274	0.005528920981887793
-0.001553348800098415	0.006136646202253138	0.00443015641578775	0.002610321230556958
-0.003474527650713272	0.005421934701437138	0.001282596016380217	0.0003602246179246852
-0.002409877517261039	0.009613490934109384	-0.005515257881747551	0.0003038560759829457
-0.009000763194193292	0.008239088390628009	-0.005972115576699324	-0.002088508083447928
-0.005649735145535235	0.009147567200897226	2.578014638572715e-05	-0.003190112206530208
-0.003082416566555924	0.006454555678155966	0.0008124361036538199	-0.002513561212586132
0.000998032589860573	0.006500313825050046	0.0008378474824829263	-0.005946682964714453
0.003287868230701421	0.005833758749877628	-0.0008393216382053337	-0.005401797457352231
0.009448288805963512	0.003375184416115055	0.001842247228335629	-0.0001761536837068913
0.01097640887499396	0.002487390584701477	0.005167818102849075	0.0002704691656673017
0.00213916708903457	0.003965793906531909	0.004722849153286092	0.00853493543271114
0.007274863274318726	0.002237591485455203	0.0009258335465422035	0.004320726212179308
0.007847975405777675	0.008575819026916934	-0.005391038082607281	-0.00339174314127876
0.005147496490576117	0.004712086928707109	-0.006344049002481087	-0.0001642493703653455
-0.003016306018704311	0.0007387484850104118	-0.00249373031037143	-0.0006037891143078613
0.007272524942825598	-0.006465912524837951	-0.003611379645390472	-0.002869429962758159
0.003984790186369404	0.0002605105778634432	0.0001525432962204393	-0.001757985250742941
0.004030314012956389	0.002751936475150388	-0.004424458390348496	0.0002331102233286361
-0.003300894930284448	-0.003003307037625164	0.001713412195463851	0.01133587191260625
-0.004834124778815496	0.0002513768194022628	0.003747445990167666	0.00760060415356982
-0.007828226213029461	0.00371325319873119	0.003750237589376464	0.001826703895205942
-0.004226887315691968	0.002907142972103362	-0.0004625053433205337	-0.002819525740292185
-0.005429263419690756	0.0009839828840282803	0.005025675756957788	-0.00144880409587218
-0.02110423349586484	0.002629434102467694	0.00450304786881243	-0.007467719265682184
-0.02431089145835132	-0.001537080028270067	0.004810698543618516	-0.002956613065760691
-0.02292023512421827	-0.006668718043885774	-0.0001746218375648077	-0.005446137650905703
-0.01650508306943605	-0.00682904531247679	-0.001773670792539413	-0.007908787525089266
-0.006779267659029834	-0.007214541544731345	-0.0005063206787619581	0.002185199943898044
-0.00073637118781648	-0.009037343404692696	0.002050426909733547	0.003130402106518354
0.001509032954059563	-0.01110502688297723	-0.001902058017654451	-0.001721662368445457
0.002774289063544896	-0.01023051580032265	-0.004028861999897226	-0.008311679359190995
-0.0009176672033883067	-0.01309953490276151	0.001710173475327901	0.003237049161541902
-0.00271946966357446	-0.01231993567750067	-0.0004120771259247939	0.003088039526909992
-0.002761533958532158	-0.004845156255993819	-0.008170020673897738	0.001432032651522199
0.0006725780032739439	-0.0007061854781935512	-0.002115734480102203	-0.002421397182550221
-0.02905713651566898	-0.0005331071792755627	0.002318757867968573	0.002827541354535894
-0.0427500168985083	-0.003791411941931987	-0.001307427903669189	0.001736634802495703
-0.008939901582559631	0.007141293540889197	0.003497744089275607	0.002035859330993216
0.005415030929899775	0.008151149313098918	-0.0003184600530413173	0.002251066505138645
0.003999621119949402	0.01054521950934487	0.00314678203834916	0.001343075033064866
0.006672369841011615	0.007895083729913949	-0.001076361602040921	0.002259923100096812
0.01236538111479151	0.002869282397005059	0.001249297560614148	0.002768163845421442
0.02004715644134458	0.004602715614789739	0.0008184222610547571	0.004352400494982308
0.01721240345482091	0.001702287109917734	0.001758035244705984	0.003033523903239207
0.009363695494700881	0.004596791394921891	0.00231809781061317	0.006693344442731152
0.006969477377185524	0.001971679876929641	-0.00274382767111432	0.003737195630258253
0.004885123576931797	-0.001970512780870698	-0.002411503750799102	0.003396996552120139
0.01048575746992674	-0.007420694550765065	-0.004821932460373634	0.001993665492900666
0.001182568542668231	-0.01436317921556478	-0.000165988066024951	0.0009256780980527323
0.006330820225630321	-0.01296666426908678	-0.002114152998413588	0.002372506656847446
-0.01144499717465464	-0.01784731718281426	0.0004007695392968134	0.0002036939181700875
-0.003331852540649132	-0.01193669605709946	-0.001877605021242597	-0.001078870969602184
0.003981866836288785	-0.004046627225668303	0.0002243332007869102	0.002295084981128136
3.01158961149239e-07	-0.003777159210369706	0.001005447180639547	0.003094987216105858
-0.00532908399866179	-0.01068556575061158	0.001082445417420874	-0.0007126687318755446
-0.008471020356048332	-0.01080982180883167	0.001783590963076486	0.006742652661114528
-0.004637267969521576	-0.007684759476750513	0.004974192912453849	-0.0006864568802034312
-0.01035937350122528	-0.007000957175464971	0.003988921170929878	-0.00451375474745227
-0.005877113075261408	-0.002031061607722048	0.005415325140163959	-0.004606519744464473
0.005326051645081568	-0.000737624917081786	-0.00230262627530953	-0.006345463223336101
0.01235327179065093	-0.0005978618406488002	-0.002136137704122386	-0.02523744713117847
0.01185614320858977	0.001695721448835481	-0.005844416039654876	-0.01746833918048426
0.009449609584424179	0.001815846034152753	0.0003834275314956409	-0.006812982629353469
0.01110333648424069	0.0006213196622383702	-0.001874747902495621	-0.0003081538172099225
0.00774349978267513	0.00383589581460105	-0.004044200413722301	0.002713069476629789
0.01283670367508837	-0.000139567279999816	-0.001036977046891336	0.00401330226686031
0.01328362686215391	0.004590409278997134	0.003346696384425268	-0.001944356703746696
0.0189764642673636	0.0004024301011787094	-0.00390596145417527	0.001843398028276952
0.01778248821744972	0.008674782700126433	-0.0003315489467877214	0.00437045879267725
0.01223550223096273	0.01254780596694507	-0.001846599509733573	0.0005072876963913019
0.01197384843906663	0.01129308594062644	0.001556116036612172	-0.00202698980314491
0.006022799788016739	0.0123729824320535	0.001782384445663537	0.0007717172684763952
0.009117814286621244	0.01355054656239793	0.001655808919538446	0.003437158154502668
0.0156228930266375	0.01333253551229614	0.009323543079531392	0.002799573359414867
0.02125277510073088	0.0136720631584021	0.004325116965052349	-0.000115819160928001
0.01611043846805817	0.01234727678803984	0.0002398272729796973	-0.002630961882474694
0.007522422032164081	0.01550853898489468	0.0007764619188496946	-0.001987813239640183
0.0009165693531467766	0.01041176201982151	-0.001392150130677538	-0.003728885925618155
-0.01591301086521951	0.006052029884572769	0.0005404965357919867	-0.0005521591175981883
-0.02381010496132373	0.008021757992265205	-0.003715968496996593	-0.0009342943892603596
-0.01130610044622757	0.01042781601308695	-0.005412138857279719	-0.0006161078621285587
-0.0032021719486551	0.01115714082899934	-0.004077465100795113	0.004748481273229407
-0.000887323371136507	0.01022115537587636	-0.004347807896705356	0.01050844775563819
0.002664651831029541	0.003150066655227176	-0.0023320575131451	-0.003879599741003451
-0.002637601932002075	-0.002570633479746931	-0.002105096029614922	-0.002356473132502671
-0.01060035072491119	-0.007219086400255545	-0.001613342610643069	-0.003051905271971582
-0.008704119137033334	-0.007521886625716638	-0.004166850024030099	-0.001820150604382958
2.466908727369385e-05	-0.004534196681788968	-0.005798260638374955	0.003204690324078763
0.002717847345604225	-0.006364371688423617	-0.0006347260744673652	0.005551050535645569
0.006301479527984204	-0.003030815595071629	0.00152784664926419	0.006516778178914669
0.007514312726098983	-0.01066085080513476	0.003495980383533376	0.003776660617583646
0.009951845721668556	-0.009520828120532329	0.002210995401781016	-0.0004978118114460933
0.00691221473391209	-0.006600689986979834	0.003072548713078078	-0.002062451002877609
2.062839604048442e-05	-0.00635483001977125	0.003247759318080825	0.004296360241929505
-0.001205926286677399	-0.007254927148078349	-0.00171278621258415	0.001501617676821053
-0.00422808882756237	-0.008183810177583916	0.0008902556929556973	0.008035901626009237
-0.004032079592748964	-0.01427966033941698	0.001791057874465577	0.009533921880668598
-0.006704073367572075	-0.009048744700244672	0.0009360517255507101	0.005367978453052575
-0.009448588686633595	-0.005350449821753375	-0.003463122061662107	0.003358236473658108
-0.00779034002118385	0.001342408749193654	-0.002710359681992098	0.003663759112585443
-0.01281728696321979	0.003343318582895526	-0.001102740817699882	-0.00145416202729499
-0.006204572428515765	0.005868896198037611	-0.002714594560785299	-9.682510992922391e-05
-0.01062063018325078	0.006121918543420011	-0.0009753637997458749	0.0008054377754164626
-0.006056298634386193	0.01570474141330765	0.001883696074396447	0.001835223703898928
-0.01240351283635199	0.01948693014053596	-0.00123696668086928	0.001670579148419285
-0.0177967657032348	0.01326840023339161	0.004089258681483575	-0.000511468228745373
-0.01815515168821537	-0.0004951574302221433	-0.0002520564074517922	-0.01250220983002819
-0.0028911604970218	-0.006372020736252395	0.001889308206722718	-0.0103333392308178
-0.004387542509464403	-0.006574836569226078	-0.001881147680228565	-0.003324141989661648
-0.009097966607889434	-0.004624076647045565	-0.001294980556372672	0.0009732305231248931
-0.006296248164467948	-0.01316812851787968	0.0003895486377010416	0.00773242491487089
0.005652326575036796	-0.01437181799644428	-0.0001029032221994025	0.001174728665878759
-0.000539081885826821	-0.01203975994678198	-0.0001473994757318068	-0.001426963546078134
-0.003302596485439656	-0.01050965920292704	-0.001171056979163728	0.0007170743736307009
0.005151745181112152	-0.005348462777592555	-0.003620263246192224	-0.0004686717174726853
0.0009603464551133703	-0.003310041148741349	-0.002259299917431918	-0.0003284513374374804
-0.0001741763850920423	0.002499685597073296	-0.0009650358592418679	-0.005829811076446709
-0.01021450917183007	0.006828588702002317	0.002661802192771957	-0.003012873895321622
-0.01125202558252535	0.005270443623207187	-0.000161620829196551	-0.006221556606537735
-0.01682071987855378	0.004296570568835303	0.001268637140151437	-0.007368389197201883
-0.02760703422935791	-0.0003731883200442092	0.008246272660996548	-0.005304273373478481
-0.002412100075249949	-0.001867803590421212	0.009050799988281977	-0.001913327605021522
0.007062117333521944	-0.0007837103053519735	0.006375690875831542	-0.003014957387149824
0.005932777234228134	-0.001052234471629729	0.004702962786410962	-0.003379813761809975
0.005536107431352368	0.002504775062017768	0.006080718219342197	-0.006749373055430007
0.008637362899608442	0.002386867233840721	0.001286505858236062	-0.00618189043101228
0.0140834548414988	0.002076671473341735	-0.0003741394468294058	-0.004028101101635464
0.01188604975251915	0.002816760688881889	0.001999397633288714	-0.001522936475313557
0.01725695613717199	0.002575256823488553	-0.0004031418206312132	-0.00272537432822155
0.009177387468119571	6.769997726566983e-05	0.001631417048074256	-0.0009369793352710352
0.001797539343389436	-0.003753269617625873	0.000632406844516187	-0.001539347676286779
0.001345883473777147	0.0003341870519624545	-0.001208932922196129	-0.001643150574283057
-0.0229479692720809	-0.01437468301553661	-0.00307837682394459	-0.003542507520945738
-0.02473268229762806	-0.007472329666867163	-0.000362835439419882	4.990729478781454e-05
-0.0127946189840605	-0.0003003624681317868	-0.0001922770657542871	-0.000607170043519367
-0.0101154646942983	-0.0005706771875046859	-0.002039123288236276	-0.0006485471443744766
0.00326877164503818	-0.001690622341667824	-0.001067394167383179	0.004686121304358363
0.006481725941258835	-0.0002845038532219576	0.005568594894564518	0.004313577972620121
0.005690837136395973	-0.003207710209526953	0.004329573005535577	0.01511242204028246
0.006233496559132503	-0.00569093983238761	0.002257500464476656	0.02518820545887659
0.01277793824761887	-0.009192140768649042	0.002177177962909657	0.01872852449482529
0.01037443811817836	-0.00501215058233851	-0.004095566394626358	0.001697982849668261
0.009786550017866977	-0.008987188759964711	-0.001074973621477632	-0.005896357765850604
0.01816385872342356	-0.009057034760769713	-0.003373451880391537	0.0009812691656550382
0.01559382878192944	-0.003562185368032772	-0.007933025597639923	-0.01284850090142198
0.006294780747518171	-0.00534014076284393	-0.008589639891318956	-0.02179268297634005
0.0007066395976002754	0.001316126288361607	-0.007109977155344734	-0.01377391393167949
0.00460797429194507	0.000146959285376383	-0.002750921428513951	-0.004964391482516102
0.01379088305933672	-9.933980183271979e-05	-0.00257110093915304	-0.00314541907267727
0.0119130082336738	0.001607204272949848	-0.002757037946287678	0.002037406302132853
0.00933935497568052	0.002684669828886098	0.0005583273662809451	0.00765512070148165
0.01122079727201183	0.007370679556393643	0.002677145345326651	0.01274249618117094
0.004691763533928083	0.002328074512477872	0.0005892252538342465	0.01712895191822496
0.01104440669342898	0.008634551480311389	-0.003077958301340683	-0.004258384407744737
0.01023966795650874	0.007676629086588875	-0.0009375824731942288	-0.005314159207517219
0.0002495376844087983	0.007522300907718747	0.0003758753804288715	-0.0006654183807228275
-0.02390909469481715	0.005340125248425255	0.002184244956952446	0.000192722307843408
-0.01982218318934552	0.003361186761347404	0.004054066438614843	-0.001744435636488003
0.003690979832519459	0.006840604011637071	0.002027167475785179	-0.0004814065905623256
-0.003511778402633429	0.004305227806116125	-0.001243601119268262	0.003580081657866795
-0.02370300681257788	0.005384822280772443	-0.001343271746847442	0.003793315658486977
-0.02422445506741923	0.007095339781293027	0.002882791973654084	0.01125998825341336
-0.003736107886734296	0.005874082097989433	0.002495142789765463	0.006655351382036626
0.004810505961796675	0.01232039872875204	0.00234079135381276	0.002739048421521154
0.003196400267212522	0.01429116897696539	0.001323239869235865	-0.001367846705230769
-0.0009756220298801632	0.01760461769973113	0.002039191253718008	0.0001225238402020171
-0.0001636725198778408	0.01282489600073967	-0.003309226303360224	0.002647763012301619
-0.009552807654083258	0.01292149835984303	-0.007382548786892794	0.0005023788112898741
-0.03531447772335745	0.01182648344362495	-0.006221332384273381	-0.0009764297762855038
-0.02056101064894033	0.004858168360935436	-0.003763649480687023	0.0005134171762108962
-0.003827904232661158	0.00127234743483954	0.003535413465137918	0.00310746048351198
0.00359132885245394	-0.01099310846896292	0.001666155869923207	0.004197529729519287
0.006056119018206654	-0.01078700339472941	0.001561077884311149	-0.0004942747278843889
0.01133429052129126	-0.01696697659147194	-0.002176636152497797	0.0008863190672675162
0.01541483914814367	-0.01729758137353822	0.001580118843056318	-0.001673907834946298
0.009926267226753627	-0.0164352362589287	0.001682879068452073	-0.00585951402985576
0.004453440181197366	-0.01864887337266122	-0.001486260839214031	-0.002467160560781577
0.005947691752133325	-0.01700437008760829	0.0005928957514303171	-0.0001032950603362311
0.0134844419666131	-0.01066870242773805	-0.001191895854630278	0.0003969276086756011
0.02328483308389549	0.01143254855066952	-0.002581130444149134	-0.000386195117552779
0.01589912572415102	0.009519532575026041	-0.003545175524672671	0.004150367078306566
0.01562329303312291	0.008924761780460666	0.001444055451366229	0.006671351536843096
0.02198948146019366	0.009161688791300908	-0.000341021484400304	0.01626060110677788
0.01531233667135737	0.009344016763688947	-0.00142600792646149	0.006070813507397983
0.01622248604266932	-0.0009939928856676698	-0.002670065665324724	-0.0001028670458014305
0.01241645147591595	0.001930231945851784	0.004111211406437611	-0.004689605560413473
0.01023794634100403	0.002689419287401264	0.002008128855342545	-0.004305856272439576
0.008341196914347817	0.006175642968835049	0.001713456685923966	-0.001652499798634624
0.005192146616625269	0.0005890588538022214	0.000775347534758509	-0.0055258485316459
0.003465874827192987	-0.00122480446248724	0.002390844903817818	-0.005257163729096881
0.006251697790049594	0.0008677387227102887	0.001590390123356774	-0.00435344546171944
0.002297579359763171	-0.005340808739269211	0.004617833986876655	-0.006913256272430839
0.0009954851249861674	-0.009639606528044294	-0.001336434332872949	-0.008078867559815441
-0.01043544465140948	-0.01709431828351953	0.002844394535968789	-0.01038248094925723
-0.01461983615483543	-0.01129196265984478	0.003448406271219895	-0.005423482551248386
-0.01946893108523742	-0.01186202809960867	0.001900274735829812	-0.007177470923398075
-0.02016865404309619	-0.002928772804391356	-0.004622900617002883	-0.003870671819662882
-0.01877839006255464	-0.002609583399622345	0.002168961361318313	-0.006395949429428242
-0.02198529750445562	0.0004628801946009552	-0.0004166091875801441	-0.001192282477586556
-0.0128599618995491	0.003394129991728177	-0.003758552018358982	0.008297623852970445
-0.004454496119842664	0.01823368070471558	-0.0009450154451336934	-0.002526541565977923
-0.01440433742517241	0.03222118520340978	0.002168189617419977	-0.001830894824569848
-0.01348524855724264	0.02746527160701626	0.00447111038106238	-0.001373392499050435
-0.01014557078925984	0.01126444335012554	0.007558927552890936	0.005724296299137572
-0.007411520726960347	0.001907588000694815	0.004264410519321378	-0.0008649900990779407
-0.01108023233784443	-0.004223413830724257	0.001194360589233435	-0.002850958807368646
-0.01088572856057477	-0.003218716711550794	0.002347978175775556	-0.00288240220927436
-0.006333013732818148	-0.002188591220157724	-0.0002179246080273413	0.002559037828564528
0.008011263592381706	-0.005113361883389864	0.001288032579268465	-0.001821754933749866
0.005585661884774226	-0.004924038297265571	0.001621593075320866	-0.003570617826660666
0.009673211152920544	0.003717271409421454	-0.003777209208712104	-0.002654383199728448
0.009341619778712477	-0.0001972961140494717	0.0007540490724233673	0.0002478159496851663
0.006993599631592112	0.003194926671699064	0.0003792741778944562	-0.0009742802007535057
-0.001279481973780052	-0.001646631791179262	-0.003865263044500992	-0.003599508469440516
0.002232440173470031	0.0009654192920467524	-0.00263442357740593	0.004400136452132801
-0.01744220657061771	0.001298651492045191	-0.003092626403231575	0.001534376958868473
-0.02978673573460629	0.001839805594837454	0.0005747267105443944	0.00543808345202982
-0.02818670439301797	-0.001834931484871555	-0.002411975804834479	0.009196588805840298
-0.01413615236756719	0.002408982884352678	0.001282889392076549	0.0074270138953168
-0.004914790142254217	0.001903763405809334	0.003059526432105958	0.005420854283144262
0.001947611532000445	-0.006161964998660134	0.0024990194854771	0.01650562103009755
-0.003087329421574804	-0.008513614944957126	-0.001533999642220385	0.008652551182043531
-0.001702875934886595	-0.01719623414610359	0.002166703934099135	0.003046867337169633
0.001572376783676801	-0.01943724153638213	0.00566069817904699	0.0004756976886818371
0.001488976712446914	-0.01760263970072984	0.007291152634614626	0.001931794391433238
0.007666178729002706	-0.01268829273466116	0.002040791016161298	-0.02040475278325635
0.01409639925432346	-0.009516210821010083	-0.001799159364052695	-0.01951099481145201
0.006168115209650844	-0.01129634255488821	-0.002360326305222871	-0.0147426486521281
-0.007399696941771818	-0.007782049705725817	-0.001924164853169391	-0.005800137506486984
-0.001430126456156849	-0.005207851418686624	-0.00376681600928822	-0.0006718907954011474
0.003149204607232783	-0.001591494242811457	-0.003961531475677459	0.0003927491174102025
-0.001110439123535935	-8.053547174677073e-05	-0.002784970270066659	0.00178158515691701
0.001416768091117153	0.0001375700528231709	-0.01142969971284065	-0.001346352270401098
0.002484690995339678	-0.001541214607966521	-0.00893366298565532	0.003784199443567366
0.008839937194687274	-0.003314920387237346	-0.002156302660592756	0.001238987687293186
0.004192095744922681	0.002020006645816076	-0.005651130980387103	0.000462991391071589
0.01187603815625148	0.005544725477584187	-0.001078327311023048	0.003409809540800461
0.01053654124068343	0.004681768384920296	-0.003228183856293673	0.003856325174851045
0.01278231145372498	0.003269920872694575	-0.0004879535301234791	0.001896933417227083
0.009158904668707073	-0.0002283076695724267	0.003491848827583686	0.0009814217747687645
0.008882889386301804	0.003181189932319671	0.0002396720555682761	0.002332301224734671
0.01621949296054521	0.004402974411418881	0.001086167986607765	0.0008265648598851598
0.01589277484694583	0.008177474678989188	0.0006939640781332291	0.000726221504051468
0.01858816623641759	0.007516297306792295	-0.0002261839872600052	0.003110893465714222
0.0180579720439975	0.003779675868512551	0.0009121107376257927	0.003741154625737726
0.01619420305481061	-0.001898668761291997	0.001056705770155065	0.00640474801828983
0.0183955879960366	-0.002267931151472191	0.004797207562088819	0.006400698088812888
0.01987353895429932	-0.005356703995295584	0.00361239270765551	-0.001500364387306666
0.009872708878979593	-0.0006858963134115358	-0.001529151134837403	-0.003682302616565162
-0.004367641391038153	-0.0003839277209537614	-0.0009316421634241326	-0.005515713104890833
0.005255883333828655	0.005443445105725387	-0.005079382226669506	-0.001555375443895578
-0.001595549597369738	0.001665260812816541	-0.003693671373741978	0.001169053721214891
-0.02899402040705381	0.002051407500753972	-0.002569685401570351	0.001103575332456101
-0.04860786653743439	-0.003935865397437091	-0.00673878557204691	0.009001426052447491
-0.05807196017223605	-0.003640963231862848	-0.00535254348107226	0.00384008506497755
-0.05415030316383756	-0.004498848714982242	-0.003451743591390725	0.009041689155851292
-0.0260746128080669	-0.004162017881659806	0.001736250563358528	0.005478808948215616
-0.01205086708784387	-0.0007817933491742318	0.0005177172158384541	0.001866098882926758
0.002553483364890687	0.000679121213226348	-0.0008951659637344721	0.0006434449354960445
0.001899290530519681	0.003771707462460251	0.0005227469454869335	0.003774147171986228
0.005240634632224771	0.007913118580839571	0.005870982421491916	0.005044077663612888
0.002877816749289775	0.009651666908491145	0.001501694945307511	0.00637797036863033
0.008056825093317552	0.007813359397545383	0.008007505709946157	0.005697503527504586
0.01104321675215032	0.00343598662058409	0.005416293842672252	0.01056280987672555
0.00707958839521159	0.004409007476708911	0.007277830933441579	0.004073257469199793
0.004672985450470387	0.004093019308063732	0.004585579182760133	-0.009487804076554467
0.001710525287935257	0.002668428319742698	0.003197121062761184	-0.0002095365253792495
0.0006668407788935652	0.001577816049174059	0.001936022489032439	-0.0162502146296394
0.002711621156001878	0.003470689081230139	-0.003331013879007234	-0.03041213312520059
0.009396348704860899	-0.004386587797093148	-0.002391919127732179	-0.01811165406824125
0.005450900539745543	-0.001866852198078438	-0.003703726681679052	-0.007755001490790533
0.008936692547765895	0.001572958342492258	-0.004401909053180308	0.001099290830567408
0.008552483642593114	0.002401767000800002	0.001413338279642375	0.0001395625686527942
0.008938770160256035	0.003340554812428033	0.001775643072023627	-0.0003020915018506885
0.0003206187332933301	-0.002284567793229182	0.002992189226838415	8.237784925435144e-05
0.001321150893563545	-0.006011254678402962	-1.11928442726386e-05	-0.0008682874192753294
0.0006740562970318487	-0.01005018545790059	-0.0007735570691335082	-0.0006009300180567675
0.0004613635417418412	0.001922450353369907	0.004393734170715946	0.0006835342152348828
0.004147037138198905	0.009210150611735116	0.005372525810759215	0.004329129689712762
0.01271720678929257	0.01142702323706382	0.004084754025981623	0.00206524127029848
0.009497536853904212	0.01168230513901015	-0.0008292851427489398	0.00302292502945062
0.01216961644919247	0.01182924360609025	-0.001132872077677509	0.00106390241324659
0.01166547233953504	0.008603851354790328	-0.000517197231336782	0.0001239277531318411
0.01535160271971084	0.01028576732059579	0.0005565165208402635	-0.003539124355588405
0.01724402014502647	0.008477209386269165	0.0003625966712025613	0.0007496638522048724
0.01654892318581852	0.004775541710552476	-0.0002946506888718519	0.005005871664637803
0.01588416088985805	0.003010487379069126	-0.003733269557309586	0.002489336565676604
0.01180128122620621	0.0009012019194933044	-0.005262427017111487	0.006568969069424028
0.007714426778753039	-0.0002883349248291901	-0.004669494583984024	0.001481782291540498
0.009660693441349136	-0.001843162656337099	-0.001306432643377205	-0.0003290707379173704
0.00395146268909668	-0.00223345649353849	-0.002399483825276252	-1.945017958100071e-05
0.0001327844746855694	-0.004909159814423864	-0.004332032476393822	-0.00232602675716711
-0.001649288715330923	-0.005821200211010982	-0.003508423559041343	-0.006281909022380626
-0.007740570453589981	-0.0005243674835491775	-0.0008487549279445289	-0.005845724857599323
-0.02178452613580601	0.007198778580032796	0.003029420755985388	-0.003308634725364366
-0.0153234030829323	0.009127948430871165	0.003640635278791334	-0.004705665207413953
-0.007937537760118057	-0.003149254368810682	0.004060827623285525	0.0005523572229076764
0.0009464260222492053	-0.007168772154880996	0.003515412921146833	0.002417874106962836
-0.003498238545266664	-0.01097396916449287	0.008102582779807637	0.006767270325361074
-0.006990421376078863	-0.01432684984199959	-0.0002812056933988794	0.002856794153431449
-0.008063859557077301	-0.01592854074389403	-0.001709243851576594	0.001422510322322352
-0.007750488314615309	-0.0197131518428164	0.001320840258814355	0.006640045051543138
-0.01163852722038936	-0.0243630166678615	-0.0001716438176877994	0.005015182321085956
-0.006399102325120669	-0.01929904906509997	-0.0001159150934802822	0.001947712361172553
-0.008361942233031551	-0.01634404219288007	-0.001771932752324951	-0.0001422623709678491
-0.00463774954138698	-0.0186947067464572	-0.006702908168435081	-0.002183561386528529
-0.002565926366879767	-0.01403115163593567	-0.002517104575499938	-0.003036961840435554
-0.0002321841839111207	-0.005930500221061746	-0.0008409415560354524	-0.004744794271132734
-0.01264832879618895	0.003768627655969272	-0.003130479903038088	-0.007918909081750736
-0.01436149008463395	0.006985335756575832	0.001471764815517617	-0.007799767998243341
-0.007853229616997019	0.01150366795259011	0.003437970787532415	-0.0005931476280778972
0.002153754531297514	0.01660115292899687	-0.002620088888762417	0.0003336518399775435
-0.0008962633903783625	0.02055682968835977	0.00283652690883043	-0.0003931428129167987
0.004109497186349412	0.03436999084222639	0.001961305610711941	0.001368318838955719
-0.003571126133633163	0.03460586230718701	0.001292391481668502	0.005315183844958988
-0.0001361123712248987	0.01733358639518273	0.0002930233267391266	0.009369811366210526
0.001243736032241892	0.004644848567454092	0.005220071970168346	0.001137652882047769
0.0008564667566809962	-0.0043685607083457	0.0007565239365111803	0.002248664768768723
0.0007831394160723234	-0.007779299014315141	0.0006908274305478002	-0.00101796245104026
0.003341824344066899	-0.01195667751088391	-0.004305324785632273	-0.004772382865641698
0.002917896269120688	-0.01043413953589818	0.004598379840442467	0.0042940012427141
0.005474747129427951	-0.003888468948226666	0.0003772299365680137	0.01360950606673334
0.001859425059004098	-0.002228105649246448	-0.002007540479374569	0.01407973174803533
0.000496912863259352	-8.472827873457772e-05	0.00469167413510763	0.01054110363689012
-0.008893814770787418	0.0004208672965762824	0.002580088121821146	0.005806034840714546
-0.012177264284039	0.002944717868155381	-0.001538921017748058	0.003498395899035286
-0.003662305203471609	7.258120473642484e-05	-0.0002991445144898081	0.00343999419706935
0.003476251089282723	0.0006342463002646822	6.449416431603095e-05	-0.003649430635836152
0.009842341016537734	0.002935146596614023	0.001238979465497905	-0.005356781723130041
-0.01487670751634389	0.001114473953195047	-0.00259629361035227	-0.0008655018334583975
-0.02351420211630787	0.0005484430704285121	-0.004766342698663238	-0.02349730682806876
-0.006050090087134296	-0.003548237035661246	0.0004447195849375927	-0.02492508885593707
0.007305966698528806	-0.004073065589346583	0.002967758881782398	-0.01015619113979683
0.0122781445488009	-0.005545277812582719	-0.002883052630354694	-0.006349376139965039
0.01179229475611334	-0.008382228072015113	-0.005845251627903688	-0.001821984339688902
-0.00293443067600163	-0.005509513748037998	0.0002490522026085293	-0.001083433246713174
0.00620409042343226	-0.00644086988335704	-0.0005954037374989547	-0.001327820194726996
0.01165985910712143	-0.0073691139050685	-0.001460325862508075	-0.002704337394786473
0.008713152891655028	-0.004416716918888646	0.001493462082066842	-0.001849365678512029
-0.002509607184429336	-0.007054860643548263	0.0005626044709662206	-0.003666260538686006
-0.01692200132520488	-0.008410856556111656	-0.0002792322108076139	-0.001485389732804512
-0.01408122517867594	-0.004228801954379564	-0.002346400318815036	-0.001658638631028081
-0.02293570852123181	-0.003979640107482077	0.002426517927865464	0.0008000777996447203
-0.02778648915237252	-0.008568751880937323	-0.000845367066815312	0.003513922657742491
-0.03276617749404757	-0.01037982568623981	0.00353035351007519	-0.001408847601517939
-0.03600432620013911	-0.00991833225524999	0.0008132372661418452	-0.0001894026609829214
-0.01621151750979407	-0.01085227270867088	-5.822569366811169e-05	0.002315842582366814
-0.004234736179216905	-0.003257962452682017	0.005552911386997015	0.009281046731599374
-0.01173122092350939	-0.001520995067766374	0.002943470926538216	0.01281388308133974
-0.01141225797921666	2.592269007996768e-07	-0.002013234882608701	0.0008334099080964156
0.0004547459909626806	0.005195793654151839	-0.001174771207736257	8.779949784280908e-05
0.01425802690793853	0.009362862765064371	-0.00141820954875386	0.001798407058295455
0.02143166702575394	0.01361081408876937	0.002921107130729833	0.003327406948302082
0.01884742129370844	0.01708674058279159	-0.0003498496495589776	0.0007413368513898263
0.02056103232233	0.01254767583079811	0.002324984076261633	-0.0004988062139492096
0.0184031315741439	0.008437810999956861	0.002574646494181205	0.003228182195576652
0.02414765530386015	0.005093382603128857	-0.0001596340916889564	0.0001148083230641858
0.02470409012924257	2.123490386148972e-05	-0.001141082050513224	-0.004800605345526236
0.02106564721588052	-0.001762739892780829	0.0008830168134548624	-0.002956717619997296
0.0167277360299777	0.0090326964719579	0.001173053967418765	5.267967058974205e-05
0.01633425268709357	0.01717195929576289	-0.0008674358379376673	-0.002617921937461756
0.01003367227508262	0.01351358461514119	0.002465959679011141	-0.00318527768820615
0.00236749240835147	0.00942326305138441	0.0002408977926906294	-0.003650900497234517
0.007664032953129635	0.01116170688956598	0.0008308682159507759	-0.00391974915663159
0.01051911247892136	0.00800606656321445	0.002453990726004488	-0.002797890408669079
0.00462649519929613	0.005019324824864853	-0.002617562633986449	0.005669165968237052
0.009704254234909754	0.01048421662358874	-0.004834126802542572	0.008301251386713724
0.002826438316021048	0.004560837889570823	-0.007076777583935279	0.005870374348858434
-0.02169841416754617	0.001898411563599017	0.000610340446711652	0.00178836632879047
-0.001585174956822009	0.002924651576673813	-0.001740899492358738	0.002143494354698391
-0.006979290907139323	-0.0001073185702820893	-0.0034871912364356	-0.002488960301138726
-0.006745940765845161	0.003885737365402158	-0.005102188991540155	0.0032876771130307
0.00374366687167781	0.002842061214121604	-0.002711643055160523	0.003011079077813767
-0.003416464218591112	-0.0001346388460158335	-0.001118941329358018	0.002585307702645722
0.001820137579703275	-0.001464760900237481	-0.007079964364239713	0.002903447403012213
0.00262796978514128	0.0004457558067845257	-0.001506510417534271	-0.0008473923139986435
0.006891186200632392	-0.001678552095101862	-0.001426097328806344	-0.001251480611515523
0.01203029196082622	-0.001968993849143603	-0.001924075796663419	-0.006317151403458338
0.009286618074458569	-0.0006857177933875289	0.003718600652901764	-0.004688078320704212
0.005840103011521117	0.0007640733741950442	0.005196995158640638	-0.0007486163003350826
0.008317792777832272	0.003439827665546389	0.007741599407445434	0.0008844689963879573
0.006282645659151203	-9.6064283449104e-05	0.004367067824914467	0.02076878487166464
0.008352848605253305	-0.004866359855076264	0.004686230323089339	0.005937467942418295
0.004886713133649482	-0.0128013980783854	0.0009631061614351947	-0.005502057004115725
0.003662792736977273	-0.0127048269976521	-0.005639112492899717	-0.004464416202536851
0.004687165413216715	-0.007538905743535424	-0.007562968032174469	-0.001148409308557708
0.01278241278578002	-0.007369083180775261	-0.008386130714788883	0.001052065315223086
0.004860110611589488	-0.00836372642077636	-0.002522553773700248	0.002012322758721887
0.006929066270801525	-0.004119246780480316	-0.008683264714423152	0.0001546915999435806
0.003378101163263463	-0.009478020750212854	-0.007023460332711489	-0.006579900840472282
0.006795265211561904	-0.006165399494715408	-0.001063689458528849	-0.001135793188254004
0.005434059068258957	-0.003466239879946351	-0.001170874190548178	0.001343029064728182
-0.01645093159150586	-0.0051894532679481	-0.0008705983888927416	0.001971949047741144
0.002904622555713701	0.01043659932349521	0.001587360135414088	-0.001819765443819201
-0.006132981931373046	0.00672018850484264	0.00161894002516372	0.00949291604691542
-0.01174329766836403	0.004318331106990718	0.001136330681172497	0.005018023220935085
-0.0058508352744135	0.01010585098964537	0.001129921876510125	0.00841577576945941
-0.007238403814239095	0.009608389428111401	0.001301812861994114	0.002910371335390158
0.000322141001665876	0.008822637226640185	0.001063973271183239	0.007279650299781361
-0.00398207593884887	0.002702789921720384	0.00420123785164262	-0.002559896657029835
-0.005875824613177497	-0.00408834001575039	0.00242408522993376	-0.007243648446567421
-0.003847532051749719	-0.007240717565652838	0.004775850211615926	-0.01194129868443788
-0.004535110169725036	-0.01121577847656338	0.002577271535324045	-0.0246608304092199
-0.007847853809773231	-0.0237289025478457	-0.001228767300508086	-0.0233106654665576
-0.01172536182000827	-0.03136998299934455	0.00178396505755062	-0.01253259981682206
-0.01180503389980143	-0.03060476871145251	0.001189986943057082	-0.006339274039784014
-0.01401071770112911	-0.0147260364469395	-0.001054711038321346	-0.004152159846508955
-0.009597855017897996	-0.006996348113139936	-0.002047149789288549	0.006822707655256974
-0.006805528615780004	-0.004944375345582886	-0.004427313581357862	0.006616588614630767
-0.003794971616040991	-5.331155803079939e-05	0.002110439257091344	0.005280760653485915
-0.01526907324581421	0.003909653151391387	0.0001479034276986303	0.005527518841839166
-0.01202334489575172	0.008038129216284636	-0.003112207517955407	0.002320401447304199
-0.005665401667976347	0.0002543731491914341	-0.001432001369466888	0.004350051597685616
-0.001667107237060377	-0.00167368066672275	-0.0006375857901539481	0.004626380417879968
0.007187945408691833	0.00583732162514054	0.00582840959636409	0.004533320444309655
0.006638594655244859	0.006020337363929363	0.00213927473639912	0.001180587045246652
0.0015511418324539	-0.002953725845916885	0.003341737665736701	0.001112101453028673
-0.006840452225884468	-0.007430744495878856	0.006097943983768036	0.002604939582721609
-0.004303454072628757	-0.01094605850452614	0.00472519409410517	-0.0007413394744708759
-0.00601124337373693	-0.00500305581225198	0.002275646898941152	-0.001757846827732192
-0.004419471047075769	-0.004356080256890884	0.004910367768275089	0.003338221866969667
-0.008768197002490149	-0.002552107481190457	0.001019236361718606	0.003931341078897792
-0.002384415806023092	-0.002890373819922042	-0.0002465554497284713	0.004464127166591211
-0.01392325930447758	0.002374313203115722	-0.0007396715252724439	0.008787709972501568
-0.02796661024665872	0.02133465108648492	-0.004407402374054143	0.005686153244300838
-0.008153089109719895	0.03554599567462204	-0.002866528317787732	-0.0006649736986500381
-0.006605968705481378	0.02099022043275878	-0.002059073126375819	0.002759390113292191
-0.00213482556738021	0.006382131794204213	0.0007189924927183432	0.002001401130304539
0.01289318207126495	0.007568944031394407	0.003086163665193796	0.003860063289686719
0.01462732437954504	0.006904330855245657	0.003145661602654979	0.0004534250536667372
0.01312837560441853	0.006397712850826804	0.00620139989449534	0.002825395625515735
0.006807137852504239	0.007725734658461934	0.004053401192895344	0.001555768344105426
0.004110937661465468	0.003452093487294053	0.008030643936759931	0.0005399054860391909
0.003235759821717952	0.0002258731061310162	0.008996886711152469	-0.002934228380034884
-0.01260755006390611	-0.003827251381697813	0.004110569109969192	-0.002610187332149893
-0.03836375817363154	-0.003640718398784906	0.007693018575449375	-0.001549821192164739
-0.01797555741549709	-0.003376926307711959	0.001409597305373445	0.005664755255028646
-0.003556849945645998	-0.001070783143460324	-0.002420676103734858	0.002760660139275165
0.004277510944229099	0.004677407606990864	-0.006408589955257713	-0.001192656557597728
0.006973620554759476	0.004497551437841718	-0.006376948880033971	-0.001440625322779065
0.005852250431995089	0.002704141448560812	-0.001346877959859657	0.004919122255938015
0.004736694020967276	-0.0006556637718128375	-0.005241698271895019	0.002477661353943083
0.003687099428140641	-0.004811963077559047	-0.001574698861167162	-0.005295760947350347
0.003087408946555316	-0.003497884367877696	-0.001200517203685171	-0.004223968745019842
0.0008793087958256549	-0.007394563265056625	-0.001617913882053598	-0.008722584746300126
0.005841300761318426	-0.003932296003149104	8.077830540434723e-05	-0.0008391164080942551
0.009168483679060058	0.005091159063159619	0.005355774523788252	0.001162212278282497
0.003341381255382126	0.005423517334689267	0.000756981924859991	-0.002624008200841763
0.00463793606704438	-0.001498785825689786	-0.0004765559598243692	-0.0101404094254194
0.01332731390393044	-0.007985626434406038	0.0007970025911797984	-0.002963273673823917
0.015857029873291	-0.004922086327981439	-0.00503439600639333	0.0004384595181207765
0.002618708206883903	-0.0009992708860637825	-0.0009233962058945006	-0.008320643630706535
7.776867379278911e-05	0.00445167110453137	-0.00387609402179595	-0.005778520851708701
0.01003610441494997	0.0003255359156410925	-0.001548164294937593	-0.004980713178208178
0.009852344356721165	0.007009340878552644	-0.00351004821736396	-0.0003463426675281147
0.0102477959442132	0.005941680149294263	-0.00310905079621181	-0.003013104615262596
0.008218640183776408	0.004339502690783912	0.002040228144223742	-0.001918016544321674
0.003748603513423224	0.004104907973808126	0.001506591440018054	-0.001570405166519653
0.002429819437487834	0.002053904318520354	-0.004511001444417892	0.001849970626317183
0.002304678983028104	0.001200373408130099	0.00107836535165394	0.01035907524593871
0.002227577529700981	0.004274945609023748	0.004379784403949993	0.01033531608854897
0.004850371186089403	-0.0007765491366096767	0.006532734339906253	0.009389780294335032
0.006435422851854981	-0.0009523161996442407	0.001865197590807995	0.02205026538065912
-0.004725879798833702	-0.01148425493067057	-0.001398376687645569	0.001923804464581829
-0.001869472684574915	-0.008167822028894272	-0.003175153780052475	-0.01042061667097076
-0.006297354799008914	-0.007304725684189392	-0.007088599877409117	-0.007968870685871415
-0.004648169114650118	-0.003920832238962523	-0.01047793398448335	-0.004088878878125361
0.007489016638538903	-0.003615902184557074	-0.005112376665010587	0.007405998041868422
0.011881080612433	0.005465567708030347	0.0002445817374779769	0.005762564771680125
0.01279308884098917	0.005708637218159158	-0.001183783036738024	0.005501709311794694
0.01027240584471486	0.006013847450122527	0.00233744704979739	0.0008016263663752552
0.01138180308563961	0.00526240545922347	-0.000782808064993765	0.005033088575477494
0.01122227911988326	0.004369097391819546	-0.0006295961204870349	-0.003310263214912522
0.01026290717629785	0.00952474359137832	-0.001229640564071891	-0.006019204563880691
0.01263359743311974	0.007487284463191219	-0.00306917537081408	0.0008786190242250058
-0.0113496057296784	0.008376610298366404	-0.003329289066723301	-0.01215724349278653
-0.003917939220305278	0.004771209548213678	-0.003184813957201694	-0.02615684893021444
-0.005158200343334142	0.006228463242191209	-0.007333130318999999	-0.01664181553524697
-0.0006685822749411699	0.004242233690074626	-0.002302113064092505	-0.01169737708221108
0.003121417956423493	0.004202192724152707	-0.003649878307840167	-0.006466790059232473
0.001342774013227059	0.0002974837455293429	0.002641159591232139	-0.001562472045018553
0.0006504956496507478	0.00101294231852084	0.003836960534995341	-0.005561684647802801
0.001237435911657227	0.003248854430693295	0.004288490418613064	-0.00220681606984892
-0.002583809108424171	0.0004096511670140178	0.0009906731610008464	-0.002324234214328034
-0.0001018035389704263	-0.004691207227790099	0.002978555593982091	-0.003012297235020883
-0.001805857856699602	-0.00489907968216266	0.003882810232656071	-0.0006785522719402503
0.00301243525551366	0.0009959461567040551	0.005505727076732489	-0.0006871213880263006
0.009501751662857058	0.00884962478328697	0.0011116532119246	-8.250513110926151e-05
0.004787734930348978	0.005523730884880696	-0.00126235295217584	0.002864393925642426
0.006000207795479743	0.00569652428577698	0.002695483490010936	0.003194854243135344
0.002835322763319942	0.002632196582658882	-0.0004047808951001416	0.003824938235535777
0.006620081956414483	-0.0005346927315012899	0.002853566933509314	0.007689458236957214
0.003475175316432975	-0.004737833219141931	5.705825412087882e-06	0.004396482718874951
0.001372120203703899	-0.01050486859665563	0.0001344824254786909	-3.397905653192914e-06
-0.0003040188761903871	-0.01521878627861697	0.0001633740340504972	-0.0008526670677585348
-0.007231853911220602	-0.008347330067112007	-0.003641564592546776	0.001627066923926467
-0.008782308207542201	-0.009297042288847611	3.382478589006346e-05	0.002705012410991645
-0.01692698732254606	-0.01208038210426928	0.001786576371296183	0.004920434286607489
-0.008545313168147519	-0.01223334361883645	0.004079295048755669	0.001416081650946906
-0.002964465114059147	-0.009861559519245213	0.00424647407337669	0.0008905874332133451
-0.001590013741191649	-0.007566653458238448	0.00291613307522828	0.001071678076292178
-0.000242354328042331	-0.007382240833914417	0.005548639222022693	0.002611452303478105
0.0002116467200669548	-0.002945750359842574	0.001739789591751554	0.006039081995793423
-0.004684836262275093	-0.00473542826006405	0.002604891301306171	0.003031587830851049
-0.00654213958003298	-0.009887089155185503	0.000556412148108009	0.00240339372690169
-0.01322443433269896	-0.008433710981062225	-0.002522289022538658	-0.0004366610847099435
-0.0194176429377589	-0.003450995761978012	-0.007902983604182019	-0.003339458617733317
-0.03790674176291311	-0.000397415522895003	-0.005683715923124348	0.002923790066673452
-0.0291986883096997	-0.0001571696471142915	-0.00752697810596091	0.01123595556588312
-0.009517637468261423	0.002025023314092502	-0.005882183706161061	0.01075133312435618
-0.01047662285992045	-0.001252480851297809	7.334502970717237e-05	0.00668733791037431
-0.009434104744581956	0.001801514454336488	0.001862521746613373	0.006972341821435745
-0.01049764973557	0.001523217467191667	-0.0007240859884827348	0.006236950258892832
-0.002271250279201875	0.001441092060487313	-0.0001723783433908983	0.004853574845557047
0.00220985262131718	0.0003474906994329556	-0.0003996294041982349	0.008636492873458355
0.009803461096058468	0.0008829517806980422	0.002846736493872078	0.005196034113777084
0.007133520381014536	0.004938525488408849	0.0008459299709636258	0.005190930800536554
0.011615725546709	0.0009200157283396082	0.002903475039905803	0.001838245004688186
0.01517709777851659	0.004460119287759723	0.005696535062102282	-0.0001206854328501363
0.008613833401211735	0.001356535364037569	0.004252263388442258	0.004078689915409071
0.007040280606515689	-0.0005673194914613442	0.002676356292436662	0.001949280075437957
0.004062598208393721	-0.004883653977170549	0.00303860297358493	-0.00175327020883179
-0.008617621216774797	-0.003429896171039143	0.0008210686724944078	-0.0005334586443741
-0.0197990092852242	0.001475477373966576	-0.0001437551476628701	-0.006522463039989176
-0.008749649263603901	-0.001133501993934423	-0.0009906170919212662	-0.00363744142253043
0.003148174397983464	-0.002777562434388586	-0.0004510827764120498	-0.00900909993134227
-0.01160727920960958	-0.0002113269016071428	0.005301503263907473	-0.01085457751611485
-0.01330783863100508	-0.004555629696819682	-8.007515517953728e-05	-0.007021473409471264
-0.00424570320316042	-0.004946481356470856	-0.00535757735130559	0.000922047381219137
0.001680847500330305	-7.140715685805133e-05	-0.001200763878538316	0.001326079407265714
0.001758619816310843	0.0003534574863186757	-0.002048266717151301	0.001286312696674295
-0.00224183487992662	-0.002158983941029903	6.152063978459823e-06	0.01635590561630006
-0.00440585943622112	-0.00514027469926526	-0.00425474599113052	0.001600093008224482
-0.002560144880176121	-0.0002441554665119776	-0.007438155355141352	-0.00881809893927956
-0.004038324025603682	-0.004424025824999922	-0.001600955194643034	-0.004666047963921056
-0.0003057381957938152	-0.0009198048402814572	-0.001002328009329408	-0.0006261845086045585
-0.009138218429562507	0.002521980870074176	0.005693248498076026	0.01135723026596968
-0.00206483811299598	0.00411928172304042	0.001121117283540772	0.01541292455639237
0.001874099767158092	0.003577097153183867	-0.000235547178915846	-0.0001136442664919294
0.009265915227992961	0.008781617259480736	-0.005969319271502402	-0.01302911362066948
0.01602450284328832	0.01153591644319249	-0.01477079200379977	-0.005275985588995538
0.0205874435774462	0.01084580243147543	-0.005980933439936746	-0.02151775314304809
0.01387436908191951	0.01351016268593361	-0.004477851086898629	-0.02639362189859907
0.008541489449026761	0.01726851906575964	0.001312385591000562	-0.01340155047396274
0.009815294543255505	0.00782692480354201	-0.0002888947835768677	-0.007405844622888643
0.01238710973402715	0.009877066640989978	0.002566432191631155	-0.006117776589590461
0.006620722797773192	0.005827664546364064	0.002907512299067125	-0.002687449141905668
-0.002601341967895263	-0.002375041014617984	0.003544538308916969	0.002281850854184357
0.0002463750610929177	-0.002481899131643649	0.002689146358527653	-0.006152823327460406
0.01262956653484951	-0.007835533820743503	0.001008648777691029	0.001114739960740338
0.01979157485641173	-0.007528388972227515	0.004772851648348674	-0.0003253021350752879
0.01758894032762027	-0.0007390399566193994	0.006178278774952571	0.003820353865153165
0.008671380102461291	0.009114014307072635	0.003472267212406609	0.0044298864362526
0.009303421300792742	0.007353263285640356	0.002516132979944092	0.00156814998314641
0.006728894817661184	0.002823702829191756	0.004489573417921591	0.00506185438762574
0.01127094031090285	0.003289880241206931	0.007799204420263159	0.002578330548877175
0.01482429831302795	0.004405147780123591	0.001556243095334445	0.002035316891197791
-0.007043386724492232	-0.01152994678650865	0.002440099339777261	0.000805230658308546
-0.01538726013683958	-0.01418925729096065	0.0008094209608991079	9.88827257350517e-05
-0.01999357585576753	-0.0173649001907361	0.001829581765670114	0.004332447154246312
-0.02755232595279155	-0.02165474882678458	-0.000702831859789923	0.001687551043587179
-0.01898510810254497	-0.01855062943026811	-0.007253929989108225	-0.004310683054658916
-0.01441811614627088	-0.003891332750797562	-0.003051658562601817	-0.0008459077722159212
-0.02070304020125402	0.003579300778272671	-0.006713172279438084	0.00167646411193651
-0.01054536534992519	0.008741596267367075	-0.002921159318063981	-0.003443069408401127
-0.004443321930839078	0.004340730844405856	-5.088347976484856e-06	0.003146826542191839
0.007250826076297552	0.009876144834452809	0.0009787089452271587	-0.002514001962980945
0.009528344117662346	0.009353937090030328	-0.001881902185376809	-0.003213869285931886
0.007974029721046097	0.01124546107495939	0.0004442481896463556	0.0009854731040702753
0.01339024023552199	0.01344970018791447	0.004444541739464031	0.000856865789262352
0.009337246292154235	0.01325171377213459	0.002205868096861657	0.001850957184547074
0.01235874841721923	0.002624963527615662	0.004538616848519904	0.002153400828470159
0.01430186238523068	0.002902796003488338	0.0006116916453002283	0.01011085442644131
0.01274925754613023	0.01060738466009675	0.004991685618183004	0.009925069111228427
0.008620293379007982	0.01034871729335407	4.183119692936326e-05	0.004789003188915359
0.01393158751988898	0.001777522546576112	-0.0006183881427358834	0.00758435378282966
0.01854309596292954	0.0008391242983097058	-0.00329507382574189	0.003116812290309216
0.01307745344616996	0.002346252536380587	-0.0008888385471012777	0.00633980048236881
0.01166026031384215	0.00842264511635763	-0.001436428556003524	0.00630728425799287
0.008965423718673536	0.01453537558691287	0.0001056904470455795	0.002104182440123118
0.01047518591813433	0.02199677064296949	-0.001002447463416248	-0.0006077241719542047
0.004217105474720166	0.002071468261668308	-0.0005439488784377246	-0.003936153288803606
-0.003498921388457098	-0.01325286418694261	0.001427146545461215	-0.004866647372941138
-0.008358553058509598	-0.01394317708160596	-0.002639469911261772	-0.004747853007545734
-0.02292496494920225	-0.0102728260809426	0.002733810717494748	-0.001368047085569955
-0.01665190199451689	-0.004704725025108956	0.001873005314295863	0.001355991093656237
-0.01057743512342705	-0.005681326364730532	-0.000758919649019468	0.01015042293416973
-0.005288557099618721	-0.01038565920789685	0.002165619627159585	0.002844548791767439
-0.005642529656778741	-0.0151672071870051	-3.402927955398949e-05	-0.001173941974963765
-0.002950919204245648	-0.01083696425196988	0.00493459613436846	-0.001309168294630597
-0.008298840517626702	-0.01062765621101214	0.005565682249435575	0.0006422928264392181
-0.0006795257342366786	-0.008025213769446281	-0.002170135494185496	0.002721586517983149
-0.01126596894445683	-0.00975064226813421	-0.0003941543046254711	-0.0005331119405906362
-0.01841890933607307	-0.0009058795297485053	-0.001656986845259977	-0.0003877388918407432
-0.004235511435292641	0.005227074099147917	-0.002097104396358923	0.0001586993819665819
0.001256709336909051	0.006508584061160993	-0.005976858572140436	-0.003550161613011456
0.004033700343869955	0.00352616114231707	-0.003946709203532778	-0.00799505292809294
0.005594334008979946	0.0003783444961710675	-0.005549816672646602	-0.008843600953184618
0.006246434613102659	0.003080223963143724	-0.00625678231116253	-0.001253125581853132
-0.004044448957233058	-0.0001985646406980394	-0.00521866021334348	-0.0006467988164850644
-0.004939526102851481	-0.004019949004765926	-0.006443494796142108	-0.002223368673717222
-0.002860493514924177	-0.001545391140087151	-0.0002046658083531831	0.003431946656396632
-0.02225429863930486	-0.003592955367304073	-0.0003835268799152296	0.004871897944715325
-0.01739855579456861	-0.0005555890629392476	1.4066705808285e-05	-0.005109233530266068
-0.01102572126152866	-0.002330811874555206	0.002332720868860509	-0.006076085222312448
-0.004626297586446905	0.0008819226007626119	0.002862865005867133	-0.004287267321610069
-0.002469444275125833	-0.004214821504737624	0.001790470574686888	-0.002692464334502326
0.0025831373740027	0.000181632432730267	0.001580071731673312	0.005612965600406799
0.001909849301917262	0.001487688888440971	0.003735168128344559	0.006750420598330279
-0.004135070833600927	-0.002322283061646084	0.001884752621080216	0.004821230321729515
0.003243673014674799	0.0004950690562198634	0.001443488275668176	0.002908839017541861
-0.001132867583327067	-0.003139397633180097	-0.001566804652815412	0.006907202742109634
0.002856805005389362	-0.005612232783246534	3.223039800251431e-05	0.001525595780092161
0.0007486484485157675	-0.01039312339255287	0.0007455378000226426	-0.0009996809151714169
0.002253713972188715	-0.006588899861793699	0.001609750982733316	-0.004006464454098871
0.003551969959475213	-0.002626389199760036	0.001182066484651222	-0.0182451658861121
0.006185653989234185	0.002467881613743123	-0.0008190390588481013	-0.02627358067174932
0.005326095367961851	0.005561149183605001	-0.0002118910633306218	-0.01369524348123631
0.003769440595613392	0.003854479129081847	0.0002407607933965842	-0.003964799955572454
-0.0002109821300014591	0.007079970084790855	0.003086052023153651	0.01417498673207513
0.001348050303906478	0.004943836053968722	0.004723749656426867	0.01059324704588211
-0.009455069024061378	0.009592686550275589	-0.002324481507178716	-0.004059017024642731
-0.008736440800369543	0.002578660696285915	0.006640381335849204	-0.005454127878004198
-0.004888473504812961	0.003532413185245542	0.001662325697440279	0.0008608079226839745
0.0006151541377600568	0.003295408056700821	0.006110112333813915	-0.001525793781343066
0.008961123709996504	0.002794165261038616	0.004304229726968553	-0.003132382914851389
0.01009838016012574	0.002443538732998435	-0.0003707557731817693	0.0006093953512767449
0.007060533423471449	0.001540456620494649	-0.001132145073420876	0.005468870896452614
0.005927841877379718	-0.00285145583023345	-0.002061935195935598	0.007257269515521553
-0.007579069875329572	-0.004489313008384388	-0.007527526765075288	0.009309010814395094
-0.001696645359953387	-0.008870111007115281	-0.006963887330606843	0.0009115725836073307
-0.004012283890232411	-0.007328580435238425	-0.006525256100609571	-0.00175319112337132
-0.01702838137466302	-0.0125571798520235	-0.008899995756033917	-0.0002549163727317785
-0.01634008015200124	-0.01229750642152209	-0.005870591010207715	0.003375333331374594
-0.001297740937921596	-0.01166242057133882	-0.00489530998147689	-0.002465746912936181
-0.001715429858757974	-0.01114586641681773	-0.001040174273692784	-0.01060686496607291
-0.001364588393905022	-0.009317999147408159	0.001688095700396633	0.004111800719661523
0.001113617411676186	-0.007252995218199327	0.00700107515000434	0.009341592226341825
0.008004946447266926	-0.002442220769878859	-4.480557159990291e-05	-0.0009467845037394907
0.01411956948719519	0.005445706747727512	0.003763440641263893	-0.003198913288500355
0.01286880731042798	0.0001444363028088433	-0.0003444941625905122	-0.001952154990926957
0.004788935386184042	0.005793299823073472	0.002823307766202842	3.952574917665149e-05
0.007353527998431757	0.004783835138749802	0.0001493256856763324	-0.0009990601193538709
0.008823342106581446	0.00418236050994364	0.005196549208742251	0.0005063470074356956
0.008765117280700518	0.004947565224234993	0.002072152419408728	0.005159941520866754
0.008117940154405971	0.003978144206945466	0.002664661871566198	0.0006502179328612538
0.0167430647354226	0.004504394648711908	-0.00191752749873771	0.004114093437109335
0.01566996473808822	0.007299435057258002	0.001202112857533557	0.002798928607150598
0.02086398479340131	0.008441286833997927	3.50210741448169e-05	0.002287374734362612
0.01503549449985441	0.006272266577998593	-0.002032066838694497	0.002966957893020543
0.01102417042258027	0.005644023029782809	0.0004931254414769417	0.005559111570465334
0.005571470118647202	0.004707450742098069	0.002818738242841672	0.005291613203797453
-0.007446061341902719	0.004127709004198748	-0.0009513498011816527	0.004483160453637361
-0.01469569037950649	-0.0003459333954565272	0.002036701101314614	0.00825750238108691
-0.01292234789414206	0.003204232558880301	0.001854149225052529	0.007395184734938777
-0.01839871952345508	0.003474085486785441	0.002211697304305679	-0.003802238055392121
-0.005335644445859268	0.007708787862217301	0.003241024989513442	-0.009151581985251941
-0.01157228217632287	0.005648692504127631	0.003953127907489778	-0.00749087269173859
-0.01469408989539289	0.01045031305566279	0.004017405322162279	-0.005023216125121094
-0.001799043540606929	0.009240736270601796	0.001409512898611835	-0.004610709151898256
-0.002908525237073971	0.002171048198200697	-0.000452120091299974	-0.0003126201233533109
0.001679097582411354	0.00104500410091359	0.002324750035702572	0.007963456365790735
0.02826796864076588	0.005680624841249246	-0.003927856578120783	0.01355429773849982
0.01240961233076886	0.004380782199877419	-0.007052711242654146	0.006667451197199087
-0.02448262620542628	-0.001614150725190496	-0.003324515209360123	0.003233850106776266
-0.02022622146807995	-0.002327019725852013	-0.003356575049040073	6.879341876095722e-05
-0.01679341493852812	-0.004082869790992569	-0.004028060992775801	-0.0005218216957800787
-0.01076791517822431	-0.001531534085917807	-0.0006918765051991187	-0.002426342513694112
-0.01258698691647733	-0.003086986411237627	-0.001241018456652546	-0.002084520507055522
0.003884216281954245	0.006228882199237738	-0.001876355616679323	0.001545038621735251
-0.01099205085741129	0.004262226496376479	-0.003068973763475299	0.003004740167834373
-0.03065346317934961	0.003706308099206949	0.002436491468774719	0.001835073348939819
-0.01078800953400821	0.007334462910003555	0.0001120076959797076	-0.003123708941360841
-0.000917922696978419	0.004796239042550397	0.002980079755225382	0.003675695218373202
0.002126073266429153	0.002223073272837792	0.004085561087195545	0.006172075849853151
0.005101537649642417	0.00140035185289589	0.003884435647907271	-0.003426951328924442
0.008030588048944689	-0.001831673592050993	0.003707648262698554	-0.009551938882217493
0.0118239711731899	-0.002575208594249469	0.004312821708208871	-0.003023226533601433
0.008347124585744482	-0.004393474569216309	-0.00183993226278135	-0.01878313021954623
0.004148433184757177	-0.006380142061140704	-0.003117495499311085	-0.02217517172659558
0.005493977299108356	-0.01187342690278636	-0.001947044211798264	-0.01212552044781914
-0.001908586625170754	-0.008062861119083962	-0.005073374113318004	-0.004878387351431927
0.000939145254516867	-0.006481109457375259	-0.004660854605820781	0.00172955424677203
-0.003054526849697971	0.003087600814165554	-0.004320553780688566	-0.003239975719760253
-0.0003654839557757755	0.003087722992794702	-0.002382214473709442	0.0006949300899980982
0.002865579150121293	0.006196229588657511	0.000113197905987967	0.003947781544378446
0.002886695006267533	0.004883273742480196	0.003986520095856367	0.02160023506161945
0.005660532626299203	0.009322045624882435	-0.002209740038538433	0.00923586216806758
0.009344250807996581	0.006968814059253398	-0.01361654320044718	-0.002355227190043714
0.02183716922780828	2.185710610496874e-05	-0.006981511558709164	-0.001553257556892802
0.01639514989198616	-0.00698861929933452	-0.0001089653123275623	0.002373268095470896
-0.01511718680294418	-0.03282894006799626	0.001751737034930352	3.990187435695068e-05
-0.01226818003506124	-0.02613338027370442	0.001251176321214204	-0.0002459832056768768
-0.006298745698739946	-0.01953772499981829	0.001540055196624448	-0.002997060469689545
-0.007911425719667719	-0.01413147388670383	-0.004474656899221557	-0.001694728991412575
-0.006403597105335226	-0.01630950301928425	-0.00436169783230956	0.001694427501353294
-0.008449002463939929	-0.0173815957321086	-0.005001365612974071	-0.003176839442661553
-0.00233932722654049	-0.01334272140305836	0.001259687031542409	-0.002165534575849387
-0.0008671802002944828	-0.01143507870554973	-0.002461560486900472	0.001070583306535201
0.0006159525308036457	-0.006838134314465338	-0.003666045184510184	0.001881629594209279
0.004418157287619433	-0.006079858276869568	-0.0007181358755751243	0.003839490362454367
0.006542833638937417	-0.002084551812339108	0.001158231510538333	-0.0008768889057870824
0.009268549621435473	0.003907291527699571	0.002180114065568889	-0.0005818727080467966
0.01168577949987586	0.004047698993436007	-0.0001040382318383938	-0.0003388433704304146
0.01015480054675182	0.005521692182591656	0.008416524449120898	-0.0001171608189681403
0.01004926627247649	0.004788361989307564	0.009602252825670078	-0.0009233379924056635
0.008640296179651917	0.008632809659745402	0.009361232432064081	0.002226351434608251
0.01005512274592055	0.005357113032855632	0.005786896510474731	-0.004359885237532323
0.01069390587236945	0.009385368632405203	0.008324378720245737	-0.000775939478042932
0.005915002061399804	0.01006474693031702	0.001902001740869423	-0.00193999075768519
0.004674806423172399	0.01084344829188345	0.002942390483544046	-0.001176767878476807
0.007516754475778562	0.0113218924597578	0.004982062623847273	0.003263149499708196
0.002025613733452749	0.008743022043048382	0.002051329749667357	0.003543676229283855
-0.00241910145407485	0.007682484137551955	0.001446903897202893	0.004444108783681981
-0.004824531890346546	0.007643535175131911	-0.003537916488360189	-0.001021310522091341
0.005559557889365836	0.006629563768603687	0.003374342778967279	0.001993414793298879
0.008616549101314647	0.007918136638142639	0.002845485812958661	-0.001754576936796557
0.007061943769174819	0.01033329911713791	0.0005523994067114148	0.0005008547595945679
0.004124854258292038	0.01430484920355727	-0.001019555957609879	0.002447472539793492
0.004988412300898639	0.01275420524785447	-0.000168876421118513	0.002005293675376334
0.002184706073945282	0.01683376943411734	0.003978463823421016	-0.004353299775129281
-0.0007215022865454032	0.009825201556098869	0.00182281544736724	-0.008114052490890585
0.001479993474015192	0.008106046743458037	0.007943400758413592	-0.0006158993711055023
-0.001250589356858733	-0.0005493364515896387	0.006524544072060891	-0.0004168730557564733
-0.003236186537205764	-0.007516389820279023	0.005838626117673536	0.003993751297032475
-0.004375503791076781	-0.001896016713108336	0.006722973763272038	0.004449371006216913
0.001626014469801501	-0.00509675791202752	0.001096049941710904	0.0003672175615939433
0.004844313646255412	-0.003240485898208375	0.00115493950972325	-0.001343934495086896
0.002823280256592108	-0.006072977390648583	-0.002387443214191341	0.003627765668232927
0.003760755193352431	-0.002638157650687116	-0.002969301833377219	0.006579962103298987
-0.003662619626043059	0.004852529056071173	-0.002416762135978806	0.005603039962252121
-0.01514645344683127	0.00637688321029696	-0.003299171232233838	-0.001173657288950841
-0.004661801677049368	0.01512620478031236	-0.002926369809606305	-0.001182534475826609
-0.005237444334776415	0.01273493591928955	-0.006517100541724156	-0.002155031828480082
-0.02500319800458278	0.0008024520785823669	-0.00528936097045104	-0.004064259368707027
-0.01528311329895575	-0.004091992717455108	-0.01091582592815459	-0.00232624980740051
-0.006006325670945688	-0.002356349077647395	-0.00693911159078015	-0.005049756082755243
-0.0012195778039385	-0.0009982736809243397	-0.005704157607685462	-0.003881745633323536
-0.005630722245885984	-0.002135500058926458	-0.002250627341013209	-0.004852665145296966
-0.001349670505971627	-0.005730127539450001	0.0003175448076510453	-0.001980741961272754
-0.003739369787485952	-0.005167043156142946	0.0004911961471766039	-0.002977596190713342
-0.0005161510979799888	-0.006312747036189825	-0.003334350979829255	-0.003540854711181198
-0.01255756001304013	-0.00889767721808485	0.00457203724149353	-0.001544768349179858
-0.0194429550396031	-0.009019174672211595	0.004380421277665449	-0.001106734293435805
-0.04717484711294002	-0.01455082766435391	0.003108604994153511	0.00772430564384508
-0.0317590379168371	-0.02065661301568952	0.001151943521441648	0.007812202351742309
-0.01384157286496698	-0.01698057764163734	-0.003526165785963603	0.00307310876580104
-0.001933412292391626	-0.008722210896318841	-0.004330980968502702	0.003582913575425881
0.00116263183217127	-0.007196516602788381	-0.007977622974499424	0.00877752994433942
0.004652836103293379	-0.007371882792659636	-0.004343760976394536	0.002806129932230987
0.006418901139826251	-0.007056485430466257	-0.004767943367482811	0.00361753238915075
0.009553779962175079	-0.005806432111098021	-0.00213186880548894	-0.01011591611962955
0.01382666091688816	-0.00549485615727762	-0.002878526635984111	-0.01923746756478415
0.006521015601904883	-0.01082800418544433	0.0004597958462341123	-0.0121786170182097
-0.01042708698746458	-0.007081846637880847	-0.0009293628793312479	0.0004733244850473208
-0.02159958262093081	-0.0001131644217993931	0.004322755312001754	0.007792281036816996
-0.02867747361401702	0.0008403846837702495	0.003566616428466886	0.006013792916751345
-0.01017545192267426	0.003137490908900281	0.007987981459333353	0.003619274531553568
0.00944811500411517	0.008096818272767353	0.0002278036866147738	-0.002084419427358821
0.01504701046354632	0.009517231708315888	-0.0006911806162330156	-0.00528119347987236
0.01703947834667581	0.01299593934512034	-0.000395432508613301	-0.002726668256058656
0.02032828175346323	0.01492308186947004	-0.0008614898226157483	-0.003718037019207858
0.01459998043472208	0.006581926529418397	0.00163927840908553	-0.005925615892533783
0.01039376105890158	0.005409415314330385	-0.004466822605986008	-0.004151962954156247
0.01100645069716588	0.01013848907636728	-0.002464202285176053	0.001158584616261766
0.01371973491100049	0.006316757130194546	-0.006143526205355038	0.004778857454769061
0.01686633125678373	0.004540709108297608	-0.007641332176550429	-0.002102952965008601
0.01687671552544946	0.006734188392463437	-0.000527778368918362	0.00418748849086009
0.009253672139672478	0.003695610016986687	0.001591373665019103	0.00580368486075417
0.007228007623000843	-0.004355184945453629	0.00342942011261249	0.02131033275926611
0.005332634269165064	-0.0004472645090853974	-0.001466970108610972	0.003333535166777534
0.01284159731668852	-0.005065505540296145	-0.004582814868708381	-0.004306691638268189
0.01485685870113943	-0.002743698677725722	-0.008899035842024471	0.001359020324573452
0.008232390598024783	-0.001097918279385223	-0.003726729003884235	0.003239926136720194
0.005612857955096777	0.001055539946750136	0.001250246223804824	-0.001805764628383025
0.007510831662630439	0.004599382213166358	0.00507521255567068	-0.001389832975520964
0.01280733159044841	0.005865940023369574	0.001812019298297269	-0.001176714753199573
0.01235616446304551	0.002980656687160561	0.002871178863836078	-0.001910096872969401
0.001079596443063927	0.001566456966372756	0.00404976963394497	0.00137528396223341
-0.005780402838956791	0.002365490038384069	0.004685314591287471	0.0002017264796193573
0.0003198928161419764	-0.0009635320068546904	-0.0007324991204157527	0.002082785262323087
0.009015118063276036	0.00143720983776771	0.001210406619896493	0.006590719482315458
-0.01558838314578024	-0.002996840169393155	0.001306279065298936	0.001255174401245021
-0.01499914327789858	-0.006811193327421112	-0.0003863664969203762	0.002131447395795701
-0.01095552791039855	-0.007054402578534013	0.002583778797767524	0.003887821882595305
-0.005221172962469461	-0.008220702164616645	-0.003054204074108978	0.003374285012831633
0.002235171821291608	-0.005310627573740505	-0.0001765429348091955	0.003682128526330787
0.001346639257619455	-0.004093888256815128	8.530455877159642e-05	0.00602328754917507
-0.002967938466743686	-0.0100119542391596	-0.0007025549789496927	0.004127981635531368
-0.0114073593461258	-0.007261040819338204	0.001746267812395415	0.0006855439855810505
-0.00429860625709576	-0.009182504163826769	0.00599965937634879	-0.002767674471826436
-0.003177325945744924	-0.006459025754028327	0.002516949887432883	-0.002498168329305913
-0.0002693832218994197	-0.007158607839136895	-0.001084918549165418	-0.0008725591179760352
0.001955260950329426	-0.001820896014970487	-0.0009030469704925012	-0.003396675450952574
-0.0007351382465253097	0.002926655447130715	0.0003174203838468167	-0.001779079992359187
0.0008538708868495024	0.003853774130895296	0.004031318425946643	0.0009501024902346775
0.003699229920490966	0.01120112974406726	0.006203134346297735	0.001306468182376254
0.0007407072978241291	0.008347859807644719	0.003251261576526673	-0.001925747083552535
-0.001296515277618408	0.005975435725806165	0.005130465796055102	-0.001303412623467699
0.0007453956126665518	0.009164710602543645	0.0001395459495026891	-0.002526727220839443
0.002314072279501338	0.00929856761273982	-0.003101437853791064	-0.002367258079663457
0.006348679287457367	0.01067968977777342	-0.0002483749908391933	0.0004422978631634318
0.009893737785076439	0.005523375785659213	-0.0003259536787343484	0.002546221653938862
0.005800785782728363	0.003150114904841958	0.002044167922192568	9.514538014627984e-05
0.00396676789945734	-0.002058475644397381	0.004559438458858393	0.00340292136120674
-0.002346513107644792	-0.003809935969978846	0.0009220652569824673	0.004719746198697016
-0.00677470832549595	0.0008645965037641054	0.0007169823827915892	0.000965413637616972
-0.002493124870083618	0.006843623777496227	0.00426565345984768	-0.001150037511855366
-0.005207957625449709	0.003593285692484499	0.002190820371909195	0.001894628192455546
-0.007414879716206249	-0.0001216570428224483	0.00290060719889193	-0.001678951555367195
-0.01261254101036368	0.0004136260789794728	-0.0007402265271197508	0.0006152422054534938
-0.01032613196160665	0.003139897924232108	-8.792638057677311e-06	-0.001624262017071535
-0.007148527650365812	-0.001028162192363184	0.00363903329104395	-0.00535449637054374
-0.01253819279198702	-0.002487393167034547	-0.0004089295825876049	-0.005308467022275195
-0.00660919861975624	0.007406008617485466	-0.001906044506610968	-0.007741832727578328
-0.0102620347547811	0.007158519042643852	-0.003158493073657475	-0.01026173927711198
-0.01269020121606136	0.006243763603296928	-0.004155633121908264	-0.005461807581683112
-0.0108807956847123	0.007991038233433624	-0.003868477437426907	-0.002370829463487295
-0.01135876850587547	0.003226590379091853	0.003648800163515196	0.003057014774793484
0.003933578865158925	0.003478948915414129	-0.003551389890381628	0.006725929562390528
0.009191806593484038	0.0006571822570781576	-0.0009209989756674526	0.002408323545891296
0.01110542315652174	0.002317009544234891	-0.000743291965983768	0.0004352303651575922
0.005837204097697182	-0.001032314462915361	-0.001327414206676954	-0.0006174931705103984
0.003020083481013206	-0.002247518406377268	0.001424538982722592	0.004520692054535042
0.002915030455600597	-0.002580862762554552	0.001501843153632874	0.007266217004047836
0.003233332170873732	-0.001391089377026329	0.001292063004894113	-0.002105401409620965
0.0002977083024875091	-0.003183741516159648	0.002301410607467033	-0.006891328338705199
-0.005077890207356833	0.0001902149511665852	0.004299099955793331	-0.01630904870481052
-0.02197211781033065	-0.006073968829920382	0.0008932655549282712	-0.02748720529733874
-0.01523803023188904	-0.008074516502778847	-0.001001608629778759	-0.01671362634321228
0.01135965673376172	-0.009205866416506553	0.002105500885479563	-0.005334045174965558
0.001649034892995911	-0.005948374960358048	-7.063083752285819e-05	-0.005513339578293633
0.006484245787294802	-0.007411083403950458	-0.001305182699236069	-0.004634293164341357
0.009695233146282182	-0.007124514922920816	-0.004675458849993768	-0.0005468873409192164
0.009409527546104498	-0.006561350357252729	-0.00362544352583998	0.001803640486415521
0.01127155975173451	-0.009639263477140295	-0.001883444602054707	-1.748337755697139e-05
-0.01140837850341304	-0.02505981450585819	-0.001447926276542894	0.005398632439107749
-0.04097657595774922	-0.02102458914665859	-0.001693953009198837	0.008348662243820032
-0.03461230049712938	-0.01656134158153485	-0.003353846292682666	0.006904196769232209
-0.008083050702593852	-0.01123374145610557	0.0009858148309512555	0.008517544117886498
0.008198929068491964	-0.005003276564191421	-0.003616077321092852	0.004862290281404216
0.004969687614593571	-0.003500315516531831	-0.0003423096117411463	-0.006594402231217406
-0.003328810031842804	-0.0008495377668963999	0.0006678563358942013	-0.007072044825097485
-0.003342111470782054	0.00550750561764669	0.003508684894942532	0.005103053730603305
0.00144768359075655	0.01401827585971405	0.001988922366732691	0.007603731359141112
0.003423537680606913	0.02020306441571753	0.0004042870118030037	0.004156093806931411
-0.008174703155809789	0.01163112660380347	-0.0007816659824170181	-0.002872345416103522
-0.01746875627141372	0.00339912167913244	-0.004440191322806517	-0.000382130949301547
-0.008369361696859406	0.00832436335610072	0.00170933319456722	0.003725260873049539
0.00635173755691809	0.01138897197924432	-0.00305140893320692	0.003441648023677168
0.01053465118746799	0.01018564537548562	-0.003298864434523828	0.004633912193357955
0.01500955145048683	0.006260599477677826	-0.003719314695294356	0.004274430370691609
0.01482006238018014	0.003248889743879541	-0.003990143982589343	0.003266030496108172
0.02001437978333342	0.002611700582196223	-0.003643706320042193	0.0002240450312695515
0.01443142351163092	0.003113768547654581	-0.002499866994918214	0.003210572017045416
0.0169711550994654	0.002638064107610724	0.003593767458581525	0.002121371044266583
0.01607043822908407	0.007409119804993173	0.003410493992958011	-0.0005354577385940614
0.01343168242876675	0.001464521163322715	0.002674402936715168	0.001155380124562987
0.01591894207211081	-0.002590204500226052	0.004825833816714354	0.002565962536957548
0.01050329531124123	0.003018736371836006	0.002371294421376529	0.003513063995338743
0.01095164239723431	0.007137567894126223	-0.001940031816801155	0.002077687931478557
0.007445076282447155	0.01094713949840709	0.001664776078882258	-0.0005809458410364517
0.0119026802199414	0.008798337069392139	-0.004155485434221318	0.002771392719797797
0.01318644846510773	0.007083391618237099	-0.004786989732354736	0.003142023868622452
0.01105564391360075	0.00669841669024515	-0.002484142334440449	0.0005432345709350745
0.009497592157163212	0.001882251236579795	-0.008027840181546841	0.001302775673485181
0.01209065689374858	-0.005338157350951335	-0.004616483042001582	0.001548652185672516
0.01534540836860087	-0.01058552189868414	-0.001622565541916821	0.007771850655310331
0.01595237530544491	-0.01634339623717707	-0.002955332360446797	0.01226506298128208
0.0160614329040653	-0.01362101353858419	-0.001621538920989277	0.006719632486951452
0.02048763967148527	-0.001675347473733561	0.001874898588231554	0.006229915726889287
-0.007410790853647747	-0.009081633690294914	0.001836026564447612	0.006096693625528149
-0.009250790636678479	-0.01111482611359847	0.002406557844522536	-0.002470825275910282
0.0006801326737233236	-0.01456285820058417	0.005093242281683988	0.001398523464399353
-0.001294014577636715	-0.01075769546950273	0.004107632795326647	-0.005483050277305252
-6.646789460941111e-05	-0.01213030103512311	0.005473350849159043	-0.02394907496692526
9.378803516740038e-05	-0.01004617800562994	9.466126435678524e-05	-0.02094635937195221
-0.02500331696639354	-0.01295376755339689	0.005743797685400657	-0.01149633694418945
-0.02466241341977607	-0.01114597621033575	0.0008634304513624751	-0.003388984735828372
-0.0136668455740349	-0.01030040786306275	-0.001287938311790283	0.002018357326701837
-0.01179248849200664	-0.001735797059690343	-0.00311114284663812	0.0009635028042580176
-0.01821091877955484	0.003347361148807822	-0.003128817779009621	-0.0002236264577348742
-0.0251391753128743	0.004320058690743993	-0.001244838560854957	0.001064252334924298
-0.03031419076513308	0.001620671118409405	-0.005381575665400859	0.00580449602122082
-0.02852664322204524	0.002228415121520323	-0.006043773043608721	0.005548552423324946
-0.02384438905049447	0.0009839459540157758	0.0005432751372819081	0.003343188085959502
-0.01576115818952201	0.002428842418008505	-0.001058832888403678	-0.000364760638351535
-0.004552341518013197	0.00117817502930495	0.001137746508375494	0.0009504404678937579
-0.0005157303620740922	0.007664221117159047	0.003795055692184113	0.004575842126050728
0.004510519559752795	0.007877777567429462	0.003641368019299937	0.002437231624494305
0.008942175025265557	0.01200209970904248	0.002074786485798553	0.003009466102648704
0.003983199454194346	0.01499937594719166	0.00451116832633757	0.001850702217768514
-0.004971585139720069	0.01919212257863698	0.003785526224386665	-9.649980645059443e-05
-0.01127490254998057	0.01364988691863128	0.0002261064333412093	0.005737882428492808
-0.01217072087350383	0.0175985811898101	0.0006629039131613565	0.0002446536671987382
-0.001007468567896482	0.01771160222866904	-0.004071667028659407	-0.002546057965437072
0.002908468645713275	0.0143341240673282	-0.00283414295006291	0.0004455060503125511
0.01188572573211388	0.01301893299389291	-0.003190511823212888	0.002409927392408902
0.01443311670619019	0.01152636959528403	-0.002542395242035611	-0.0003874912522561067
0.0141367986896049	0.008063799932273899	0.002082107416136039	0.001579488450915051
0.01592051042616759	-0.0004243761690040133	0.001006192031835151	-6.928961925175729e-05
0.02066111448985777	-0.004080574649819306	0.001020295508341384	0.0005355084011830659
0.01699476253420856	-0.001061251077150069	-0.001704534377800634	0.0004725415339618099
0.02541152930382078	0.002662049960250957	0.001899467510475916	-0.000596647440094493
0.03161616512975556	-0.001403879810350356	-0.0001703057003595049	0.003288823012038881
0.02054829717850545	-0.003540553527406514	0.005920812430804928	-0.003355108109435213
0.01428099880656955	0.0007032149376085546	0.002089435070465968	-0.00369544462573292
0.004651502979190267	-0.005988434099179742	0.002426289662756179	-0.008159303233217893
-0.007385113384687618	-0.01048129248231009	0.00519045275648296	-0.008293461491704568
-0.0145715512854182	-0.01256170785771843	0.006584843699986245	-0.00800710896864136
-0.02227475188591152	-0.006760183753145412	0.009804378389625499	-0.004767601370381144
-0.03409167408666974	-0.01063252161269703	0.004879968611818652	-0.002631311552922745
-0.05899066413002068	-0.003802457176833279	0.004973674756012279	0.01126848330338351
-0.0423003477862021	-0.007711505994939927	0.00693924206578765	0.01544599576316041
-0.01825031320235538	-0.001846955710142845	0.003913298751737284	0.01723162104660449
-0.009639812117943264	0.002576857404845286	-0.001548178007149032	0.0009403993275503821
-0.007078334014299776	-0.002896319157900254	-0.005703400772017045	-0.01012836347423363
0.001370022288520327	-0.002523765435987135	-0.01149595136191444	-0.00643004388103575
0.00779823260943954	0.00124292979853558	-0.008279145934672785	3.840370636338746e-05
0.003195755534843916	-0.007512013953795631	-0.005194916609921412	-0.0008528344333090704
0.005094750715330849	-0.005698027747719664	-0.001070567004493489	-0.001431627398512414
0.001124426668521785	-0.003717686093330905	-0.003757354604166742	-0.004354175004331342
-0.006274393753003402	-0.008721112545623719	-0.001429813919663341	-0.00326547218169134
0.004039298991350426	-0.009556360974926098	0.004251565275437776	-0.002784386742435009
0.01014375712309157	-0.0122923079906906	0.0001732197002245851	0.0003853092334801501
0.01075344848291202	-0.006018636547709242	0.001099509767992933	0.001870333949003389
0.01202050322826343	-0.000275908287757544	-0.0007696434933048182	-0.00190655264894623
0.0124088573129703	0.0002575318900320545	-0.001618578333631231	-0.008962053115585199
0.001161531394520742	0.004177034526355833	-0.003863589254261307	-0.00697127953032558
-0.003767350938383417	0.01100006660292408	-0.004936056195153415	-0.006054968603584221
-0.008977248701007624	0.0106340078819061	0.0005977266583930662	-0.001968365174442414
0.003460418888255132	0.01251590642237524	-6.173678645228687e-05	0.004870636478512954
0.0007275168943846856	0.01356386277883642	0.000663401391835565	0.005444443577118215
0.001548336846031329	0.01009961296836751	-0.0008758985633445186	0.004750284169561599
0.006034000511337033	0.00455086011203173	-0.003850344224638727	0.001136673294547575
0.005355160398577521	0.007819626914154856	-0.007230305341262595	-0.001807896898113401
0.0107242749089499	0.005377682799997111	-0.00191022676782001	-0.001839084305104741
0.007455830816481669	0.005112017871699357	-0.0005290211085241852	-0.002546800730392909
-0.004163198756461432	0.0006266112160872032	-0.0002137712411312561	0.0002052119390252211
-0.01909230146972008	0.001007861466414427	0.004710772634693485	0.00385446176905012
0.001453674131914176	0.0009686912220104978	0.003127559661560562	-0.0002565197150806774
0.01244298279130272	0.002364879134680108	0.006747773229102369	0.001348380869600158
0.01879074644984638	-0.002483291268552912	0.003598791883402249	0.002617458188865336
0.01286137056051861	-0.0008346092588182367	0.003601446399910643	0.004577998283608209
0.01320874913226311	0.003932042185900994	0.003753778818362464	0.009243411433087633
0.01717178791637072	-0.001336482378833712	0.0007700280797985483	0.007680392971952164
0.01209754340510487	4.179069790098144e-05	0.0022479462754174	0.007968229908703927
0.004296726251161623	0.001194279778407645	5.171938005886625e-05	0.009111469289903465
0.01147188075849061	0.001912313642511211	0.0003507244867625236	0.001676360722527973
0.01264380272424902	-0.002748338604968367	-0.002297450850855225	-0.002711414389306035
0.009894562601748948	-0.01607355353832274	-0.0003341099932361504	-0.005510873855872797
0.004607151551633539	-0.01418925277713393	-0.005400922978933152	-0.01048092676871468
0.01185744188866273	-0.009587702425239566	-0.004271324308386708	-0.02189695878186241
0.008680087122387907	-0.00963942035776132	-0.006294160575076885	-0.01611140671045472
0.006928884377907371	-0.01031504894943871	0.003154959975072179	-0.009335585016144786
0.003183258144191056	-0.01055593322753525	0.002002487650026764	-0.001250879218563771
0.001649962208043559	-0.007639787494576585	0.0006043453424337179	0.003525433180258359
-0.003332096581693705	-0.007358300131819412	0.002538321191335156	0.000325426973652124
-0.02024909503944171	-0.007618440825920012	0.002916068995152255	-0.002396542462662424
-0.05667745251347078	-0.007443309375103431	0.002609553275792118	-0.005528107439636065
-0.03743531337615727	-0.00580233756452305	0.001462982645190157	-0.002144867811323944
-0.01952271348256737	-0.0009820449287888883	0.002165982483401177	0.0009538022978304471
-0.01490025187955355	-0.002807837535782662	7.706266040159818e-05	0.006060675813863907
-0.01311264061001191	-0.002939216272612282	-0.00117308400265757	0.0096684937261484
-0.01153374941795163	-0.003074260428445816	-0.002048313200734526	0.00583482411882349
-0.002055633496375409	-0.0006096279297963089	-0.001839800616031862	0.0004612453031168319
0.006829645731791086	0.00939547931791797	-0.002540286881572803	0.002924777511094176
0.009914404202385168	0.01142190498269404	-0.00451379741593964	0.002932133820982424
0.0153688161484296	0.00657003088433993	-0.003389804866786154	0.004113663856362104
0.01686545792938485	0.00186967547667925	-0.0007158369907231593	-0.0004826499518938232
0.01456690009105304	0.003070501818750386	0.002606768012836102	-0.001070711477273634
0.01434287649025606	-1.202968088300319e-05	0.001880544239693775	0.001829416400923664
0.01453791835685414	0.004036081543381467	0.003019214869288195	0.00711864393714598
0.007082171086950668	0.005145269025495477	0.00336470254154004	0.004914801055813601
0.009358725314830875	0.005700761963976443	0.002625347191393089	0.00317958272563675
-0.008761682925589584	-0.0001298192751128842	-0.002325391756932874	0.003475420463887388
-0.03276718902596328	-0.006719025229124547	-0.002113972284167617	0.0004652340013641798
-0.01745317642910489	-0.006155625113966257	-0.001268020443540749	0.001635195471690486
-0.009290314132828296	-0.003467667753552351	0.00176473478053057	0.0005608994493817131
-0.009303135632694469	-0.0022207067230848	0.001222973381057666	0.003164720402450779
-0.006781090570551094	0.003210370993169407	-0.002469630429272392	0.001262178573798257
-0.007024620185010789	0.00392513928005503	-0.003795219491074934	-0.002500555973563782
-0.005115763335080799	0.002564940841682751	0.002166553453159665	-0.004735430865113062
-0.003750063363618822	0.002988662174332456	-0.001422887158631196	-0.005768588828647239
-0.0005636606667039749	0.0006872278843403797	-0.002554012294151757	-0.005044136369143068
-0.00186600742076008	-0.00483401678247657	-0.00333074161342279	-0.003548888095757293
0.0004972149697186337	-0.005476178418043857	-0.007434597178329808	-0.005680032167638349
0.009941518092912991	-0.008604535351662616	-0.0006719422691332047	-0.002681034162474748
0.02075472951322934	0.001188145395624708	-0.0003212098682191684	-0.002356011760895622
0.02487171731149368	0.002723327159818006	-0.01222600250814924	-0.005503369624896767
0.02823801848211806	-0.005124760848713242	-0.01259431586979618	-0.004762705276030909
0.02246267683480146	-0.003018026924586921	-0.00339901032638795	0.0001442537888291663
0.02253191461211662	-0.005965054791239537	0.0008033477341991591	0.002407731601138872
0.01939774099500371	0.0004703795706902269	0.00292892567181266	0.003282646963440043
0.01795084065731635	-0.006512304106818599	0.003793840455665947	0.007449768943392433
0.0001520171506887881	-0.01066488577714651	0.005146822152966739	0.01702045208734403
-0.02416598215482366	-0.006688190144047004	0.0007963698228574964	0.002771623534590298
-0.05041446193872584	-0.006999526949080794	-0.001856347119740449	-0.01087895871834089
-0.04728876890310327	-0.004736857291388816	-0.0009333803655767019	-0.005337107957344744
-0.04070683579455762	-0.005398780646934317	0.005010598853655554	-0.00207018523101254
-0.05198081766123639	0.003213475952954061	0.001743498710706712	0.001454998860345804
-0.04480403950831208	0.007313469404001067	0.0007282614237573114	-0.0005903395599602557
-0.02348737037296685	0.01208143160380897	0.004318478803080309	-0.0015491450505827
-0.01961862292961053	0.01335615409814976	0.003576939090167988	0.002745064877683521
-0.003876014434534687	0.01089020421428133	0.001343036863624166	0.0003312858128773468
0.009381745034169869	0.01145720342618828	0.007118886626857093	0.00244855758977672
0.01489857182293127	0.008182188345727604	0.007409663713253265	-0.0009753232850104402
0.01967140769179571	0.02411659042708598	0.008641548622169558	-0.003309465689948357
0.01344746038861407	0.02351901814090443	0.004132505656164943	-0.0003784676009581497
0.01574977449708996	0.01417669081877039	0.007784173002892672	0.002476840385792392
0.0131488647962612	0.008664584444602772	0.004467772319611428	0.00291147461870452
0.01390192866283609	0.008900826720236782	0.001530875173904271	0.002413788682831252
0.008297639585289741	0.005724908558699727	0.0002304298647270771	-0.0009428975438512045
0.006982196295785781	0.006166777690938115	1.035064540793598e-05	-0.001298877811889449
0.01047822275660392	0.005372076596244953	0.00113579602408081	-0.002231755771268992
0.01576777904191314	0.007831648330342465	-0.004718640153546044	-0.000462278938752442
0.01577942512844304	0.01344281434121897	-0.001049118593689774	0.003997911270636977
0.01706459933186672	0.01034455605240714	-0.001557633538854722	0.005747221741041655
0.01716654366687212	0.01028485919962622	2.885690582235415e-05	0.00203013917540217
0.009617664453245928	0.007450340549052023	-0.001182363297120744	0.004775869513049791
0.01254570064150643	0.009058968898816721	-0.003185574494597201	0.0008750939257328851
0.01162854497267949	0.002298476371800494	-0.0007015362999765396	0.002088613910369362
0.01623032637933441	0.003621318841701702	-0.0004852977865113335	0.0007072375035080744
0.01450657431966823	0.001214632899011023	-0.001545819000634596	-0.001305091750584741
0.01206739330313246	-0.0008781629221661495	-0.0004301198083321927	-0.00336353783825258
0.01329574066956316	0.002922367633019404	0.001143604201104594	0.001334346860390535
0.008159565342052399	0.00236758114808365	0.00355087949395928	-0.001802061210020171
0.002869290613074296	-0.004629070088925107	-0.003460003796806511	0.007519389046698229
0.00721237529577833	-0.00512600549975687	-0.002108311765827253	0.006298215915232631
0.006756397925205489	-0.007602501169957697	-0.0008289170968710074	0.006273031791746955
-0.002266870724187923	-0.005293121170181979	-0.003361667390819261	0.004060758767034693
-0.001206264229340817	-0.006377730477632294	-0.004306999253434516	0.003833507295199978
-0.005717374543077853	-0.005356061508615681	-0.001783938685484819	-0.000635976613132607
-0.004675406401942447	-0.003595981638746165	-0.005694349331866577	-0.002458721186168521
-0.002762432929037962	-0.008441087493056944	-0.0003227394746286567	0.0007576064703560255
5.360814694157319e-05	-0.002280475125514034	-0.001955042658939129	-0.004845267012789256
-0.001085874656973696	-0.004384716900281266	0.001973580187688376	-0.02088845950431469
-0.001914651068104056	-0.01523824628948883	-0.0009284905362308669	-0.01594765550415465
0.0005239815984348227	-0.008974397081586712	0.004346463192032109	-0.007762176891608215
-0.004259449304662177	-0.01077875816517391	0.0005896520644231666	-0.002384386186242411
-0.008974400543865302	-0.01049018808223884	0.005287051375658091	-0.007080329240653853
-0.009137054871234453	-0.007927006029682599	0.004029492048077362	-0.005203915352475369
-0.00623803584965889	-0.01056516313822447	0.0002941392758282295	-0.002485874664967113
-0.01075387319964111	-0.00552991348512126	-5.984044402102384e-05	-0.002836857858859319
-0.004235052769283077	-0.003754768232496306	-0.001355917939571392	0.0003242125985575845
0.001424643746981644	-0.006603664280368686	0.001480266443216153	0.002152369732510066
-0.00700470854251769	-0.01101129201166192	-0.001327504697522915	-0.0008518863862949267
-0.009562839962558748	-0.01264130062914689	-0.0004681511284687149	0.0002369218486202674
-0.005213882612301502	-0.01576050164105225	0.002227460484746614	0.0008231678475749926
-0.01405933404190532	-0.02280515296850377	-0.003941118427625642	0.007427763111564961
-0.01392188391355859	-0.02162317605764444	-0.002562197225095593	0.003813681806083776
-0.01042074961434532	-0.01710316878250578	-0.004377867384853198	0.002221526344245233
-0.001934807632424359	-0.004102067243922279	0.0008119402958665881	0.003788730419762308
0.004724423497822964	-0.002993483310061924	-0.003249384296047609	0.002073918664138948
-6.500518389611351e-05	-0.005706226292521778	-0.001308692937248622	0.001590899304745645
0.0009658000107305361	-0.0004630022344902213	0.003303444830837358	0.002065029185020849
-0.0001506234009642993	0.0005350998865369623	-0.0007175428489233023	0.002219575057723227
-0.004224995716237753	0.001546182502311273	0.005789712698021015	-0.0007354193266055335
-0.007378811422041092	0.003269734628745695	0.001231306633022717	-7.179462191486468e-05
-0.007527930833399422	-0.001322564257607604	0.002325900572011136	0.001999793634268637
-0.02484182701543476	-0.004273262507699837	0.00281813069388718	0.0144257293789842
-0.02763091661651795	0.002306903467078118	0.002777438079219065	0.0091615195540643
-0.01014839836293131	0.002343403572638742	-0.002475371636468907	0.0001674885044862371
0.001296693019413556	0.0009632723024099487	-0.00297760899858258	-0.002238902340395393
0.001319376551942735	0.004765592491277219	-0.000843253290819119	-8.73920635433977e-06
-0.003409139472005652	0.00815872835782745	0.001288598206374088	0.002377502979578204
0.004923529095080965	0.009743769089248804	-0.001873362121730423	0.002271356641566054
0.005438464715731999	0.01392225840288426	-0.001099172029851351	-0.002500131138905078
0.007333766680246346	0.008601365715200907	-0.0009518505868728099	-0.006384026298031563
0.003231814222501499	0.01031091093159688	-0.003277874371207485	-0.005493626752044923
-0.001891496264721929	0.008441681929321663	-0.0001548383879443979	-0.002560024810104808
-0.009024573976032546	0.01091667866791588	-0.001297020031492653	0.003941297700649964
0.005474475628762326	0.01173954255072439	-0.009773279831030329	0.002312349745847113
0.01419853876754104	0.006630426572871894	0.001677874597795164	0.004831623496191014
0.02111795820725305	0.0009587123160658853	2.772041210204391e-05	0.01562778138239512
0.01919095414339242	-0.003450056651642424	-0.001584360811343866	0.009233227995225513
0.009765839233023406	-0.0027097190647482	-0.000274300596684447	-0.00644406017052444
0.01078896644337197	-0.00280801780694301	-0.003187661528175888	-0.009617932530214989
0.01041940875845325	-0.00239062911711163	0.002191199677113165	0.00842874316004312
0.02154736144242258	0.003053629512654836	0.001200916421544403	0.006947566516344529
0.01200483332994231	0.0005669139079310606	-0.001899110151758811	-0.01121012316565775
-0.0282325064906932	-0.01146978871668671	-0.001815356464987008	-0.01021152538885525
-0.04166738596050297	-0.0146918231463271	-0.0075681459311089	-0.006059080347056971
-0.01192889396808984	-0.01077245950724629	-0.00564100917392209	-0.009360900801023661
0.006807597104923021	-0.002413634768636891	-0.005078148508043026	-0.01072299287486792
0.008874202203972574	0.001971905696606321	-0.005464180153060798	-0.004685191366805752
-0.03006469052055667	0.008528429995635342	-5.015375259279835e-05	-0.004618990895399308
-0.006090793664094416	0.009619328956994518	0.001795217010183051	-8.396778344287628e-05
0.01032071104990033	0.007919252505724313	0.004701193297161697	0.00101400388639288
-0.01248454068542541	0.003142671553313811	0.009112836514548309	-0.001209770719085807
-0.02399161295717922	0.006717059486700263	0.005474846644141054	-0.004764416525128356
-0.02101308018411335	0.008648859106702052	0.002685677661560043	-0.004668977119034844
-0.01931677573413702	0.005470292944259995	0.001768994838957139	-0.006461394738423238
-0.02670529244961842	0.002162966411620705	0.001413179778171896	-0.006369494736575491
-0.01626127355311032	0.001384564074393345	0.003749487602039674	-0.004355781551649199
-0.0001030122562662958	0.006421848278218218	-0.0009810255288535733	-0.00339281848454736
0.005857596173090104	0.002024582170006996	0.0006372453960349789	-0.001487386981309714
0.002436505121712829	0.002486086157558182	-0.00216190226047227	0.001115860143683927
0.001567768037701853	0.007915706372566415	0.001043363906559417	-0.002851760185716437
0.005215044412702654	0.006080051554522352	0.004078006323014941	0.002462829438356952
0.01014980386651838	0.004833364014425847	0.005017446519029449	0.003631519713592111
0.01193979510568677	-0.003818308231211785	0.0001630807824793233	0.004858759784304819
0.009585576368061739	-0.003054530907623408	-0.0004850966721644561	-0.0012712860962749
0.02028396600619357	0.003250212572621587	-0.00284482033440914	-0.0004480276661126238
0.02008627133687317	0.002179958670339641	-0.0004614849884771602	0.01051291267416894
0.01513619749670673	0.004399266023554816	0.001010516290617914	0.009384088604097937
0.009619468642820775	0.005148824235639354	0.0003654585675747992	0.009058686210578221
0.01315711057796174	0.004432958979685839	0.002416552501940665	0.007942380354334332
0.01405372922412674	0.007915013626180798	0.0006899794557139888	0.01110757955812535
0.01505465912217277	0.008356989710899779	0.003235178712612927	0.00542597320865029
0.01709998287816732	0.001480616060311564	-0.0001261350552872907	-0.003251500059078045
0.01290099735580713	0.000698446269232397	0.005017048318944226	-0.001892328528798553
0.008312922648890097	-0.005598146664572427	0.000785584702741456	-0.01229127234194212
0.01302482224418553	-0.0009444259415127903	-0.001445286332251182	-0.01532150004273316
0.01495482941007607	0.002698521229791578	-0.001203335878664259	-0.01120733570719031
0.01891468046177865	-0.001504335017206282	0.0009805164921603113	-0.0004689029396167699
0.02356510446403504	0.001781157127600476	0.0009760561100384377	0.005936065882277046
0.01207283158706532	0.001701629009307862	-0.001526512369245209	0.004964434769631821
0.01306355819227436	0.001866866615295346	-0.003875360075322232	0.005368632541960296
0.01662839994007453	0.0009962875009523538	-0.004107478939039345	0.006468617520696951
0.01559643386532329	-0.00422758312128858	-0.001298595672804839	0.005643397746921766
0.01346515595237935	-0.003994214583439043	-0.005857401211151285	0.003244676311123252
0.0008804279342143168	-0.0005704810075734424	0.0008357091773606035	0.003257569386826433
-0.01066906361869064	-0.001110692697176024	0.001854486241467415	0.001746293725529533
-0.006852730530198768	-0.003640521198921289	0.0006472155505489268	-0.001446806695339289
-0.004544383276047792	-0.005139406235424811	0.001082071580961386	-0.004396034245269225
-0.002772473503863222	-0.009476224493761013	-0.0001976593122040203	-0.001026546377309006
-0.001790816635693313	-0.01046944600325932	0.0003343830292067787	0.002251603511382805
0.005031158028919895	-0.01911773943423537	0.002380248683936835	0.005094742396006335
-0.0004512235121793925	-0.01325776958276721	-0.001335546266831711	0.0009540865308639284
-0.02289092714548907	-0.008903677106316531	-0.004339436678762996	0.001974015251896057
-0.02388886765135261	-0.002114285750682735	-0.0001120052516308791	-0.002268552235742645
-0.007922437871356748	0.001384732989242995	0.0008118028890272977	0.005852260446905258
-0.000677316300743087	0.008540694045440188	0.003488198614962574	0.006573564441879533
-0.004373077712084087	0.007052647790943289	0.001852513332648117	0.0006454863037164546
-0.003663908780797962	0.006378239971029895	-0.002435027535340049	-0.002043887485081331
-0.004365299006885216	0.002307361618043911	-0.002034179095290992	0.0005755365324078175
-0.007673945874772559	0.002309535021645528	0.002186151701344178	-0.002336044443797557
-0.007333795951195579	0.001583748597195061	0.005618803683471896	-0.003770353455316438
-0.003307009332653152	-0.001117737891582724	-0.0004684187809966728	-0.001079120137566722
-0.004938520524245574	0.00233531222636438	0.003503077118331786	-0.0002937683886282509
-0.002971108584733072	-0.002506487392238855	0.001573067911215002	-0.003304795845880126
-0.003557699932988588	-0.002382338465293269	0.003518510028713501	-0.002055745435279451
-0.005852071503146543	-0.0009939880444151158	0.0007960929851019614	0.002010363273341108
-0.001770715556618166	-0.002612484629219129	0.002938226235185555	-0.002346241466774892
-0.003867811285538122	-0.004580570813679183	0.001945965994100654	-0.0009809669520236548
0.0004793537183196105	-0.000213187107538368	-0.0001598641275560349	0.003140691837925309
0.0001889806452893199	0.0008566387644986323	-0.003334551282052249	0.001118538290455494
0.0005808546688396663	0.0008682586042743357	-0.001080809475695809	0.002342372119799319
-0.01154345887808699	0.003122347686872001	-0.003431808790431687	0.001206219641657103
-0.02447294432027741	0.002380739635136697	-0.0004234560631916792	0.01016091602644193
-0.0242955264093122	0.0005357609367602142	-0.003081662832268777	0.01077957216234826
-0.01743801591364005	-0.002719207489762183	-0.002034325598570648	0.005719973877986839
-0.01273949895441874	-0.0009155801302108957	-0.003107269500830307	-0.0007283375919832033
-0.01055377689356141	-0.002856107961357405	-6.038785671462881e-05	0.001488868259535709
-0.009198507538089094	-0.003667131435482563	-0.0005820217337157415	-0.0009317968538570205
-0.006007806508185588	-0.01030188197136405	0.00559476963431081	0.001826565806860397
-0.003599992109767091	-0.008813500729649312	0.003965260487313725	-0.002164422500455399
-0.007266281805115564	-0.01038731986124888	0.008027962694029868	-0.002863536123183284
-0.01032655699622019	-0.003181243912982996	0.007314523474775646	0.001380560449406877
-0.005386849400903651	0.004827055015249988	0.001884398541588623	0.0005744726989606861
-0.006575724554553151	0.00424860816912682	-0.000151026290907849	-5.664048407683606e-05
-0.003065197504580741	0.002195843020938561	-0.00841779457566239	-0.003864667585948237
0.001025949352919647	0.0002166413168996307	-0.002803092174848169	-0.01037026610554397
0.004315499351042265	-0.003698191165294622	-0.002553026102697886	-0.006843988970982241
0.01201912081105362	-0.004009629849067192	-0.004032740111671465	-0.008575128884864275
0.01192874617161085	-0.00561620933744225	-0.005612073874099611	-0.0024118819160067
0.01876968136845018	0.001416928862309852	-0.00397089479543017	0.006507178716546862
0.01677035858023384	0.005603444140127554	-0.003966320642795431	-0.001055655112142231
0.008592972835137675	0.01289141034881581	-0.004690312505490748	-0.003087289413514596
0.01303650757343803	0.01132166420801114	-0.002386047505497351	-0.004620141795519296
0.01070923795150035	0.009360004867434912	0.002452709421030225	0.01166180074691087
0.006833117533870918	0.003376192091605384	0.0006990130765259337	-0.0005065359499017589
0.004242529439995671	-0.0007071222027539129	-0.004917159987530437	-0.009420427815376888
-0.01192310363682247	-0.002345755780675301	-0.004594103234277692	-0.008627051556596994
-0.01909809563199295	-0.001715409234167106	-0.0004949972261566141	-0.001343402907591108
-0.009727524440104182	0.00322018523977788	0.003619684108188846	0.003274798567430286
-0.01294085862152696	0.003425521083511293	-0.00224909995414025	0.0005748609319004348
0.004206848096931176	0.005379644620449893	0.001767279451880898	-0.005330641640778043
0.001212479995926571	0.001307417483274132	0.001725582755075652	-0.002933332693609625
0.006661351650895633	-0.003910176373783244	-1.785372252163266e-05	0.001892991654928837
-0.0209279327450619	-0.0004789527808232925	0.002267285912204048	0.0002123761428077457
-0.01378286855067237	-0.00238816694456301	0.002985811076619928	0.002641441349047688
-0.003417959694594964	0.0002997708729421885	0.002951946399582371	0.002697234242286774
-0.007325514254287476	0.0006417867505181618	0.005752221235634481	0.0009986126547621567
0.0004290876401133698	-0.001587509701158339	0.0007265627917942549	0.001432455063799873
0.006544873493991661	-0.002941457007385723	-0.002330001223953917	0.0001399690688333946
-0.02931252004552465	-0.003321203581707909	-0.001408189524729417	-0.0008902200694735907
-0.03283254238242669	-0.006797253136155408	0.001661827468513303	0.001460781192513731
-0.01584294780035483	-0.01189681603854094	0.003603906605817809	0.002848238701512442
0.00183219707288696	-0.004021829631748663	0.001507747400088885	0.007757752808130972
0.00684072856148752	-0.0008229031408352181	0.0006087401581293516	0.00308292811078892
0.007893895740631594	-0.005287576711111942	0.001262424358990934	-0.008191219298363375
0.01172392232791222	-0.01135164106526483	0.003770479139724392	-0.006861685030839911
0.00849917944934816	-0.01100090826377173	0.002431256258049963	-0.01328347824434328
0.01200071579187701	-0.003648931360491935	0.002400774493580742	-0.02633123587564757
0.01083788827991489	-0.003266268519210568	0.001424777926853114	-0.01732629464832175
0.02056858837359165	0.001385931043857035	0.0013524706664237	-0.006234151685555306
0.02359210815836299	0.009749936731098311	0.002446724441059598	-0.002875151659195903
0.03920325140933812	0.01064215588126876	0.001594681606534636	0.002359309901418622
0.03131133162674293	0.01182420204764516	-0.004018580884566404	0.000530602227911071
0.02345722455517631	0.008528827999559646	-0.006727658464477356	0.001108740786065299
0.01573007555791273	0.00897276021367608	-0.00439084544173402	0.001557552304293077
0.01619684314683721	0.00707791080397479	-0.003765867392462972	0.004193272000199521
0.01343373067516767	0.006204213690092096	-0.002058927424672134	0.001141833546538777
0.0243359404882111	0.007435190180080114	-0.002591899213991404	0.003650644759332437
0.01221427548081137	0.003620806315772924	-0.003999155599051024	0.001461291866272759
0.004457434361512038	-0.003900552685336811	-0.00511529738559368	0.002106361376895592
-0.01921495239081538	-0.009196927824454228	-0.001619603765741296	0.00418329501118591
-0.01764907494154627	-0.01243311821567802	-0.0001055391482158362	0.004613944625140927
-0.006922350443781411	-0.01498836844340915	-0.0003679048940676001	0.003063148870907988
-0.009317528491670847	-0.01649410166679591	0.0003916386865562468	0.001751934893982523
-0.00784234524959242	-0.01250522959411277	0.003338280761644597	0.002758912455612103
-0.003620680891857077	-0.008683979206638463	-0.0004304748476192672	-0.000640184229688601
-0.00575769520365242	-0.003913824396809212	0.002064067727971073	0.001612121178130806
-0.009620629064595406	0.003195963210525596	-0.002494320099795417	0.004865283701714579
-0.009221719775303026	0.01818859726309396	-0.003910933221140441	0.004267387670967634
-0.001747519769680841	0.03045947002372589	-0.002973810102684197	0.005102973678646543
0.001312532116741893	0.01474523689153521	-0.00786510715751507	0.007802537895457629
0.002626853306366166	0.01137313915718813	-0.006292864670925909	0.008495884219603664
0.003539446551091596	0.005040342308072651	-0.006268191102441723	0.01096923903217241
0.002616050293347091	0.00428168043105881	-0.005391595126080982	0.008734050205129219
0.003244254140121503	0.004296486118454406	0.0003904295189329651	0.00799367518660514
-0.001335220764894913	0.004633880101316198	0.003570976200612831	0.005470108934859296
-0.0006818889845463605	0.005224171119533399	0.001320714258276492	0.003179111130862322
-0.003145669550770752	0.01091451338270586	0.004590750339614168	-1.78920673792867e-05
0.0003491094755933287	0.006708452570844715	0.004196245987464489	0.002099813214425723
-0.001543735883195219	0.001014639388384206	0.00349970347845067	0.0007333384984920498
-0.003356541418204028	-0.001767820279378938	0.0006013555204391769	-9.364743063988419e-06
-0.007565403787836059	0.002408487199671294	0.0009981855907740457	0.001866246624724067
-0.005406250657075323	0.002169637794614146	0.0006553710699405255	0.0001597464114928467
0.0009943764002780541	0.00418540123820127	0.007600579706301383	-0.004663610724409516
0.001724592507450738	0.005818284005031597	0.003503432864278285	-0.0008620333118049279
0.002109966800729537	0.005360008445340497	0.002826354850794912	0.00195376205001196
0.00220188890929378	0.003134836367225525	0.002771870895536406	0.005915905697052928
0.002174201243653348	0.001209750183014219	0.0006532633205727774	0.0009423865451972172
0.002001867509885695	0.001232689256123127	0.002967217953908532	0.0003040730584087285
0.002863190154903163	0.001878265594384054	0.00217487127999658	4.305224752170368e-05
0.002325271383846637	-0.001743213395558863	-0.0007631942944769091	-0.002360383543496183
0.006882973523750723	-0.00561912991527772	0.004142092538039077	-0.004326218329685336
0.005751285334456102	-0.005103284297226484	0.006753322079549523	-0.002051847297168657
0.002952424470214239	-0.005291768936813657	0.00502624825802719	0.000387856272572195
-0.0002170446572872107	-0.008946178054141904	0.004420499825200706	0.003280159548981119
-0.004053088156447805	-0.006414092201423378	0.009594327666179729	0.00168806835746915
-0.004529880303657482	-0.01096921139052626	0.001037366964295302	-0.001073350811879873
-0.006828447033549857	-0.007206329389079918	0.001456584492901145	-0.007397655904313578
-0.007712444584608658	-0.004447763286465262	0.001384372391012785	-0.00410828825350925
-0.005646546005469228	-0.001683761432713404	-0.0009508406586842764	-0.0008564823273998995
-0.01508127638764654	0.002485932705308782	-0.0008172135760765465	-0.008312234371087792
-0.0126424052519964	-0.001947636467570359	0.001373503451695019	-0.00316667763855947
-0.007341415717287571	0.00237196206317346	-0.001496237716704728	-0.002185447601703998
-0.0008516810975167506	0.004099702112482517	-0.002257363799801379	-0.001016142976049786
0.01024337921753775	0.002424681031362572	0.00259535151856447	0.0001710454552974644
0.009958463353187839	0.0006209421863525176	0.0004503235813153863	-0.003543522912041613
0.008066333406905699	0.003511614728493594	-0.0008941512473232933	-0.004081741053703136
0.00810526797584279	0.0006708305958126737	-0.001735672865527618	-0.007416152091473143
0.01034503185840638	-0.00421889091144657	-0.0009807274478861861	-0.0055920115250067
0.01360263292173719	-0.006989425954366803	-0.002767901294751926	-0.00777289678066771
0.009355779775171944	-0.009875908191889105	-0.007538580080359118	-0.005547346040367337
0.001505175113354362	-0.008204512186390298	-0.009500305833931702	-0.002129889093597926
0.0004719805626478741	-0.01149598757331849	0.001360892825790044	-0.001549848006220596
-0.02190423806629867	-0.01541644325867321	-0.001849104339132883	-0.002900267190368497
-0.03849429252162192	-0.01457080474018027	-0.003150749038922035	3.833573672131719e-05
-0.01901212194584639	-0.01249320962359505	-0.003792609771428921	-0.0001295623315895197
-0.0284042700427765	-0.008210412767386172	0.001526200812918754	0.002879012701194807
-0.01754879368743118	-0.01019255844491452	-0.001385643975125859	0.002829168602546542
-0.01952890928972327	-0.01195113303116325	0.001428930353987347	0.004917273433200016
-0.01115776432812364	-0.01261886607579407	-0.0007247349867605587	0.004039040525225276
0.0006643788041782704	-0.00992132229467506	-0.001176914220430377	0.001295737845657875
0.0001588477957562545	-0.003250727707516025	-0.0005656635119830218	-0.006280136720629589
-0.0001185381612401807	0.001138766453138549	0.002249620396827765	-0.003744940691860424
-0.003995099864752837	0.002854310773455855	0.003401946440047762	-0.004610968871096239
-0.003608304774563001	0.006177122650924939	0.001953891137064515	-0.002364232756072823
-0.01261289859099315	0.007848861158232221	0.001498807396193814	0.0009846024705653846
0.0002738388547375962	0.008079120337800264	-0.00242635911485103	0.006639822501309217
0.001888274627797247	0.01038082752362762	-0.002551533654143689	0.01491219526808199
-0.005958138614347454	0.0039780935089312	0.002023905687594355	0.0117253751813193
-0.01850422870628461	-0.003225586111073889	0.002446691384298778	0.01696078390330391
-0.006677662306199675	-0.0011187395111513	-0.002122208058695251	0.02086406915222624
0.004966865201897915	-0.001187914053583015	-0.004064939597410913	0.008954925647478339
0.01537746851905722	0.0009262403982262502	0.001572479935122036	0.01316729919278408
0.01375340900632462	-0.0001970463813788562	-0.006481898992228881	-0.002218130662626454
0.01216252062746216	0.002475242300650497	-0.006941405012475682	-0.01660527195787849
0.009026502056212232	0.00777902002227575	-0.0007562810893624274	-0.01376663383836108
0.00040019716477455	0.006450174523897487	-0.001716224493527664	-0.01136873648263361
0.003380161534576693	-0.0001046051446697379	-0.0003648155591246342	-0.01234386954928021
0.01077229444983556	0.00469019397025529	0.003905658931765323	-0.002967289287676426
0.02168793957485008	0.01203729387962911	0.001741446329193166	-0.003527311041864004
0.02112734247887797	0.01519358075704895	-0.0025853209776977	-0.01017535648066112
0.007669163268724716	0.008676039423496396	-0.0001065782021589135	-0.005767915870341036
0.01003420359024677	-0.003631180336830403	0.002330062327782623	-0.003811456937788791
0.01502713799094201	-0.008288147001464373	0.002684756431658851	-0.007300497323794124
0.02092377626042198	-0.005913763174678024	0.005313378621657573	-0.009155779975991169
0.01562196929148334	-0.004029659749233005	-0.002622088419909831	-0.00570265598739824
0.0263521236399337	0.003332547502107042	-0.002626431221960736	-0.01205751703593223
0.02339463056614785	0.004660833471383236	-0.001754860109319262	-0.01047619858803119
0.01525938873999472	0.00928968207169761	-0.0004183228955504001	-0.007140828345556634
-0.002093317482949292	0.006196704478673713	0.002002885976153657	-0.00499717771117112
-0.01136194480633367	0.009097549183939187	-0.001535955732115154	-0.003494648662758156
-0.0005169364385645716	0.007815284870845891	0.001851186261037149	0.001229577479109803
-0.002709727236277545	0.007569941036283483	0.0008314946821771402	-0.0005849410920936182
-0.004644671455791062	0.002002180941409998	-0.000620350457341165	0.00150021697428514
-0.02209205916905728	0.0008681195957191957	-0.002238539941971585	0.001340858075368502
-0.03824212430910371	-0.002251482741220736	-0.001175346729901906	0.002187499000898626
-0.01922921552277341	0.001127545105457281	-0.001198774427079269	0.002336405939940575
-0.01841911864419216	0.003881158897770484	0.002673351068999489	0.01364175630448403
-0.02711378402738047	0.003906678911648106	0.002824784531884391	0.01156075103979736
-0.01420181040377464	0.0008315110547933289	0.0004711888720481296	0.003025314051765905
-0.0124422070179841	-7.044027053421093e-05	0.0001209204008677936	0.007135754075289808
-0.005835014393741008	0.0001423209844228894	-0.00229977006090995	0.006116094800558408
-0.01479236730519091	-0.001175946433536555	-3.074854799936654e-05	0.008440148511881684
-0.009884760649398338	-0.0007928706300031271	-0.002297898713238686	0.007237813674277281
0.003132910003917595	-0.001141410920085133	-0.004539087999901278	0.009045191053090167
0.01000730427577266	-0.005539295583661018	-0.0004997665167999942	0.005979360644482143
0.01735798031049516	-0.007585856348337336	-0.00230773035399815	0.004136199923172204
0.02615731301238364	0.00205053319935978	-0.002355341988611108	0.006137100667685799
0.02013265696334152	-0.002360180266991155	-0.008106617764488811	0.005182279425345868
0.0191706651225277	0.001422956995688928	-0.006015613272585087	0.001811139820000205
0.01470566798788645	0.003160738401192527	-0.0005633185394576441	0.001533922952483662
0.01335930853517589	0.003338164837479131	0.005088248223860923	0.0006215492575218381
0.006428250823608842	0.0006232890019085115	0.002286280027857938	0.002128750567338683
0.005620787179390204	0.004263536841915955	-0.0004468112457944262	0.009401612943650337
0.009100410532255802	0.004480431648342994	-0.0001574170752082316	0.007103566204620993
-0.008531073143846589	0.005766905882473998	0.001871281619617943	0.005743694516807027
-0.03233358146757376	0.003086479441154758	-0.001004885585638577	0.007313713082010362
-0.01319926629083171	0.002953449842628436	3.923209940737687e-05	0.005513277477986134
0.0001013192081131175	0.005881638077121788	0.001503507116603795	0.006268040080441106
0.008547837383880669	0.006795240733424116	0.0009864309342428406	-0.002858735590058671
0.009960459007321452	0.008719343131299727	0.004340051623431755	-0.002126909869672259
0.01034514766296643	0.00321840879097058	0.002533208281862164	-0.007439248392952089
-0.01139652870340797	0.004260166447952287	0.006356210254264292	-0.02092360333653335
-0.003843594229828026	-0.00105262228960017	0.006628030492861852	-0.01651835617840731
0.007710620412681142	-0.001196906152856163	0.00639607742479174	-0.005178443207302054
0.007707411200753586	-0.001036226789251411	0.00616681064433699	0.00165926453908878
0.004111676695796694	0.00550396141829061	0.004081371766433294	0.003900948695028187
0.00564881591148198	0.005260558276714337	-0.0009480971177069522	0.001904931450573687
0.01101632022527459	0.003305600790961605	0.001392690066079399	-0.001631212069827732
0.01338982644321572	0.002912539206904679	0.0005179711409414707	0.0006015879832179897
0.01463397117374323	0.005595522654796238	0.001649516429179662	0.002801084327460903
0.01078970472242748	0.002202669368784837	0.004660443626417673	-0.004255204482723866
0.002090538610733772	-0.003001696233245615	0.001434338299596056	-0.007963635882255678
0.0008806355954480215	-0.003441926869239085	0.0007982239991541819	-0.001830284665378466
0.002018706529913069	-0.004459097682478726	-0.001825423973392633	0.000776167553984973
0.003621564369401803	-0.01038946252391797	-0.00446366337072772	-0.0006604687759647162
-0.0101746394219942	-0.0124789817730233	0.002322816288876327	0.003629181712663628
-0.01930294363725408	-0.01794474372983968	0.0007133926443608752	0.02616246464532127
-0.01178038420888964	-0.01190110066984527	-0.005649835699141709	0.02884293680134499
-0.003911481172737272	-0.008884465620230028	-0.007496419286957659	0.01567841945359595
-0.004203703382064022	-0.007642800684855494	-0.009886786912912096	-0.004491556729590763
-0.0001829991206716457	-0.009106880522725977	-0.00533676084574408	-0.01144140438461239
-0.005289083718531838	-0.006177292897955235	-0.003713281381937981	-0.006946559330885526
-0.005394296735493218	-0.005680074893226143	0.004851135830109346	-0.00977846562125716
0.0007377101471377627	0.001671938354180252	0.001109414399038906	-0.007933390260113082
0.004306302987245169	0.006356390153427171	-0.001935434731290654	-0.01482500068042561
-0.00147400566793826	0.002709308557547944	0.00122954155643676	-0.01390384844987552
0.001290018212031488	-0.0001764456624536814	0.006146308702065743	-0.01410141697549569
0.002909147721882854	8.997894175866123e-05	0.004215378489510301	-0.008377834368255411
0.0008503567375317623	-0.00400640712260092	-0.001403302033016429	-0.006122784927023408
0.004826185198369004	-0.007985027445563234	0.002467933295010719	-0.001342373670312159
0.008013581679042519	-0.007582969143508764	0.002295077849455928	-0.003234804136287013
0.002221163096639433	-0.01453229640485284	0.0001863015817891125	-0.005399699051885668
-0.002448308744200401	-0.01505172146157683	0.0007601366574380569	-0.001808184587182432
-0.01307873853138067	-0.01381830117058122	-0.0005428960365999718	3.010705320759911e-05
-0.01319764140836762	-0.01135386805284993	-0.0005323189494137397	-0.002464041963966953
-0.0191261091137494	-0.00864847444174419	2.73147648362994e-05	-0.003807747388017169
-0.01863610635976631	-0.002622173213099452	0.0005113134247915298	0.0008972721412207328
-0.0121867049841199	0.0005992702238772305	-0.0002165262345221469	0.004181273422719491
-0.006555268103607024	0.002695478734018912	0.005187420305862053	0.00513268693991243
-0.001500746333625323	0.0007224233702268763	-0.000763166167106688	0.004520644057811399
-0.001555605140225429	0.0008219628913734213	0.003166448773821969	0.007456885939556632
0.0028590979491707	0.00318548532530572	0.004176982822454396	0.001343048964009905
0.004414672426976619	0.004273938660129414	0.007020475472297877	-0.0006934369799212357
0.001160713938211486	-0.006151197542969919	0.003088440312922771	-0.0007412081204626131
0.003240882108819287	-0.0001098970145656318	0.004941410443714024	0.0005703278448531218
0.001275983194249307	-0.003353317808161364	0.003879680920921129	-0.00444748943865962
0.001538506502513045	-0.008854662464246682	0.0006884796053004134	-0.004193565958885447
0.003968322486566729	-0.003421090549203678	-0.001161727223544565	-0.002980816079819442
0.0054516004896413	0.004447731263331371	0.00111603395571248	0.001325649173410822
0.005540866831339042	0.005831403843578058	-0.003970160708513822	0.001304262857998444
0.01045226619383705	0.01884192608744528	-0.005191547316638367	0.004728668743487228
0.007675620496718886	0.03615113701431091	-0.001609438866895848	0.001420791471755598
0.0009868615014108429	0.03433252580411282	-0.003095713403256979	0.0009487050106144085
-0.008890691313935457	0.0188613690198667	-0.0003694512345208167	0.004711695741482775
-0.005823864388995834	0.0131993168023323	-0.000794298475157166	-0.001299120816454053
-0.001363932388717544	0.008905608218776728	-0.001265613582861964	0.0002366953150528581
-0.002185902385498441	0.006701303953059149	-0.00244014343697189	-0.0005289877299209506
-0.002639229527762531	0.0008313096616316053	-0.001032055026833714	0.002058686597832626
-0.002585715760674223	-0.001489518261600138	0.002480660483136302	0.003448133249779343
0.01254245349443508	-0.01058604800297281	0.001292531177580421	6.860646816161242e-05
0.005695711468203376	-0.0120223031859285	-0.0004451935939683787	0.003630484663405086
-0.007343674366765448	-0.009721776018451653	-0.002012204140848776	0.001808891516127566
-0.01077813351743282	-0.008445930882723465	-0.003232195195775038	-0.00214911580718617
-0.01498527801012267	-0.007569467613064648	-0.005202408974788952	-0.00360298791604291
-0.01968500905301025	-0.01099651840825824	-0.008891753919809434	-0.001313239940572757
-0.007235446741064017	-0.01013362460677321	-0.0124286441932053	-0.001997898127337773
-0.007939335595144852	-0.01306586563990314	-0.01138425952045478	-0.002017518835183366
-0.04200397145364766	-0.01708501074160342	-0.009971410883768609	0.002617576812914928
-0.02971761214850084	-0.01327464230363643	-0.004532061840796834	0.002918853368395675
-0.01352359233818085	-0.005579927060235339	0.0003035369508974834	0.002908565319790081
-0.004147795377344249	0.002362838573796097	-0.00194755465653345	0.004070119814481934
-0.008199640157106593	-0.001560633857071718	-0.003048467094255341	0.003465714285622581
-0.002691379932674693	0.0009596973421748119	5.917908358072803e-05	-0.002456559947373695
-0.005544110969416366	0.0003520776555098363	0.0006261240173815344	-0.004173050704628023
-0.01441656302395826	0.0004375665361863992	0.0009501347597596535	-0.006060700324783625
0.002112589368238473	0.004093093578903832	-0.0003634266500298325	-0.0220633745693028
0.01485682572290526	0.01207482181263978	-0.001827431030380449	-0.01863812838748672
0.0204061682199363	0.01130561366794013	0.002389851046083221	-0.004824025844556229
0.02488895014498412	0.01304804884890441	0.0006147228861123672	0.003151899271506407
0.02217589586171433	0.01137094921608957	0.004986042052935213	-0.002351155388442006
0.02270798085455443	0.01155900324590681	0.0003539153945863634	-0.002316204282392784
0.02375883950450682	0.006303036638408238	0.0005465812399988743	0.001389801407088699
0.02719561838563533	0.002863746368534973	0.0006761856911266103	0.00959984712023417
0.02683451380448008	0.00540217106552441	0.005078440475254958	0.008438869143004483
0.01895317497358617	0.007117699577965983	-0.001481534682405291	0.007768714845214076
0.008418955908799645	0.007283250747452783	-0.00259419526054695	0.00392552479200839
-0.01520661409277583	0.00660518267044993	0.0009044367291567694	0.002095532003913018
0.009257222739267199	0.005782673774951609	-0.002095500571000718	0.003656246337095749
0.006088216527563905	0.006557215521368585	0.002929687304170567	0.00114342537706202
-0.01135819244262446	0.007215475537230094	0.006183916159212827	0.004093771174164388
-0.04529931524069093	0.004346316611245793	0.006053217335935179	0.002126940173409044
-0.02653246175091123	0.002166388955280092	0.006631128385654728	0.02211711352997897
-0.01884734494107054	0.008134026680228558	0.005858098971522656	0.02488396122023823
-0.008982793142359828	0.006249874587511696	-0.001134017247021094	0.000883992356684823
0.002563649748544853	-0.006197633538793433	0.00389667760820811	-0.002543316201540557
0.01490642703386377	-0.0009806511773034351	0.003156177999719806	-0.0001778919403724036
0.02042791396323536	-0.001500199071365672	0.003497523705930162	0.008770176885422323
0.02338940968401763	0.0001005566054929967	-0.001508953180478666	-0.0003358237859650848
0.01836443101389766	0.002845604347592171	-0.004217348993324712	-0.002818428195001245
0.01849677923862833	0.0001485321836476472	-0.004689330930095033	0.007071123740986137
0.0151823586646535	-0.002913010885805651	-0.002118900531828941	0.004565423626950944
0.01323875573577019	0.001045273770253519	-0.00462291029904607	-0.001111692538641417
0.01845836746062809	-0.001918759375586992	0.001250240024231561	-0.004082117543006645
0.01408351068378705	-0.003000415049585279	0.004177251758531726	-0.003606068924035368
-0.001222592589688702	-0.005538777322291223	0.001331210682330803	-0.0007221899629344218
0.003813905353539551	-0.002102462885376485	0.005282498986708859	-0.003792841224362893
0.005548083072061047	-0.004144569245956672	0.005776022140365883	-0.004232007707381193
0.00930936929380022	-0.005161383669819412	0.001488417506650086	-0.007924664561703685
0.0103110327486163	-0.006656997291383452	0.0004616662231335767	-0.00314659693560206
0.006301166418337602	-0.004674784216528303	-0.003488660140648395	-0.005113259720722053
-0.004204796553499242	-0.008078302386226486	-0.001089342246639033	-0.004084236735503094
-0.003422953183717262	-0.005179041191287136	0.000717850162201365	-0.003772844263295348
0.001317469707755745	-0.003703004310214029	0.005049570751640435	-0.0007058563808240274
-0.002135170603888266	0.001259643372730289	-7.218015769815139e-05	0.002641268156966694
-0.01769276392643736	-0.0007905184834079013	0.0007824057292542566	0.003417532152665926
-0.01300044991450098	-0.0006170637524732934	-0.0002999597221243121	0.003985455371223605
-0.002277064043241124	-0.0009552836441802195	0.003051282924043306	0.001780883795999205
0.005425515781670925	0.0007281612636100331	0.003579892339136984	0.00147597385665054
0.004552585417321108	-0.002036973642221849	-0.004205198101456351	-0.0007087590215887167
-0.01717938641851966	-0.004862128825770228	-0.001660144987493421	-0.001774759335760054
-0.01977125234926384	-0.001451022683862549	-0.001161366816255818	0.000716566197021195
-0.01568903314134164	-0.004770250105013602	-9.924904670196376e-05	-0.0008695498315169944
-0.01242082375068625	-0.009614229297520952	0.00343207578320393	-0.0007071040673577138
-0.01281167843747905	-0.008401668579723735	0.001541725571958942	-0.003678226294322737
-0.00745704033710928	-0.01199388688879624	0.00343010395735026	0.002243933723696008
-0.008639797912788405	-0.008542884152445133	0.002156001347910262	0.0006700405528820425
-0.0008026230518688046	-0.006135968914927041	8.053182776586428e-05	0.0002224478712438126
-0.003571651433856865	-0.001671976912796511	0.0002520460028106845	-0.00192231223659477
-0.01486288458182522	-0.01360157649011132	-0.004889671677577636	-0.002005119003992083
-0.0153276654356292	-0.008899551081816027	-0.003417165523645496	-0.00122243615911872
-0.001402564436724544	0.00432001505245569	-0.002309781098140428	-0.004131390968613485
0.009630668874969234	0.005184471600221915	-0.003056675752108945	0.001018671309119482
-0.007748464969188164	0.00146514075298626	-0.005350816142233073	-0.003429576520829012
-0.01106532173932815	-0.002428684408558096	-0.005956990786159646	-0.003767499151177167
-0.007299959065039551	0.0008362755544657522	-0.004972806914093963	-0.003162207583643185
-0.00502019138910517	0.002052857518607273	-0.005780938799745237	-0.005838635080355059
0.00204099192872564	0.002954410075749249	0.0002197815345744347	-5.071733287866103e-05
0.008553254487776123	0.003825055881793592	-0.0005727916856146617	0.006244229440742529
0.01736484146794644	0.007568602986492754	0.0003570435928893001	0.003858939238956674
0.01968128911271746	0.01068664980060072	0.005799065093707454	0.003440739513724633
0.007679398512429513	0.007535772834905148	0.002643401151646192	0.0005279201329825486
-0.002337858128384031	0.002058671421790449	0.003971703627120773	0.00760595263258426
0.0112256418424333	0.007357490739474291	0.006979022672610056	0.001072106686195868
0.01199481447738619	0.007861866026937565	0.005501492756049227	-0.01008084263103175
0.01331229904423952	0.002784647853224818	0.004509327034829349	-0.0003303058062295511
0.00463500491537974	0.0003177308438798762	0.00185523121978387	-0.01111529934766771
0.006362136161062677	-0.002764095475452592	-0.0004302276711680344	-0.02263421478188668
-0.002537716160851059	-0.00461346540694666	-0.01190982754987192	-0.008603471270672926
0.001054041923032957	-0.006094761064083723	-0.01194232882361777	-0.004502279305585222
-0.01443719916351964	0.00259158179834707	-0.007619651499912524	0.001860162276935295
-0.007876094701550512	0.008024833476044942	-0.006019552114457659	0.003499304169226929
-0.002306570577781124	0.007803079515430038	-0.005421852927113955	-0.0006984024129095914
0.00423238009118323	0.01316341054040313	-0.003122346637718887	0.0003846337607687622
0.00496570956979781	0.01526180601723496	-0.002147970414391409	0.002605070854387991
0.006237040375488774	0.01041428839389137	0.00146449544184695	0.0009830096506148287
0.002094634049462491	0.004147229745862054	0.003755920990656215	-0.005238032757704709
0.007481837048611618	0.001788368583142044	0.002109479251389153	-0.005120244817430081
0.003970188300144622	0.0004284252061248118	0.005279899522964958	-0.003168124994978025
0.004190511990719403	-0.001635220822299553	0.006336877403708997	-0.0004553826599333129
0.003808644080980395	-0.006643478789570637	0.008210908264410566	0.0004455899195566098
-0.003034520862958447	-0.01321995906282941	0.00676307710673146	0.003695408547311191
0.00474865560365383	-0.01177786215150282	0.006779459731263164	0.005830569862528638
0.01103580377286728	-0.006719281879789161	0.006045974232793227	0.006798859329045026
0.009418336996584209	-0.001567405602031985	-0.00111083528194654	0.003501881579378403
0.002723766955395086	0.0002942449848769679	-0.0007497848811390444	0.003258431682122834
-0.002400856953827846	-0.000216355310730516	-0.0003479043360081103	0.005557712408949031
-0.01471380162841058	-0.003539209977824228	0.001634712408318314	0.008848110718201709
-0.006433887503934461	-0.003653669400772302	-0.00325962229705522	0.005186553883671128
6.447010210240749e-05	-0.004859591960378036	-0.003629514410928122	-0.001023361700700808
-0.03767588047415014	-0.002155659746430407	-0.004233160335534497	-0.006306583174762634
-0.03649759642064468	0.0001516616798761706	-0.0008549246861001409	-0.001575732465298713
-0.01421115521810078	0.001734710038847942	0.003676365502948567	0.001722807573346193
-0.01099105134702507	0.003040456299699322	0.0008383622694484254	-0.00193407805643328
-0.008665223525374426	0.001894938420259695	0.001418212422501035	-0.004738856721023941
-0.008554074401219148	-0.005768057838894656	0.00124704016633512	0.008044302644347297
-0.005581252125326924	-0.002813652121936693	0.006054761568540224	0.02772250733886396
-0.006424097498548062	0.001916511417817393	0.001382305890071594	0.007150011296801646
-0.000869452085425243	0.00202814914407553	-0.003594521766954554	-0.0006623872909283477
-0.001097936096429194	0.0042042827367312	-0.001137374603185329	0.0001337584236507624
-0.001922693755564931	0.000829854928566101	-0.0005249524757443717	0.01330573482707563
0.002723814798731977	0.001503419891807361	-0.001860379562175646	0.006567705571656113
-0.002883092666710171	0.003925405835361061	-0.003868188344265143	-0.002663422494150371
-0.001192075429133837	0.003919638311343517	-0.001770259924490893	-0.00706673727777237
0.01418851151710746	0.003376029995831568	-0.001584520643776545	-0.002363622255970547
0.01661402181958316	0.002118532856803383	-0.002572634249000196	-0.0003692871798067017
0.0119874055167109	0.00141607529904512	-0.003308240547696635	-0.002251132633280698
0.01779009866946652	7.22458333649524e-05	-0.004254478483774567	-0.004375984186054111
0.01680399318536276	-0.006684575134448922	0.0001882564859574077	-0.008059139479581517
0.01371131025774114	-0.01414064578188706	0.0007882363136790283	-0.004434935502017913
0.008465504951944616	-0.01471534496469668	-0.00339111355127771	-0.001623480313656321
-0.0006195899687690602	-0.01749387696551036	-0.001802649745062303	-0.00269870920154883
-0.009591918267302308	-0.01651432349333672	0.000288178258885657	-0.005088382626439286
-0.004715507212150914	-0.005095981865784128	-0.0006367534408515654	-7.848582832923934e-05
-0.007884805130407294	-0.00165161262800304	-0.0002861494008844137	-0.001944218825237652
-0.01085751261710745	-0.004796139513334928	0.002419648614572805	0.001042283294524189
-0.0160803391233013	-0.004696205505428762	-0.0005329560507755304	-0.001244746533239769
-0.02821714100947986	-0.004326434761265296	0.0005839668487655305	-0.0007566729334663831
-0.003077445371973113	0.005313167237627089	0.001500170459486977	0.001895714947414338
-0.0107178858472543	0.002349694280551603	-0.0004561491445867804	2.511871939217986e-05
-0.01443317839314321	0.003728141288782582	-0.0006123857819529853	0.001136631959094215
-0.01507243670517511	0.001995022741940137	0.003062899842268329	-0.0003775452982026957
-0.004453139331870151	0.002099284545258266	0.0003095882735886787	-0.001440159232597526
0.009630423555191224	-0.000585631312178263	0.004235915960102217	-0.001972065168847222
0.01129744773028252	0.002269141890561695	0.002764424113345773	-0.0009783135181369643
0.01312959862490234	0.003559018848330558	-0.001195175571336223	-0.003597318092086317
0.01982808512108654	0.005194597307412375	0.0002321710079565385	0.001917209039668337
0.02067374715718667	0.01058047952343022	0.002776758478344701	0.001157540681257616
0.01949202234702964	0.009258707955452226	0.002667517335255742	-0.003071894687747624
0.01137361295275896	0.01172032326815749	0.0003304106644933257	-0.004250227280079214
-0.00609127717632203	0.00851466954768686	0.001519573829078724	-0.001882450720076752
-0.007917267939838069	0.004459478639640111	0.004072270478791066	0.001364531376075375
0.01065556807879773	0.005983304444861516	0.002299257782046157	-0.002483884642828109
0.01257537866230477	0.0009128362038769299	0.001491123080197884	-0.005110933822690484
-0.0008231781967416767	0.0006617047106676334	-0.001876586161548219	0.002592271041865214
-0.003172212667099862	0.001785639216221998	0.0006556496458061473	0.003500125245178216
0.0007834645625213108	0.0008642942729828915	-0.001822682078343162	0.006025692174009567
0.004359657326777148	0.001379534620903837	0.00126253436385296	0.007576952918989282
0.009687740407607379	0.003263038834574478	-0.003079545059456234	0.00693696369771641
-7.892228532110382e-05	0.006425966272962535	-0.003942157535962961	0.006880854060614973
-0.00144828756440233	0.006182523659550055	-0.002708974604854065	0.001347705175325704
0.008656899368718208	0.008536537229714612	-0.005807171252747099	0.007622464806000065
0.007074831868370549	0.008965009290964302	0.00286750613544293	-0.01281570246841513
0.007440454520809179	0.003704473213877762	0.002136218295152294	-0.01770478850594945
0.01166255468698011	0.002208680123785133	-0.004320347342504314	-0.01372130754293398
0.008112638113088723	-0.0005927333707704056	-0.004824850458871374	-0.008381428383102395
0.008303925635130457	0.0001508229134097606	0.00130982328771693	-0.002808713274868587
0.009760607402440689	0.002394859283071206	0.002987790023070608	0.0005171271748897043
0.00459399679439707	0.00236528222847675	0.007942395840459814	0.001640594612830387
0.00593312643701985	0.003658626149083784	0.002759984925547292	0.0009409880865229188
0.009102295957286562	0.004702473726467057	0.001866657996646124	0.0011077243316812
0.01049980071510983	0.0003052140395571221	-0.002564211667358026	-0.001775027642470748
0.009552832844713964	0.0007743637451360578	-0.00461307926246743	-0.001480372284291951
0.007347957681282749	-0.007242608522301997	-0.001871483670471771	-0.001733627318391127
0.006815781352179679	-0.01177888332288123	-0.005824898973373411	0.0001770287187132579
0.008720813404391467	-0.0122505247787765	-0.01149200589448929	-0.001438829657564334
0.006059089027042603	-0.008431230524181307	-0.005252693312104694	0.005568042149930333
0.006374797089054548	-0.002898052682911471	-0.01066071077556084	-0.0006070869430932142
0.01189973697754117	-0.001758343068836912	-0.0020778654415559	0.005490793004067508
-0.003556748494166911	0.004515292202657295	0.001827634550396457	0.01181111883433333
-0.00825690816000446	0.0116348740942201	-0.0002478415248566001	0.004680611144776387
-0.01055785453549819	0.02352524192645702	0.003183823034450457	0.005032913588370631
-0.01243606423360265	0.02016626489107984	0.004797233774955125	0.004020026513398689
-0.0110315995809169	0.002229792229265679	0.006981805666174917	0.0004123587214032606
-0.01420509619440528	-0.01089546205342242	0.002299778844226873	0.0007129106429562462
-0.01463209002569814	-0.01106196250885137	0.006418102842192539	0.001070390872041984
-0.01337367991850826	-0.008877617493872633	0.006338479573766349	0.003101674693451694
-0.0168607410986746	-0.006637472153305308	0.004550314955266823	0.005322161464591702
-0.01886583109764323	-0.001131653240611417	0.002749610616125345	0.001750376502598331
-0.01181545844636745	-0.001270328265089635	0.003727108954784527	-0.002447423049950835
-0.01515938089579674	-0.01030383378355126	0.000598061337315469	-0.006175124057508141
-0.01209400090781545	-0.008897046906083995	-0.008122521425630393	-0.002969285005932199
-0.01106114992538757	-0.005758100476163969	0.001264321597259873	0.01672983208297486
-0.01279929006981272	-0.006650397366626926	0.004814668751521714	0.02181479684405759
-0.005413392716730941	-0.002192930995217777	-0.002243939942713383	-0.002346598155242451
0.001550021766002766	-0.0004432181092511913	-0.003017661981953807	-0.005434838762839816
-0.002534817939817706	0.002394961995922882	-0.0005584844295949832	-0.0003547989265321217
-0.01138754483859656	-0.002863282976295744	0.002749015933005	-0.002302022882838504
-0.01206347006966313	-0.00156080967743646	0.008721756205278137	0.00149568045687414
-0.01225635983323004	-0.0004875117986881769	0.001348137107361324	0.002234000933535862
0.001641259680445794	-0.007881018262354423	-0.002957492082830854	0.003722052361823931
0.008557122229420304	-0.007131904398173898	-0.001181923782307057	-0.003561008539381588
0.005869454443844342	-0.01040790340519472	-0.0005710511562063808	-0.006236901176363546
-0.001107705616263954	-0.01200319814036873	0.003317087388737498	-0.005429238461545982
-0.007027485072270915	-0.01174033791404652	0.001889837296572918	-0.001851207427271117
0.0007768471884518498	-0.01172898479548138	0.001384039598479466	-0.004926569321705829
0.0001286351907706516	-0.008413799949054467	0.00207055452212195	-0.006491547919059111
0.003489450499460276	-0.00318764579097383	0.0002800669444111285	-0.004740666084342714
0.005284977686854726	0.000528444651247183	0.0009365990745097132	-0.004075590583080925
0.004520563309940516	0.0021159833798681	0.0007380663347378736	0.01065146319771796
-0.01545672480294486	0.002681676175508861	-0.0002739149279473937	0.0007517725404355045
-0.01100665831863941	0.005121369050644419	-0.0008741184471472648	0.0004646148082351819
0.0009350664079262811	0.007363284196142687	0.002069920263439337	0.004745775577012481
0.001960511559366451	0.01460058142352858	-0.003808245628291789	-0.003001595532676925
0.001312426084935489	0.01227950562658569	-0.0008674467410443337	-0.004624462527891109
-1.801358142464383e-05	0.01320666364620696	0.0004476004710898517	-0.005568270861129887
0.007993057809634035	0.01538305849473934	0.002312839005120761	0.0004368219099144687
0.01047150510305024	0.01410896802748353	0.002608986273651442	-0.004013844367090225
0.0209554329885324	0.0173656029361533	0.0009313873100614798	-0.001671773157762696
-0.01457683706432705	0.008483500145930401	0.002741098831033868	-0.003982883068956284
-0.04023526712287262	0.000677890292265823	-0.001620218228185859	-0.001221904758430418
-0.028599352643945	-0.006106264742363096	-0.009145976941284831	-0.007171292420283289
0.008050655811160684	-0.01479193677798567	-0.005523026627981207	-0.008493976570136617
0.008019456726572413	0.009045011312593335	-0.006386103643556113	-0.003371761772934071
-0.009555876662475114	-0.0004671439122676118	-0.005318604078192039	-0.0006656264965267705
-0.008882692017751569	-0.01650354095846193	-0.001342621188073887	-0.003318628076520677
0.006233039220397514	-0.009246398517669637	-0.002600519473561341	-0.001609114294002733
0.007421952619098502	-0.005052071571385262	-0.002040636176389386	0.001721434103033601
0.005488465876568461	-0.00954786729036722	-0.001461633995580191	0.005384922447507981
-0.01426724351011603	-0.01286550018013861	0.003103327755561608	0.000530146691614863
-0.00425206631989046	-0.01095030980111776	-0.004306391017792819	-0.0002839486175837635
0.0113435240616885	-0.005302435179907685	-0.002287944850026063	-0.001954995727218975
0.007696630273318412	-0.0113646360533958	0.0002560301853226122	0.00693246209357288
0.006492496903581819	-0.01055125081102174	0.0001598876761151039	0.01106922459732763
0.009003960789510887	-0.005781570216643404	0.0001950439891541841	0.008896555441028148
0.007629029108348001	-0.005593810534784915	-0.0005409989317407435	0.004037107525074276
0.004279635001159786	-0.004817458995388072	-0.006488577561714826	0.00613106320098679
0.006058952848430966	-0.001570731785274532	-0.003818423962781647	0.01015814476251558
0.01124150314039024	0.003594739778015025	-0.002925662621784965	-0.002606905835991242
0.01339631043723294	0.00287662279046413	0.000568279494713928	-0.002159791828439536
0.009828504034039289	0.005069208009308777	-0.004257700088289327	-0.005273250213294185
0.01258379946352035	0.009393085605808824	0.0001670532101332168	-0.001114470683049051
0.01840910013826903	0.007081763862964649	-0.002265680086264805	0.001988132113934635
0.01555483678042608	0.005934324031832997	0.0005947201979652296	0.0004310027920622619
0.01793242219568508	0.009444935036381982	0.002397982240432263	0.005746817969002663
0.01219766923694523	0.009269104464475686	0.003607057538133836	0.0002862002386309131
-0.001878833266643657	0.00141134985585241	0.004113715648270188	-0.006995442452249707
0.007002319182580995	-0.001043444944859269	0.003100181458349186	-0.004152422538288854
0.01247776171724305	-0.002824893287839555	0.0008813810725423207	-0.004432661857235826
0.006808560998341625	-0.003793626430136533	0.002846971903254726	-0.004906805207065298
0.01258061312504278	-0.00493794837404004	0.001487137522972293	-0.00234229621554728
0.01242245269657496	-0.005891718353700367	0.004019604516560076	-0.002043151332376548
0.0146696847463899	-0.0008807754366759185	-0.0006692491532854614	0.0007187181811362487
-0.01763537150954975	-0.003060829053121091	-0.001096857443721188	1.758137236044735e-05
-0.004921597748822883	1.464498152409485e-05	0.002913288075250704	-0.00297674346768027
0.004093281308617857	0.006107702447423265	-0.0003243125778537054	-0.007876739249658756
0.006355110018416405	0.01048404847528015	-0.001351922366799266	-0.005326420115746107
0.003277551944326417	0.01492785873942952	-0.001422940959275199	0.002019962367543109
0.002579502114672362	0.01496705158578492	-0.002393629007185028	0.006251240501710033
0.001923063702342236	0.01137845683425073	0.001361828116222221	0.00773268755927453
-0.008365812837125501	0.006691217112257996	0.0002933458254503214	0.007727055581748196
-0.02038039690279188	0.008774366081850386	-0.001043689907037148	0.008589902999799151
-0.02450570085081165	0.005716474617933453	0.001818046280403396	0.001217813374914814
-0.0229414864510028	0.008431079827028239	-0.0005582651566997028	-0.003494663974628969
-0.01244324597317889	0.00574279654604064	0.0008598764705122669	0.002028822418155422
-0.004676757341650434	0.002364768754369849	0.006235400623420255	-0.01388305666669174
-0.003637835488291189	0.0006130850932526847	0.005569534868658904	-0.02059859713505939
0.001514498420039856	0.002156233809430742	0.004362740575319308	-0.01703478998439036
0.004323615320307084	0.004223447027427968	0.008773950669770995	-0.00953721897842965
0.004135292628892771	-0.0001813001972369841	0.005847508072561949	-0.005090322120106123
-0.002749203259594474	0.002591694029447578	0.005765180041893747	0.001556495651665597
0.005914471697052033	0.005119290253858796	0.005027427622779281	0.0004371525431386088
-0.0006761243875945294	-0.00252316817297853	0.003149349547706291	0.002933512239816084
0.00283631368987645	-0.002816128785595218	-0.002465481424909725	-0.001265212730651512
0.002696606710166429	-0.004032679701114514	0.0006970300867358717	-0.0004134496038604231
0.008969413219349975	-0.004394005838866275	-0.002110468023253698	0.000805055863628763
0.008775338428892398	0.0001612684764152464	-0.003469983893566432	-0.003076174102216238
0.01036331849422826	0.003328828764519279	-0.006082873266839008	0.0003579474839249901
0.008491460993785187	0.004519497085270445	0.0001605655051032693	0.001688640024907702
0.01971293101956343	0.001737668825043821	0.003578607741647269	0.007971153331494922
0.0191257089984764	0.004900003744721057	0.002350662197060129	0.007861445247699179
0.01255557865446586	0.001303492633690125	-0.002526378216468057	0.002209597123293901
0.00821858713774634	0.001611981504032521	-0.0006728605023896013	0.000139811998582884
0.004901952967810458	0.0005289344278111992	0.001371552696032789	0.00281238552129291
-0.0180041220440979	-0.001826653048435615	0.003637258234593935	0.00161148954750555
-0.01664789577745493	-0.003560631537158497	0.000177283861265562	-0.00113072775501516
-0.01130314275178569	-0.002346183473485199	0.003858271069226312	0.002151319938692197
-0.01315745547563712	0.001029827455653706	-0.003994497498855614	0.003725287246201916
-0.0196629134283261	-0.002931254822567838	-0.007824653499788494	0.01073514613553271
-0.03635850826954953	-0.003269576709793291	-0.003568153118757448	0.008563785218929268
-0.02245321358292749	-0.006398154271195177	-0.006773211255122047	0.001753786373116769
-0.01247105924553767	-0.004235584168731902	-0.004001981796805387	0.0006412616172652987
-0.009701575057079732	-0.005337998813368746	-0.003419533842157588	0.0001029536800131348
-0.003141237668099263	-0.002283035637727809	-0.000275835302550997	0.007136809565690514
-0.003425140376059156	-0.002323221590414357	-0.00239638398661702	0.008081990419138149
0.00273912530526748	-0.004096458810135886	-0.0001418240653866519	0.0040397643060076
0.001364008576189367	-0.005728468791148162	0.001626609801731532	-0.0004353771827278763
0.01221514392779111	-0.007553361290981034	-0.0002020814883739533	-0.003472032998860916
0.0107837189419493	-0.004924764388489231	-0.002326394800641118	-0.001638994838440644
0.009285861571099945	-0.006924027813299987	0.0008547809217990525	0.002655283828757877
0.005027996407710483	-0.004262423879352922	0.0007275325158941491	0.004383795831141562
0.004688175466883972	-0.006955321326956623	0.001895757915978649	0.008971404352865722
0.00177684787507458	-0.005683780060302878	-0.004091409336299773	-8.110913865224951e-05
-0.003371474126693678	-0.008156944592757794	-0.005515003662624131	-0.0005831591519571593
-0.005836560809952201	-0.01181198655052859	-0.002784149033433446	0.001733455685937242
-0.008553141875412852	-0.01597011959392623	-0.002064476970226374	0.0005054692997320845
-0.01929796861852707	-0.01381386830517729	-0.008231468338385379	0.004372012442276583
-0.03352872170618428	-0.006945583063553904	-0.001684830349958546	0.003783272949835808
-0.0255610421331369	-0.000167933467909205	-0.001323428869804494	-0.001183253577041731
-0.01114164657113718	0.005732483735408005	0.0006765657608417289	-0.0001498092801105314
-0.001532188126424767	0.008990276427207391	0.002142979062861015	-0.002778520060763265
0.005150438597390127	0.01090739821468996	-0.001361256790257913	-0.004270955744826225
6.365191024000963e-06	0.007926645161470949	-0.002885658500711037	-0.004849058543823804
-0.01017454694438744	0.003809026884802195	0.004013749173805697	-0.002735747975998088
-0.014724155237601	-0.0001498857829658405	0.004500166252971463	0.006353088665371911
-0.004380086396906914	-0.00189432367971742	0.003225870243597909	0.01222018717276932
0.0009262388339120557	-0.0085417783720864	0.004494341968427302	-0.007537699911317563
-0.001814813611657113	-0.01752620078054765	-9.336787832351257e-06	-0.008124442191679706
0.004973308100927429	-0.01796590889239639	0.003610594719497004	-0.01188295133844467
0.008069626704809121	-0.00909751166719539	-0.001762654183343906	-0.009275602441938697
0.008588860399914175	0.004556953509175546	0.004492530768067493	-0.008205422831681816
0.004011663962170707	0.009043248978594648	0.0002101766044153716	-0.004564427089055832
0.004206784846763872	0.006981206360270512	-0.003015719633998602	-0.0003253669450487333
0.004170027914104717	0.00463038135983562	-0.0002490518318042548	0.004726909783969085
-0.006525769753571233	0.001900571221474259	0.002750347202308475	0.008605625455316122
-0.009247492830124136	0.006145966741137049	0.0009490453498165142	0.001194230793439092
-0.005350077132778881	0.009246840931616837	0.002216319893981495	0.0005153569959219649
0.003045452693801089	0.0008134184985377697	0.0009341752724705448	0.0005823639989810745
0.002529376506237251	-0.009197052542930712	-0.002996766643039315	0.002268379895713126
0.01169860510287465	-0.00594505429065856	-0.0002929913759185662	0.001356321155727934
0.01765728431189956	-0.0009207498436887826	-0.000263663098036065	0.007697316948540404
0.02516019588057583	0.001989119623412717	-0.0001154311103236582	0.01249536854758969
0.01661266900331884	0.001102244771999466	-0.0009665202881882732	0.01120766246811735
-0.01370199474072731	-0.003495276784175517	-0.001580722319188478	-0.003051812884334162
-7.587483503701e-05	-0.002415818143722511	-0.0008298181355397506	-0.000584891716311989
0.01325122125997243	0.003234132441025214	-0.006419150825766769	-0.01180353776417267
0.01403341378050252	0.0100527589176876	-0.001479216553713854	-0.02708624720439621
0.009991452245446284	0.0006644410890856896	-0.004919627378470653	-0.01697251861384459
-0.001231941609952883	8.117838997695974e-05	-0.0005609387142070548	-0.006516057269605032
0.007629082552056251	0.006404888043686901	-0.0002140220363720292	-0.005270494414349607
0.007997549496439322	0.004909502181909701	0.00368861792570329	-0.003647418610420375
0.002545497339255563	3.367438330763374e-05	0.003161155755196859	-0.00640378924729851
0.0051907329162081	0.00412829025338319	0.004084994600715996	-0.006227565064268197
0.01029952289401435	0.009598062663620567	0.006370574828496226	0.002720912379713293
0.003699921082228349	0.01314165889981489	0.004807093853427867	0.003401075601428472
-0.0003425527801730481	0.02122539729206709	0.00631628495398289	-0.001911660454607652
-0.002464139334566059	0.03807383374543154	-0.0007949979534809034	-0.001524887453457449
0.01017831767062899	0.03376829275272539	0.001610765326570934	-0.001039849344110767
0.01455588023826232	0.01685068098735581	0.001395984255315284	0.00355168765398049
0.01217481849865045	0.004735057765175574	-0.002866741902215397	0.002980624243735957
0.01559907955053597	0.004494055388444969	-0.0002230999402807329	0.007992789827287159
0.01661449942983039	-0.003271737100231516	0.001583963708591708	0.007123986545466534
0.01590066829328911	0.001866852672611262	-0.0002379101028315247	0.006391838739208157
0.009618985900985366	-0.0007912033758169859	-0.008543627101990303	0.005738311777706802
0.01554844772586152	0.002230698980963345	-0.00216052857665528	0.001591726545942262
0.005846026975061862	0.002497614906595291	0.002874305406575788	0.00114756792972984
-0.003389616826110465	-0.0002038137402969402	-0.001994469646328156	0.002031056951110045
-0.01130792863072189	0.002074534558289933	0.002727572610230066	-0.002079365529431353
-0.002349605727206759	-0.004177838958483891	0.002934153537261887	0.004271362853982152
0.002824298740352413	-0.006974457385907431	0.004073723024429284	0.0014841326234774
0.003989333132112602	-0.007585742788854542	0.003970203979393595	-0.0005965103223605852
0.0002602878964213408	-0.00832479715149176	0.004562135082264725	0.001022860005315534
-0.008647764416916065	-0.013455023016915	0.002179173906878354	0.002451066829619567
-0.003079853642846357	-0.012917178911948	-0.0009332315188994455	-0.0003812386130875805
-0.009403029361544702	-0.01740633016460269	-0.00977311062235251	-0.0004585655365435249
-0.008717284857544291	-0.01575496688739016	-0.01243388035795986	-0.002523573604867979
-0.01797694020734238	-0.01941084921786333	-0.01015466215399384	-0.0008241165992171433
-0.02815543981629873	-0.01510778432991568	-0.001887146459482413	0.00503718595029581
-0.04529128868197035	-0.014801670768171	-0.0001517573442403158	0.006165725370472732
-0.02097664910205006	-0.008278646013512201	-0.001201034066220437	0.005214836991835314
-0.007954352481376294	-0.009525423886476779	0.0001031683421529865	0.005987778038909605
-0.005630586795470836	-0.003820417934317014	0.0002794487144716505	0.0001318453361308489
4.616503973244912e-06	-0.002414832811511795	0.004620252154991957	0.002154454597324525
0.001913240556699929	0.003385010044598966	0.0001500043817764445	0.001904892121021148
0.002193014252258287	0.005665636007212324	0.0007318465690248144	-0.005647652372649592
0.003312074042726404	0.003781929938387434	0.00601453666518109	-0.00231135590455486
0.0039364424026614	0.004832367213667752	0.005641466083262448	0.001210207863535598
-0.0001620359659365543	0.005094828503981008	0.0003852861660646323	0.008881788526631679
0.0003299342644308148	0.002624560894479127	0.0007697586587886464	-0.004786808673680077
-0.002592922381350328	0.007998501931374425	0.004215192222863062	-0.004960922803797162
-0.006320710735101251	0.005462393158738131	0.0002540842588483893	0.0006123907775245882
-0.008496597058022004	0.0007823657189061332	0.0005321269753683982	-0.001503528114515977
-0.007099303017532972	0.004399076553575596	0.003326980062499288	0.01403226221026477
0.005848607167006939	0.009626908605029127	-0.001941228672310157	0.01143951313771283
0.01036345774350984	0.005606220784595976	-0.0007522797624697119	-0.007670333087372483
0.004193204834783824	0.005322958430144869	-0.0009841020247909498	-0.005258147230926532
-0.001538732535498001	-0.0004317235042095961	-0.0009332753288728189	-0.009086866822959025
-0.001131887379964412	-0.00212668738724532	-0.001555560307553262	-0.007575028452252242
0.006122325960931043	-0.005200250399808994	0.002423171895852141	-0.007578696505105251
0.004220726037212045	-0.005976347467209614	0.0007563730270960121	-0.006353039565400541
0.002016306658262051	-0.00423035921766791	0.001381596212432656	-0.007222202821481449
-0.000314095121143156	-0.01263262032348327	-0.001109434231027422	-0.008612160042900602
0.007869068158445014	-0.01061128249024853	0.002911855536379527	-0.005292623043519924
0.01115480214734899	-0.005705383441352034	0.001863871961888914	-0.006473501417160962
0.01010541165801094	-0.007127384621990331	0.002942959729606087	-0.007081205425866504
0.007578976499101782	-0.003770416388326791	0.0001920688606793111	-0.004447825671398027
0.002403513603850495	-0.00969989419229818	-0.002621813420112823	-0.00174032689063149
0.003256295033244851	-0.009537850110132549	0.001200167632734997	-0.0004720809251129649
-0.02458800350405172	-0.007437529278257492	-0.002327890468512265	0.00230899664003867
-0.02545391459023573	-0.00979274230074813	-0.001846841152929063	0.002878279256006531
-0.0100140556674438	-0.0006196344954521746	-0.00749627792749418	0.001683259308159012
-0.009105349378375375	-0.001351013679757468	-0.006923632030592907	0.008316986914856734
-0.001057013174999221	0.002074116427781384	-0.006753510331691651	0.003982129698215507
-0.002197765247817206	0.00478220788055625	-0.005458721579857246	0.006995470714555111
-0.001771843996885674	0.002312616764499756	-0.001935011003201358	0.01038797780201484
-0.002577878258266665	0.005562492826502575	-0.004534729728450983	0.00713299757436084
-0.002769680530360973	0.007413714154230602	-0.004620802246658113	0.002093110574460137
-0.003395749380668338	0.00384555410536115	-0.002006925668710882	0.002106324868090198
-0.01812889031623874	0.00070680377838315	0.009769435303844231	0.002592006660316283
-0.0181753745373912	0.001756017438605186	0.005968748860975223	0.00159710615755793
-0.003815091822511346	0.003992861017697142	0.002485566768238742	-0.00227933541623144
0.005806001241213945	0.008026652671207703	0.003035207787656224	-0.0007739903163721962
0.004307660068264484	0.003963574110972843	-0.0008397477790092747	0.001639115473834108
0.0009578471222911223	0.009194912834009035	-0.00223825756385537	-0.006636708682556749
-0.0006010066316876802	0.007269043808092638	0.00192904080973543	-0.0009735824758280749
0.002654529933114495	0.01123163212702284	0.0002983577735674891	-0.002481529672554827
0.00949824728431042	0.01375918743010025	0.00307272297619033	-0.0014753795188032
0.01176091464076008	0.01347371585808295	0.003577797598859668	-0.001909161945321624
0.01609188104363225	0.01237980667296618	0.00329836068253831	-0.004988298340197386
0.01492521839555153	0.008538190962283081	0.004527540312641582	-0.003345678625625965
0.01751199675580928	0.005154531507769116	0.001715710542010453	-0.00291828514808373
0.01890191526603159	0.0004013629689923958	0.003363219423394465	0.005036066067037117
0.008008182669022156	-0.007137043899885305	0.004214891609809947	0.01293330229661114
0.005335298883901191	-0.007161458249228891	-0.003400690328221026	0.004240772024943452
-0.001237971984898344	-0.005649938138038042	-0.002159936382509189	0.003471924693074906
0.0004957984603277823	-0.0006179031160496605	-0.001558497162774013	0.001574650148543336
0.006065573953999948	-0.003196075703497833	0.002244522261067355	0.005493813492597069
0.00589109686323862	0.001883299888493568	-0.002089794982208321	0.001845975530249479
0.01105037345395737	0.006543319913688657	-0.004123349678899898	-0.001394375996967771
0.0204093817294812	0.003551100275693939	-0.004361021273010687	-0.001092746348767082
0.000311245593351377	0.002626857950939372	-0.0005417234939668249	-0.001497878000313094
-0.01963793766761587	-0.003542399381212117	0.0001928840535574015	-0.0002831430825523875
-0.01133325158125256	-0.003642150421818251	-0.0005891195855636927	0.003021870175866148
-0.00317308693557888	-0.001777870572780744	0.002641697239604465	0.001422193320215343
-0.005007867169163993	-0.006989301370794781	0.001165539209031287	0.004383409977047802
-0.005930876599028213	-0.004830231148199379	0.002995217428331599	-0.0001830073612096056
-0.0156702592164298	-0.006114268004872977	-0.002148596645801052	0.001724539531669272
-0.02006192764134745	-0.009688552017686373	0.002372728624795996	-0.000818107653695579
-0.02818775590387646	-0.008682317698962111	0.000525205929794047	-0.005801698191270521
-0.01843969305541103	-0.004531904553917302	-0.001974016737174373	-0.003264399528419358
-0.007254478107309285	-0.002464399747321583	-0.001152120544302328	0.000317882228441583
-0.002285874887376928	-0.001971143240078671	0.0003043304088528191	0.003654382410842185
0.002836018890534338	0.002038289280200425	-0.003802409317127943	0.0009991153687909399
0.003745994600492715	0.0001265505233128949	-0.00294265026539722	-0.001946739871574597
0.004903191065024654	0.002935165493102272	-0.002200658478407517	-0.001982676581518651
0.005117247791063687	0.004733788034780741	-0.0006573155051586793	0.000657080852619403
0.003825747007941985	0.00341979129353877	-0.001638899278384745	0.005554537376810241
0.006863519323665212	0.005079669315908006	-0.006833616361106158	0.004280186939095008
0.006505715910097817	0.0008134546005870597	-0.006191734984151389	0.002623185904475752
0.01197202512842933	0.001832460397219144	-0.0007536475614269083	0.003862875122708108
0.005358273102411609	-0.0008714690832887983	0.001182477487049156	0.001937678328069617
0.005917990262659858	-0.0005400550135484928	0.002010053194460481	0.001036278973762418
0.001619043797322521	-0.000929157311017564	0.0001994806375258473	0.001097533241590964
0.007741106259040192	0.0001685953821398145	0.0007028425573312559	-0.001697650897995474
0.008684650309143518	-0.002360677739883302	0.004283127126792803	-0.003384112678257597
-0.007247188865328809	-0.001724465802326761	0.001618285017794938	0.0003608312139329098
-0.002370319610427436	-0.006215565464382422	0.002602159675781657	-0.003026755551939251
0.01001777796487608	-0.01265742501382556	0.003276957464333098	-0.006114109067604278
0.01595235534742661	-0.01280122169852935	0.0005441157208996446	-0.00729620915398694
0.01483977885786523	-0.007320538700935314	-0.0008320001268653332	-0.00677824554374687
0.01833591235626957	-0.001556900979474272	-1.936113287823285e-05	-0.0008151336401320197
0.01853703591817308	0.001738479542373796	-0.0004794072863426466	-0.0008492716018039758
0.01892746078863496	0.008573839330604157	-0.001241906153224694	-0.008392013147979639
0.009100863728282234	0.007238132827047972	-0.002664012135152745	-0.01394741335475693
0.00412346277315769	0.02431486442566835	0.003317061398593704	-0.01031442503806593
-0.007498457034363208	0.03247298671750518	0.001829351434328663	-0.015465857063186
-0.02957509620522328	0.01756307510844493	0.0008034183673913311	-0.01406320204646851
-0.0335293882580165	0.007026754669080871	0.006789404352230055	-0.005471335570113698
-0.01787568348691468	0.00777827584010971	0.007803425197057878	0.003581365888118476
-0.01107983448354447	0.005127651677283486	0.005166484669669297	0.02347699597250161
-0.008943006364159223	0.00280336861735598	0.003573308041389536	0.006948111091178895
-0.009406933454437574	0.00225444629833417	0.004326367240713477	0.001237877198014212
-0.003381902176171378	0.002530282815892285	-0.0007152677849792651	-0.0002669900897243365
-0.0009820635720692223	-0.001762693823795423	-0.0004225066781028094	0.007599200359691128
-0.005008943308768783	-0.004199579565602986	0.003554132120064499	0.004144041915713996
0.0003616132232017203	-0.0008878135497836835	0.0007346565045596342	0.003122729778202347
0.0035630520226873	-0.001897017752615145	0.002898442351375049	0.009160049521707323
0.01191124177641444	-0.007085300537334421	-0.006690049804319291	0.0004110485474726294
0.01148326856346659	-0.004638904139721939	-0.004038750539261986	-0.002756460885537175
0.0008203924124593942	-0.006281111551170253	-0.004114368909740051	-0.0008248804457781094
0.003157452762352508	-0.004311684838537146	-0.002382947728802927	0.002982765330321423
-0.004621874626876701	-0.01365046428930485	-0.005564811787054285	-0.005916651549720701
-0.0075380374706225	-0.01224359643061632	-0.0007522214752624003	-0.01201240509710909
-0.004962763763889464	-0.0126432143320378	0.001458697300161151	-0.001576680349722847
-0.003400748768550224	-0.007972333042144971	0.001242838383663902	-0.01932315995683277
-0.002604450839734554	-0.01375166812676713	0.002275102539437393	-0.01530768016282001
0.00422707129450973	-0.01118387384975964	0.003828920969365173	-0.003963945367996104
0.006134413268138319	-0.00768374471229809	0.003140262407361082	-0.0002043919150530264
0.006860942419996562	-0.004507187422322713	0.003287388791432266	-0.00380644902155842
-0.003003519191191113	-0.01040888291295235	0.002791402136407791	-0.002198103794771647
-0.01746239738929316	-0.007132260028648488	0.00153862343014071	-0.001049931325554384
-0.01422535291650571	-0.004866378636895698	-0.00390984998495394	-0.0007031491625828111
-0.004390802089455092	-0.005551861264508309	-0.003071525616606128	0.00295434659544889
-0.006250864414414388	-0.006317913358131906	0.0001298383417683541	0.003132055896815878
-0.004215425670458454	-0.001186491062298459	-0.0058657554348618	0.004621681541702742
0.001239752395857817	-0.002264253553139779	-0.006447229220498589	0.005766353293612717
0.003325991967027949	-0.006686345426603652	-0.005477587473084957	0.008858027747215048
-3.107934930880204e-05	-0.00298723961554659	-0.002563547156072685	0.005875015738016948
0.00558140735839831	-0.000372856979382501	-0.000791552121090058	0.003290889345596315
0.01209999132863832	0.0009257404210152452	-0.006023732689593947	0.008599357995372911
0.02383543029309875	0.00550103660713977	-0.0009947282924824851	0.004309776473258113
0.02063803849042052	0.00396728397494176	0.003119374094444149	0.003643381056573189
0.01800365078798297	0.004660604054140356	0.004097657025187143	0.003993940428698618
0.02113841622512978	0.005036686466058337	0.002106257529092619	0.004670463563154188
0.02822835619244041	0.006064994718328429	-0.002574216504011122	0.002187597802648759
0.03044111996264954	0.01455843569666675	-0.0007996571465801099	0.002639852020296997
0.0203330445755508	0.008179768278801647	-0.003454349728540672	0.005535895936920958
-0.003578144163221434	0.01169793334101316	-0.004705237632347222	0.006511941887366271
-0.06470297154460197	0.006378906170053039	-0.008875079166030232	0.01035856715727746
-0.0490939369562757	0.006786082911962389	-0.001997426609232984	0.008209117064470074
-0.03190688046452034	0.007227932499438982	-0.001570279038612274	0.01469334119703458
-0.01657061601193617	0.001445049766963615	0.001479249969365371	0.01970774613861618
-0.03206965247065049	0.002017940333634634	-0.001750779156570244	0.009711563406877122
-0.02988693415332245	-0.001640092423396401	-0.002770637375835525	0.006317342513065937
-0.004877535984863274	0.001568690132722796	-0.003542785522428586	0.002222029740672407
-0.001037151913832577	8.443469144396237e-05	0.002290257211771664	-0.002781506513602647
0.009807921565418692	-0.001308013197304843	0.001187216321765795	0.001372117088316968
0.006548423787739013	0.005346463974965639	0.005908103155374709	-0.002100772734638797
0.0002590506864634716	-0.0002896895547335204	0.006966779311299942	-0.0009895063443211278
-0.002703589727804533	-0.006036016278945393	0.004534537138130039	0.0005276871981373687
0.003750213292812946	-8.194895245006511e-06	0.001038622609771466	-0.0007291238496944668
0.003506334697238826	0.0001711302936932968	-0.005087394041161694	-0.005600085077005186
-0.001789282770751516	-0.002501537040135306	-0.004584065159207997	0.000166944274481652
-0.0028795426497998	-0.002768829308524012	-0.001459481028654601	0.0002097770659297528
0.00426969189568264	0.00390241772223247	0.001123186232565469	-0.0007337676392586605
0.002746449245851632	0.001090693755629956	0.003022154955987293	3.683667557341204e-07
0.007372183508350501	-0.0006861682432042605	0.002658679733582803	-0.002950316004290585
0.004643168138948099	0.004044586853410714	-0.001446969315101686	-0.003176003767764883
0.01502116973014781	0.006227909252553817	0.004966170265960621	-0.003525306658562534
0.01378975293646517	0.003999672754859885	0.002048267444125412	0.0005819848254678873
0.0110747070643177	0.008376423713319576	0.002866185196009226	-0.002668028974858997
0.01026574672732441	0.006055471073700053	0.003350146266117107	-0.004778408229906457
0.0166369769928494	0.009438107003650581	5.940573425537847e-05	-0.0008278491404711564
0.01238311993364976	0.001563459939499938	0.001012571640506141	-0.001854305088028377
0.0122950274984499	0.002462874631931678	0.003391961128973968	-0.006379048633791714
0.01203188286010915	0.001546969531987854	0.003118233975094003	-0.005123552334712862
0.01022199892692548	-8.599627743254292e-05	0.002185029545855802	-0.008197158097069364
0.01141342178825683	0.00140856078017934	0.00278272284424909	-0.01009386482270879
0.01102699248683848	0.003365859021596007	0.005659385404660955	-0.00834444119458899
0.009130424249769909	0.00015651449246391	0.002545607016881742	-0.009296877901238615
0.01600880265440251	0.002874530828043076	0.002605782238271579	-0.008502487663222048
0.01533081747388677	0.004856439013950878	0.004518030477941349	-0.003621653868066282
0.01198413076801066	0.004857179529729761	-0.0006445980912347549	-0.004305674168108784
0.005439496088299916	0.003323229947613344	-0.004833397118136377	-0.0052212781833139
-0.001692963311903093	-0.003863505328465436	-0.008414212144958483	-0.004223225101515034
-0.01185834094760111	-0.004480231253046512	-0.009522431374510561	-0.0001951337085755715
-0.01306397992168425	-0.006786118378141815	-0.00747741055118255	-0.007096270951057208
-0.01280353616221117	-0.01112076286115059	-0.006037622779077509	-0.003319021336852895
-0.02211836065301222	-0.01917270717061999	-0.003818641501359511	-0.006432939644261905
-0.04460115173098912	-0.01778413643048633	0.001888563783616288	-0.002383788560236127
-0.02760789364132784	-0.008084816512067595	0.0004167634951361521	-3.524448019643726e-05
-0.01816643154598099	-0.008536935958874992	0.004000056973651984	-0.0007968392191101984
-0.01409911338949275	-0.009854027071048283	0.002763545305912222	0.002819938399864257
-0.009532053269763136	-0.007669754556529577	0.00220755550125747	0.004723790746364024
0.001020232263867999	-0.006068120823276539	0.005022174776216518	0.01038983998821963
-0.0003373983941567482	-0.004475395167977987	0.0003502030895594767	-0.004752902204089277
0.002663368326704025	0.003014384325566184	-0.0008729619836809197	-0.009596131928683738
0.006105485413755765	0.008103126077680215	0.001035404438257754	-0.004295248989075993
0.005891329592584632	0.007287767911287469	-0.0002522920360146441	0.00329043127613595
0.01086789378999493	0.008468256427431915	0.005413396602664608	0.004207352115840013
0.006674631472085112	0.007418360702532137	0.00126760064395406	0.004138127072333321
0.004674333600269868	0.01149366022155732	-7.304358464126678e-06	0.004938423051734683
0.001454662198975205	0.01019263238213219	-0.001836870647687382	-0.0001235197217449843
0.01072602985874118	0.01003048000113376	-0.004124864555683373	-0.005177627632414149
0.01229294601168625	0.01170688210895115	-0.0008531635245630721	0.005356539786326957
0.006969638063952637	0.01075336825738649	0.0001258983902720738	0.00820813793057534
0.0007453596968725249	0.007188043183035101	0.002785999663342684	0.006361034086274808
-0.006504902164126029	-0.004734314432616898	0.006637668657185886	0.00770487719952474
0.003080769642934482	-0.008764149782737997	0.0008108125247812233	0.007540115953027946
0.004080801141401399	-0.008466285084722268	-0.002054215493787362	0.01161504639499423
0.004547313431711483	-0.00510473016661887	-0.001297865048474639	-0.0001917946944717472
0.0006155839049654732	0.0003519911562329414	0.001715693842698824	-0.004009999811183941
0.00587562192136309	-0.002036296236688751	-0.001284372164047179	-0.008959892822879787
-0.001807026922337572	0.003859784637209946	-0.00427830494902237	-0.01913237180523486
-0.0005561315398292029	0.003777160026421381	-0.002747920846203487	-0.01931921325133498
0.0003950239213349876	0.01913063126123235	-0.005011663655272212	-0.01319857461102568
0.002592269796497839	0.02042075649791248	-0.001460546352975406	-0.003572970928556849
-0.004511343414801396	1.542681381093528e-05	-0.002109941527864514	0.002776355328034387
-0.008506055495357417	-0.01183859738074642	-0.001656196431612608	0.01170131543657802
-0.006261749350807801	-0.01264968189727683	-0.005024039705253157	0.01199889998031072
-0.004306864238892309	-0.007865406293441944	-0.002196440423439783	5.08577818862578e-05
-0.005843787481460448	-0.009356167454386536	-0.002417178652338722	-0.0003519145793026639
-0.007217403395771926	-0.01060765746834473	-0.002696714250437984	0.0002013236153166784
-0.005873207117110965	-0.01251682085696023	0.004565260359102988	0.00704729898162599
-0.009032728790096428	-0.009942560683273921	0.003053814631323616	0.007542408747394294
-0.02799257937857511	-0.01638743554983721	0.001090275695934389	0.004216937747504973
-0.02740304395918759	-0.02059777426233239	0.006849215097157725	0.004981954880924627
-0.01706277634818909	-0.01578641668269035	0.003204716022062537	0.007815734833139533
-0.007806942504906776	-0.007515013063254519	0.001355398805656225	0.003077031812711472
-0.006323898682168308	-0.008182683475575384	-0.0007715400808391018	0.00312665295241102
0.002225914570976569	-0.00415782078478704	0.001172868445979456	0.001005450770264269
0.001598798859857564	0.0008613258173382135	-0.001509834499673204	-0.004247256201070743
0.002762453564581654	-0.005149125406768975	0.001246911212226955	0.002683588553983139
-0.01039416587966667	-0.004332527202683314	-0.005375187849836012	0.004690291238280952
-0.01186485549307905	-0.003151646102203234	-0.002297756350296434	-0.000360502745683612
-0.005635794513041297	0.003357379702466431	0.002076821006986435	0.003710864797140251
-0.004082613427443476	0.002839670828985603	0.003972215479241625	0.002405284634437483
0.001240747696261575	0.001877042459194577	-0.002259267007490068	0.002903088395673844
0.01120785397742004	0.003609405026035867	0.002689499260825826	0.002108450149657948
0.01434528600246408	7.170536242614414e-06	0.003940043456508035	0.005919317934305409
0.01128633076572476	0.0014860350072036	-0.002085894955114433	0.0007602572509433563
0.02194006966995797	0.002679858624388854	0.001551305221920183	0.004405023717304259
0.01870231839306545	0.006183904290319237	-0.003927174605275693	-0.000686806875719374
0.01360970446766642	0.006662563265080538	0.001432771727310942	-0.003474175833985822
0.02110068117246456	0.007877133832789441	0.0003248293486299949	-0.00187952602227151
0.00405545537703949	0.0144331937980558	-0.005800503611588707	-0.0005538423405726395
-0.02771471940914775	0.008362107433847103	-0.0005018406315202217	-0.003461026819844308
-0.03500449890927036	0.014070619622452	0.004697060588052233	-0.003127009810593394
-0.004549838069201344	0.000806905246229016	0.003109432173086756	-0.003092489502695617
-0.002827920634402427	-0.002841685396450607	0.002389516738731943	-0.004618211540696767
-0.00386310676608991	-0.002642496140371454	0.003174698399610259	0.004444839632574459
-0.0182485714713687	-0.0002853391656364229	-0.004143545579157961	0.004996148948329286
-0.01203996091532616	0.002594292258935454	0.001170199042560701	-0.0003314261934406279
-0.0009968431798671059	0.006873086235283319	0.001623495835094932	-0.004217651659163213
0.002877024810131426	0.006256339420010636	0.0005284792432499937	0.001818555512377372
0.0136685355631995	0.01223221636147379	-0.002667793087218084	0.0005727238001184108
0.01109041348892741	0.008669481032916464	-0.0003596182793359729	0.005535250154672407
0.01115430540249339	0.009245371224075477	0.0007616870767621971	0.0006022662400224356
0.01182202588635946	0.007519765235626305	0.007372413134845669	-0.003231052156671295
0.01915602588592059	0.007671287415548423	0.005466828704580081	-0.005422400018317803
0.02866730192182084	0.006875847889324525	0.0006058794679963606	-0.001845567831781097
0.02500887606716152	0.009052741146843948	0.002376101855454354	-0.001268824013199076
0.02054782279083548	0.006181265487719586	0.001743518216618094	-0.003851675775622341
0.02838428742263896	0.005165978382238514	0.003209382204078626	-0.003067251966198659
0.02829720936395234	0.004257290187204169	0.0008279561761478009	-0.003594592897148921
0.02529366249622916	-0.001564774842319147	0.0001131015114695757	-0.005087737834154695
0.01759264176520665	-0.003206713622288868	0.0009153159116417366	-0.005843811874925948
0.0104066141974563	-0.002101347163523391	-0.002125470989525482	-0.007571175946703711
0.001295164419183981	9.294168146684703e-05	-0.003459325676235436	0.0008638939487347146
-0.02504222151605009	0.003231666605720725	-0.003640551344320688	-0.002555135988822963
-0.0195602283937094	0.003568846937168016	-0.00258901639218963	-0.0004328355937006475
-0.01486417652407131	0.006325981972376417	-0.003694851985558386	-0.002293420300113834
-0.00991692072251564	0.002682489925391842	-0.006217250205255515	-0.001968545680045936
-0.01237280122716766	0.0006435260037743702	-0.006948980469378075	-0.000952600150058402
-0.007405473354371633	-0.0001500214620515602	-0.006679685997617653	-0.003059024310947828
0.0012052795568812	-0.003055556310762599	-0.004716087013794436	-0.002697721745740455
0.009679505434389741	0.0005571484601602414	-0.003318437149740639	-0.002078022649481981
0.01017560954468703	-0.002793821002906706	-0.0002447389392205507	0.01381213367388052
0.003137062200967711	-0.008043307213364933	-0.00385032077159372	0.01108923198107369
0.00309533773505165	-0.006961469738520148	0.0009255439125004691	0.007191417827348714
-0.001067896742162952	-0.002403233523681231	-0.00257188996290298	0.01125024034334949
-0.003457797038205279	-0.008059720964098962	0.002137380012394302	0.008367582494495457
-0.002261246801505259	-0.009006131236532404	0.001648615061935578	0.005052367580369674
-0.002678057257619032	-0.008259388067360856	-0.001297806384710996	-0.004145486012798604
-0.008474196945534807	-0.009969112251393812	0.0005951479766683244	-0.00111289667477744
-0.009321976316516793	-0.012526344381556	0.00219179279958024	-0.00623859489751586
-0.01155368126964473	-0.01492721275878468	0.0002202338358180201	-0.0225330055622957
-0.01529145073295505	-0.01469697373585095	0.001382240576706043	-0.01784715335559337
-0.01303065711900699	-0.01574754252617897	0.003179488211617985	-0.007018415166761193
-0.01268165682414492	-0.01213841724333638	0.001982115576092126	-0.001199771846996083
-0.01297406307053446	-0.01298804653058285	0.001388843551804917	0.005585469024577219
-0.01085696917083905	-0.01037125837545535	0.002320178199597707	0.007931222204519441
-0.004564559437720193	-0.009625744935129726	-0.00183732740174399	-0.0007298133805352573
-0.001970026505862755	-0.008964138126486266	0.00162080732271575	-0.002294578432477097
-0.00375458013508029	-0.007416401508011393	0.00272111582572331	-0.0001683272415941048
0.006492585470098768	-0.004029225356883158	0.003175987236796366	0.001137763866902449
0.007826008973757298	0.004565815232827068	-0.005438518637433832	-0.0007704867524059987
0.006603732900623809	0.005009706125987098	-0.001141163169223688	0.002898721764144278
0.00392815770181186	0.003942481972861808	0.005203518975685301	0.007226781676085058
0.01144802030922393	0.006200125440080644	0.004273724136544498	0.0126426901681591
0.007217884597736535	-0.002532726598880453	0.001203324123300683	0.004783063041727282
-0.004359592077275649	-0.0003109227763866246	-0.002996451888499225	0.003480650666896602
-0.01169333825588143	0.0003345590789680601	-0.003463070595653076	0.003196618303962145
-0.00454286401767612	0.001760608817183482	-0.002161754402598394	0.001402596516229429
0.002411950897757368	0.007435757297958998	-0.005478591593466778	0.000919709187572155
0.00522854597409966	0.01169439072372359	-0.003027846619031483	-0.001082437274887043
0.003938924269857682	0.01385110640640543	-0.0009553240817412984	0.001090623407773424
0.002702547047438408	0.01709099368061532	0.001061365338403672	-0.002200614586838691
0.002101296478453986	0.00965630211930305	0.002708778289776337	0.002462449885967891
0.0003227223864837181	0.005129964393506411	0.003227369095839239	0.001447974689196282
0.003469875729575006	0.007177614358115291	0.005742636482550962	0.00109845915199196
-0.002015588344698677	0.009127923943855037	0.002966842357999707	0.001450391843982373
-0.02431782607557925	0.006315905329957214	0.003573383074432595	-0.001131303479828114
-0.01112686234412762	0.003879652944726498	-0.001057457155614084	-0.002134112079511025
-0.008656471665932343	0.003345245207631034	0.002147600253975708	-0.004956987869533152
-0.00353167745573192	0.004376805615786146	0.006908515209243645	-0.0006064238307764717
-0.003157890495814763	0.01775142939504861	0.002053726729484422	-0.00251713818378541
-0.00256280965869451	0.02838935771343902	-0.001631925848085372	-0.006374603826366055
-0.006158759364582931	0.01456482781352211	-0.002490233611204444	-0.004969392845755924
-0.005171351791925488	0.008813988559478961	-0.003374838451609016	-0.0001244520208017988
0.0002165074881668339	0.008010735943944828	-0.005729408676757193	-0.003304686379153014
-0.001569761587814239	0.0009610556438411925	-0.0007448661582497003	0.00488972272064364
0.004601847805049632	-0.008492691111415013	-0.002008109753893326	0.002370618424720858
-0.0003398017921572889	-0.01303544077458555	-0.001927473174187756	0.005537571876398737
-0.005344398725156444	-0.01327216720233839	0.003728835909339823	0.002127177611390048
-0.004350983143050639	-0.007766214377613805	0.003496980820337276	-0.003187738535776033
-0.003931754965398597	-0.005262557195436935	0.004688999152129137	-0.008900873973764571
-0.0007631539130630754	-0.006786534081862769	-0.002654963993038883	-0.002683262774621998
-0.0005130898419868624	-0.004061866964146405	-0.002386462917194461	0.004532694122111179
0.005572305860351282	-0.00389417548716303	-0.001079149046946912	-0.001693848043235834
-0.003157828571572593	-0.0004157535711367407	0.0007339218947266995	-0.001314042147899112
0.0005926860360239528	0.0005049189924283294	-0.0007319656338391305	-0.001434894062181856
-0.001106138747299613	-0.0006368084121594676	0.003030619514107092	0.00428506026870122
0.01281495995735382	-0.01013837848154864	0.002992149441500606	0.002973959773664393
0.0276053694219502	-0.005106707670312963	0.004891485838047376	0.00122668281028679
0.03179655274562894	-0.001503222461682954	-0.0007640094380772322	0.0003316524254942487
0.04139260232273864	0.002925068175092772	0.00262246046800099	-0.001102593616029412
0.03679827408860802	-0.001052348792404222	0.0009344881967879784	0.0004389961793209783
0.02494222883431118	-0.004306345244891006	6.047562298259237e-05	-0.002476794935211529
0.0206887016164633	-0.003697538265803034	-0.0006778499073700786	-0.0007675097287854969
0.01366374585989086	0.002122655142230329	-0.0005561892650760786	0.00590023680952731
-0.01247263057598234	0.001306303725333684	-0.003132912369372434	0.001880586631712474
-0.03763744827575253	0.003178655958153787	-0.004273903102392617	-0.00818294231816839
-0.0194484946480315	-0.0007200946964912525	-0.0009982385756131691	-0.008407401263182976
-0.01432389289979858	0.0003290397221582165	-0.002476676543238053	-0.007992456638016131
-0.01522740697556242	-0.0005739445066226731	0.005926822638385151	-0.001345630037786734
-0.005778951262933881	-0.005393796781014083	0.0008977865629304798	-0.001913019126711208
0.00843758189694103	-0.001695109262436656	0.001344856040833651	-0.005345667670129109
-0.0003015854972864772	0.002804759335986035	0.0005683837716402672	0.00127197132109097
0.003392100459948723	0.0003202013377521333	0.003183368084310043	0.005742860779853293
-0.009931812207041271	0.001461024530775285	-0.003376506522159154	-0.002384130608900464
-0.03065983511517477	-0.003551978568633767	-0.005405896623411993	-0.00615072883642629
-0.02988497543930893	-0.008100369627156483	-0.004843541040346522	-0.003594452666554083
-0.04202011362079081	-0.008485686289094374	-0.002639031979741647	-0.0007785190074619417
-0.03407706685005075	-0.01716868137655675	-0.0003408754303803873	0.003656036075152277
-0.01775118476155344	-0.02336740016039969	-0.003834530559039863	0.01044070970819158
-0.009154720772428678	-0.02024878465099676	-0.0008450071885824174	0.02023861176499349
-0.003425155930268274	-0.01366820632007893	-0.0006989219176522472	0.02655202812931062
0.001174525982013391	-0.006032176223854883	-0.0008679649475288808	0.0119700562497705
0.005314772400263602	-0.002447051486357345	-0.00319367461370266	0.007671775973772813
-0.0009170481063055807	-0.0003713569307066289	-0.004027551192762546	0.006020347563457031
0.002431644327643949	0.0039543671556441	0.003133540020479134	-0.001691363245819452
0.005694213295183439	0.00456602341119472	0.001414857231996751	0.005363542058884683
0.002378016637906801	0.003885211099493672	0.001616256412206984	-0.01184225351129618
0.001573803387238893	-0.0002928199335088319	0.003832831484645969	-0.02125568745267893
0.0006348463032334443	0.000699136776984802	-0.0004234493671871726	-0.01637668865304119
0.01039342312624546	0.01174435759105456	0.002505988612527896	-0.004903498424073334
0.01705464349322508	0.009897970344019631	0.001829671649714624	-0.003815678594873704
0.01470604635064859	0.01533842216054221	-0.005000965072735873	-0.007060116442567902
0.01128997610722208	0.0197193954353739	-0.002538970993025867	-0.007827714573285799
0.01483914380823708	0.0126559641219624	0.0003109881723100338	-0.006218781031947911
0.01692886389851942	0.0148977241818253	-0.0006495672326506669	0.001303428718550993
0.01839871368322571	0.01123731377583932	0.000418304147485551	0.004246577884863144
0.02066577125646003	0.01138157351229557	0.0009112680870770675	0.00295497798389115
0.02405161483876776	0.01358028204616629	-0.0005929860081954449	0.005595109523788755
0.02293189096716168	0.008399580553847513	-0.002349956835887044	0.0008702453739438075
0.01763308425485824	0.007771696216894594	0.00455706567458921	-0.00364150086762255
0.01216191531911859	0.00842175836348702	0.0002403068312865839	0.00451165727847255
-0.001943746378863395	0.003910223228841341	0.001129957039524656	0.009316403975551587
0.00333830839926852	-0.001274030425960289	-0.00156459226782068	0.003007654914365309
0.008597025849785047	-0.004780810978279841	-0.00479766168471318	-0.002864052781809674
0.007406309968615163	-0.005272320450423627	0.00142401582504115	-0.001538595519784699
-0.0009022907560501229	-0.004421555909273837	0.0004133265422184415	0.005715180100657071
-0.004607192587964356	-0.01263677956332264	0.0042526290219732	-0.0008711623434160454
-0.00672102922431604	-0.009793261032021964	0.002355060422735429	-0.002736903593931546
-0.01302762153813088	-0.00809236848692161	-0.0003936198839626061	-0.001190564355726909
-0.0119597371979373	-0.008187073654560461	-0.003544568472561798	0.0002689125301558027
-0.01182241137863763	-0.01616859044002123	-0.003303143212008089	0.001652045684453535
-0.01346603592423795	-0.01887675573975729	-0.005495996457398574	0.00240279289865903
-0.01631954803728639	-0.01548124643390426	0.004003823487525409	0.0007373801845464028
-0.01374730554218181	-0.01341595272513677	0.0006292180298581617	0.0004575788318506723
-0.01357281484575523	-0.01045827902136501	0.0008221526122323314	-0.0005810491008836471
-0.01059372631379678	-0.01105242988828524	0.002043802092385913	0.0003162932203942989
-0.009021233604882243	-0.004321531671807532	0.001459921757129022	0.001818931750676288
-0.005775954195450588	0.001408056996817968	0.001307150624854527	0.0009879583642490005
0.006269658669198611	-0.002029648026568564	0.0007202515548329241	-0.0005562309293897149
0.008353157623479247	4.731409693439653e-05	0.002833801252136292	-0.0007045052503788468
0.008032206780769543	0.002407799647081451	0.001897534733657143	-0.0003258827979596923
-0.01683274870338141	0.0007076219207968811	0.004024943598996559	-0.001153425528511721
-0.01550978558356789	0.007221415197656626	0.002322309601020783	0.002213863716102584
-0.007971832618945934	0.009464982778418916	0.007696955927410981	0.0006870864148114652
-0.001731209579509958	0.01217370888425931	0.007213596367102383	-0.0008644252935241713
0.003070278839728218	0.01069355538163785	0.00207745746639871	-0.002011037620150536
0.002614487636975156	0.01538687988482311	0.001729651079513176	-0.002887998418565863
0.005596173852544229	0.01405595843771227	-0.0002518046504366359	-0.001460176457225377
0.007534850004814957	0.01172467630004346	-0.008793478595775488	0.0003722860727998987
0.002885929682469762	0.01423221496223907	-0.007447440816430654	-0.003287471465436249
0.001979128584774695	0.01473109801474257	-0.006807383494831483	-0.001553757069731638
0.00248542564023321	0.01215205551828853	-0.003869525977391915	-0.002234936146610772
0.002924666163698697	0.01250171205477067	0.0003099784661281561	-0.0006738736712782289
0.004402489148383375	0.007530724939322483	-0.002862095520814881	-0.0008667293481617203
0.003684865638499631	0.005008804828947471	-0.002184571351567369	-0.0002022452169461908
0.004772080116258745	0.001145906254372035	0.0009507409644660028	0.0008755162524341684
0.004658075626323883	-1.310427246176875e-05	0.00293317216894183	0.001348264060091726
0.001708319785623535	0.001561492003841999	0.003299549875207134	0.000398113448057459
-0.0003503497006896672	-0.004010294417649597	0.002830662302246472	0.001645362059530625
-0.001317230721068159	-0.007845447920942487	0.001785099577739489	0.001748996165121285
-0.001988135630396007	-0.01103817250098532	0.004535280178276504	0.007260448878731045
0.002678540627901272	-0.003289846919124105	0.0001053253414601626	-0.0005645970433993043
0.00348657482775627	-0.01063549243274656	-0.006213853199480139	-0.00646274756006724
0.000653837253450586	-0.009491763075872617	-0.01016830337088387	-0.005820483986789113
0.003497187526431896	-0.006864528825792873	-0.009302973764796491	-0.003847045415185532
0.005339997224345371	-0.006556657933114958	-0.004657410466415718	-0.003340997517384196
0.00462268822152942	-0.009420355848631051	-0.002538615636808205	-0.005074533712000021
0.001467034072194006	-0.007999962270697512	-0.001742478743759456	-0.008171746558997184
0.001633095445816572	-0.003907772332914373	-0.0008836942553160899	-0.005670900144120015
-0.008169234926364113	-0.002413575204512548	0.0005802859050188443	-0.00472882071420703
0.0005210266083158746	0.001021520254128478	0.001669284764570965	-0.003502954974817723
0.004655636931616137	2.065287586956114e-05	0.004775289937634032	0.005016493352232322
0.0180171581038365	0.005133772674254753	-0.002783950282388448	0.01078166714512502
0.02754218260175377	0.008818498010507037	0.0005390701899702411	0.01512883706482491
0.021845202401854	0.00537912558599844	0.002533843535803936	0.006877337683223732
0.01078153756801473	0.00202919068849154	0.000589806371998091	0.0007957907227006777
0.003681007704728983	0.005201582960191482	0.004257719336251554	0.005572266920842845
0.01003613524388026	-0.0001196184810055808	0.0023982112122889	-0.01086861035627704
0.01003925870082787	-0.00166450462576146	0.003773215754304469	-0.01754345883035988
-0.01969274392464137	-0.0125755460422049	0.001638973272254593	-0.009125469069243577
-0.05214011254686669	-0.01720998447581211	0.004012612403641556	-0.001152448225059476
-0.05274598780832765	-0.01743788392017565	0.0029231386641508	0.003511509767823491
-0.04106837126454002	-0.01264922675702781	0.003643933040383834	-0.00271001424453896
-0.01787948996779786	-0.001401860402052049	0.002760080555933435	0.0001360546506260305
-0.01518219415019815	-0.00105948457072437	0.0005661939808539401	0.006238698916930701
-0.01301832785738555	0.002228032029590584	0.001842044444271233	0.007011854396189573
-0.01631450090759854	0.002919935864145654	0.003417894012301624	-0.002082545012932421
-0.01343965045379109	0.01856621038297831	-0.001091002890245928	-0.00469553893446295
-0.0006631670329359327	0.02319466760331445	0.003658071090012067	-0.006739875629178818
0.003747784777088754	0.006551675083172989	-0.001781475853593128	-0.00496024490072848
0.003657789711169297	0.0002356300086986655	0.001678436526888792	-0.003182341350774983
-0.005103562647147759	0.003062583869891711	-0.0009216175209403087	0.008148010524522964
-0.004605851009355271	0.00194880782528994	-0.002409072968786816	0.007616921571667826
0.005627554508164695	0.0046594929573474	-0.004953821881449014	0.005308111252572094
0.01306449414138534	0.005706487535028167	-0.005921028034975168	0.00725056839250861
0.005329545047971102	0.005732646246680636	-0.0007499997159514493	0.004520800447075678
0.005576944393385231	-0.0001820168791783938	0.00106746555854429	0.007029899248654843
0.008534211007109408	0.006663332161172329	0.003945434360878989	0.005287080097617187
0.01737370576329658	0.005313283127959048	0.005487530875712239	0.001555591942381665
0.009205438254785241	-0.0002334765108423828	0.007357715281021383	0.008452876735919622
0.009413120914236224	0.002022664493600418	0.002917030768369537	0.00597724303861621
0.01099103409079869	-0.0003640482961678525	0.005565869246849593	0.002443908886012863
0.01407453764340878	0.00105420280525956	0.003227097414746778	0.003512709897404069
0.007861499275163008	-0.003832334393341833	0.000657127239582072	-0.001041801903886535
0.007856050200409765	-0.00888334928134272	0.001734954549481705	-0.003371039836587226
0.01367098125586961	0.0001401039039274577	0.004484560541924139	0.0004889722106012739
0.003900074106190571	-0.010416370466523	-0.002475659670842898	0.001515251685167203
0.0007042782920023998	-0.01598608678997788	0.001129684632458857	0.005051800119870439
0.007228944197800609	-0.01535145919565492	-0.004604986361717162	0.003832765182093557
-0.004206239084150332	-0.01273734926846004	-0.00399353014489555	0.005247005352059821
-0.03274628155546691	-0.01384582561970897	-0.007733790085665094	4.670211651321311e-05
-0.04665151022107775	-0.02083780239900376	-0.008325539535842749	0.002625188327936831
-0.01998784430318015	-0.01801241676612127	-0.004678166827004873	0.002238853491385184
-0.007191146589726955	-0.0175424826339026	-0.003380782201116107	-0.0001647737574791738
0.006172501418952645	-0.01675306483257245	0.001813421447024607	0.0003183323413969135
0.01076509624157215	-0.009644874852646255	-0.00138794553932268	-0.002537009676527295
0.001563431771513078	-0.005368292343343265	0.002778004615308612	9.147440585403053e-05
-0.008809171083079496	-0.005539995556978902	0.0004556373228381889	0.001816474928963908
-0.006976763273642694	-0.001992876795929088	-0.001081501417820702	-0.004222698962447095
0.001204311095073246	0.002884254793869033	-0.004650340912347719	-0.002482593594592424
0.003934866627534781	0.004394541482483457	-0.003909036480458259	-0.003965763031050564
0.01014738296969495	0.008278410654210153	-0.001193388076483899	-0.001510465816157841
0.01023218377363064	0.005802181747059622	-0.001243853550523965	-0.0007855015237703373
0.005499025843710363	0.00586192174090914	-0.01097907438510025	0.002309751681967324
0.007257681184100659	0.006018389837825919	-0.007453455750805593	-0.001122829816895506
0.006567946531832556	0.01074628537178365	-0.006654599264522766	-0.00620741761498236
0.009119976509562058	0.007395103695251761	-0.0002685807125716613	-0.005842597417196625
0.01603864436000412	0.01124117162303493	0.001859125127038403	-0.0005682637489415835
0.01880486880813405	0.01555002919178695	0.0009180262673611278	-0.00481288531651932
0.0171294139800747	0.01979137825955033	-0.0001591321334259899	-0.004717532786892001
0.01349580789552993	0.01828433213071908	0.002078895335830781	0.002662279298838945
0.01671116046989478	0.01749524702016957	-0.0004476265910404233	0.001880200334966858
0.006488674976303415	0.008842131673177956	0.001114227825966905	0.007830348682421818
0.006359450176453709	0.007054299599636694	0.001764757916473612	0.02072971046326847
0.01006337838079876	0.003504622779596238	-0.0004354399300990658	0.008961289657423321
0.005434577293314144	0.005693108559098822	-0.004585650597528218	0.002346748936256597
0.008960971254673497	0.003763426679245663	-1.101209300779918e-05	-0.01097845433714659
0.007525153335811212	0.001680062322085019	0.0003688833490704812	-0.007786302594073051
0.007665322996753324	-0.0009754889606378858	0.003560068076505832	-0.010734104389175
0.00276743782424481	0.0008472860148931	0.0004414093742934289	-0.01903185076418735
0.004611456243556517	0.004397895195226875	-0.001731306215848283	-0.02432283534056637
0.006295292048736975	-0.0002687293697422203	-0.003917810915170407	-0.01657056595983273
0.002004873508813904	0.002282988490829712	-0.007432261973831039	-0.0142548344896618
0.003414694460750677	0.0009695708606233715	-0.00784014485029931	-0.006112294329655145
-0.0009137596877837295	0.003628208142458027	0.00258604896921109	-0.005922632389238176
-0.002382653636356725	0.004024362807152552	0.0006566624075234995	-0.005235818842433204
0.004031149798333813	0.001322170272477286	0.008325237449698528	-0.0006901600755019482
-0.006819617131793009	0.005078588153463793	0.004687313197124713	0.002643036296124871
-0.01386810905637608	0.002170642957527138	0.006480572647335214	0.002245392722477705
-0.006918588066200272	0.001373085114950226	0.001602959702680507	0.003745230083011229
-0.01351335371294898	-0.000899207946963701	0.003604370351816732	0.004834786544768496
-0.0210809024127745	0.0001140608932604881	0.008105756375816666	0.004770858725911372
-0.009476971339681084	0.00447216773108983	0.002522875255278904	0.003874348890775168
-0.006280771210052652	-0.0001678628062428908	0.007135517336103221	-2.258757868223109e-05
-0.005632083683538437	0.0007885721781810471	0.00447563176914629	-0.0007099364304533634
0.004917436802050402	4.510387737499845e-06	0.001204328738318383	0.002158017044079814
0.008347951506114948	-6.783399280175187e-05	0.00312502203581371	0.0009092617037518395
0.006825361483816456	0.003229193009425961	-0.00207240827494547	0.003913330955848748
0.00533594492036061	0.001125755999255803	-0.001710935487601163	0.003877112007479515
0.01203653667972369	-0.00289860109179981	0.001879495041736952	0.004017624567230913
0.01046900704339917	-0.003029000103340312	0.002845758213582756	0.004691046447372582
0.009364462052346811	0.00149797448772813	0.001453145651251431	0.001156594211038986
0.003136532795027627	-0.006655856601163729	0.006626527779434693	0.002972856022198355
-0.01011669829154265	-0.004947882583899861	0.007110798418568783	0.009277015615899191
-0.04044732744396464	-0.007031010945918396	0.002454275828063185	0.01484252498661314
-0.04971283304854474	-0.007872907353153054	0.0006503516401819205	0.003961693880408741
-0.03799884813847267	-0.003227604598651063	-0.0001625287188807053	0.003122817282962885
-0.03400990520926433	-0.004750339704767954	-0.004499155722453688	0.002283317881704318
-0.03506057228769853	-0.001979380301220816	-0.004286131872180646	0.001651957916300766
-0.02250858043342452	-0.005584031988184474	-0.006243090610589009	-0.004657406695065393
-0.01089394660608373	-0.005571496064577149	-0.005221733033158972	-0.00180057842992918
-0.01212321359109819	-0.01018578125677233	-0.002674959120706842	0.005779868736097488
-0.00716389069580936	-0.009430227253631261	-0.0003686779592844843	0.006641046253209427
-0.0008103785093844342	-0.008079435646467145	-0.003794285665484174	0.005478817402147034
0.002617954959691706	-0.008514874972354432	-0.0002624759804980342	-3.699192757738144e-05
0.0127381361287066	-0.003961659847556047	7.262922014169053e-05	0.003098172574301452
0.0129326006080015	0.001403319202011781	-0.003620439733554124	-0.001840739866763077
0.01601582226086135	-0.001604436781711016	-0.0003420439134491767	0.003810655517248978
0.008155438541755097	0.001939683754772538	-0.0005344650836515153	0.006177661907048971
0.01436689249011584	0.006457044111314302	-0.0006165168741751598	0.002009975744935053
0.01105344314307236	0.00727278787095301	0.003498392405536549	-0.0002742431866500482
0.01095235898467606	0.003998997413633141	0.002911248492055765	-0.007355154820870482
0.01641800239625375	0.00441872590293184	0.002458482960740507	-0.006265741288053337
0.01305781703648908	0.003909887170900719	0.005456962070546897	-0.001073784883489625
0.00918085271645216	0.001778055821431296	0.002220992135744063	0.01166762934285865
0.00956562976260344	-0.003027635865741263	0.007869565340202122	0.0077713979593281
0.005005692481874545	-0.01487363757469802	0.004638054559935964	0.001803127552829406
0.003317633242746001	-0.02186008292397837	-0.001570118105764544	-0.002248516136381479
0.008658007353738334	-0.01792853335089271	0.003453433884760716	-0.001276121874862053
0.01081205413465969	0.01046067995786606	-0.003092728953799269	-0.0001830181478970281
-0.002497708753287448	0.0268943757358769	-0.0004674732987178105	-0.006885146914695702
-0.01054349831308989	0.007070765350162833	0.002290327315814229	-0.00474701156368062
-0.003755451076600792	-0.004696575546338819	-0.001816995222537879	-0.003257332700747125
0.003914564102420574	-0.006987612499576996	-0.009665449013890584	-0.002417714765255266
0.007291908137136639	-0.007534921127933911	-0.01155588992050887	-0.004546592734176224
0.00445915373720431	-0.009331052733125384	-0.007076751367437756	-0.002073478567580866
0.000833583800093752	-0.009675989706266933	-0.003918916065006139	-0.002706571502286663
0.003981913037917712	-0.007404830809542038	-0.001621555044084027	0.001951099137324868
0.003952655593974401	-0.01064877646352558	-0.003543841355575934	0.002688475314434785
0.003048206131564079	-0.00764580709843556	0.002203616347213015	-0.0005705722326136571
0.001184487404622059	-0.009947202737121711	-0.001290648497954822	-0.006200181577861559
-0.001754542630912457	-0.006564009470957393	0.0001333933145484219	-0.005273534228082221
-0.01027417271463603	-0.006394665298975652	-0.0002058290823239749	-0.007165083955769994
-0.0117029039381864	0.001584040046309523	-0.001470921623255509	-0.004884204622385946
-0.01446027489168828	0.005467290269634975	-0.001755983330314716	-0.003332648224518523
-0.002182866370145531	0.01159671273847199	0.003091429327259862	-0.001253469531078609
0.01255078107730149	0.01389837338266152	0.003112455769641257	0.001749235033095342
0.01044519830669909	0.02029794797000858	0.001246016128690968	-0.001029175567254864
0.01773351915588211	0.01520234183425109	-0.0002714218765986422	-0.002626829862037862
0.01877166420218586	0.01116774177598565	-0.004083472458082166	-0.00364452707610003
0.01150391983283935	0.01194688343772131	-0.002636776055015006	-0.003175946042622039
0.008894132433948803	0.00973969896176064	0.00166197170730937	-0.003972716794695172
0.00521530915825934	0.01173287393836089	0.002241965179904597	0.004501434792282369
-0.01290827432888376	0.01290911410094098	0.00815981135859712	0.01655366652811195
-0.04331298141771765	0.01597615001936184	0.004239908980034325	0.02199321919267445
-0.04544351489457359	0.01047313852462801	0.0007862324946712987	0.003053865620171582
-0.01759204258034573	0.007267225474117587	-0.002774387740575482	0.003027250176233153
-0.003367116309769162	0.006363641386394129	0.0006085857510220254	-0.001003283124655022
0.008000046215842112	0.006747469655245687	0.002657934310596261	-0.0007335653032202573
0.01248462205257075	0.002599405140138168	0.004109782585333822	-0.0004042940305673329
-0.002379523802813355	-0.004338986984070376	-0.0006345032569288834	-0.02106683004841765
-0.001277486659451629	-0.01052834455146647	0.003046444214481343	-0.0201066463656043
-0.001430351847056949	-0.01497898533176481	-0.002096290573859876	-0.00774849315127174
0.001576988834268593	-0.0159769341453131	-0.004010003033393509	-0.001161804079691316
0.002393286570996613	-0.01625964201388621	-0.002432223699213299	-0.008483620766180852
0.0094483146432507	-0.01215812661645945	-0.003490167745586782	-0.004337401880235884
0.01344761118272839	-0.004423584583014416	-0.002395503946180823	-0.002220786812306374
0.00759413592560086	-0.007634906175178726	-0.003549646374401249	-0.0001824640959990067
0.01299082616824675	-0.005317775429642857	-0.001957375217675437	0.007019673854599334
0.01126095275277444	-0.005167730912468227	-0.002387506826222167	0.005190240557196166
0.005573539451460528	-0.005509223797963371	0.001124945991973301	0.004928943631472405
0.002015465795604245	-0.001898953196102302	0.001278858562790794	0.003026969143746154
-0.001280630348890886	0.001139776747918129	0.001608687936339612	0.0001852047189615064
-0.001562558275376293	-0.001536095818815584	0.005041140277442356	0.004033488640567028
0.005815608085133324	0.005425427710190122	0.004496452655941499	0.005144396834026937
0.0009422237732905697	0.004897604993908045	0.00214433878850612	0.002583268093325537
0.006929424289278346	0.002835660867288033	0.001172862328762249	0.003024247293132486
0.005831731094205429	0.001078814232194938	-0.001752534951698946	-0.0025871350084522
0.002063999107899152	-0.003115014322595883	-0.002560968104227932	-0.0002958117441397819
0.004713449827759092	-0.002812470411067539	-0.0009645007620463317	-0.002781353718169592
0.004113423467961546	-0.0005202392985089494	0.0001431129898335564	0.0009532701603511151
8.660742183036566e-05	0.005668183828104271	0.0002225397783675862	0.004516412242107196
-0.006822342708102272	0.004311666913808005	-0.001614064338161247	0.005373044290166227
-0.02127989133843953	0.007056730423374706	-0.003646378822116553	-0.001431678194213617
-0.03472208018599336	0.004737914930965679	-0.0005333156935531799	0.001751130877163563
-0.02082726680673135	0.005622711621191044	-0.001272542570522152	-0.002222790750907813
-0.01280465497228322	0.002894169929690514	0.0008761769868149377	-0.00129378669365918
-0.001909393171741078	0.001363157910818756	-0.0001277551869524536	0.0009328709125369571
0.002709899653845704	0.004067410528835375	0.001338959053288504	0.00128246213865762
0.00701256817086909	0.004802898657783499	0.006183781491343529	0.001847512339732567
0.005414114332385686	0.007633537480248474	0.003405835486643646	0.0006036424679440519
0.007536545998750937	0.01030801565345923	0.001993769594305869	0.001446012756658426
0.004685271242387091	0.003324382126744456	0.004509180754400943	0.0002822118089047295
0.00638500194899868	-0.002126551724420674	0.004299321501055478	0.002872301144137227
0.007263611873467555	-0.008449820396606926	0.001555236198985412	-0.002747977483757728
0.006942187340531524	-0.01726270154312183	0.001902090359135499	9.761326167100083e-05
0.01296429853853327	-0.01309495594221321	-0.005824663737542466	0.0001270622236515087
0.01120263463205698	-0.01661671534095614	-0.001319162809285246	0.001264221035761302
0.008081240776846584	-0.01888596273153149	-0.002582015504673773	0.0004596252576819755
0.00351134890809597	-0.02058771369629797	-0.002901574065336272	0.00617195150304987
0.002817626092446205	-0.008821542320998453	-0.004593238732326161	0.001861065861471574
-0.01436798803639494	-0.005997677400538968	-0.008967633093670459	0.005638012808946441
-0.0134979062994028	0.001819797748240431	-0.005274084343363008	0.00371864100802077
-0.004364429043539401	0.006522198534377822	0.0004037716133007189	7.535139659648285e-05
-0.005071710908273881	0.002971948583366074	0.004319370615419989	-0.002235252120226299
-0.002557760920391703	0.003051175415689385	-0.0004636392163342116	-0.003579929243696027
-0.007101800844864365	0.004706265308541174	-0.000848118419918538	-0.0001963209256998387
-0.003673740324322627	0.006999696236519214	-0.0002139713449063257	-0.0005674050765191808
0.007729089812735877	0.002383614394174646	0.001903676102344997	0.006294944104482586
0.003604557168748944	0.00171473410090516	0.003417334803849223	0.01216872016398604
-9.989837936623447e-05	0.007193037997058292	0.0002834712741536709	0.005749413302762849
-0.001242561492233616	0.008168523658036475	-0.003608227757562218	-0.001443759286486692
-0.002900830455707049	0.01083959768886491	-0.00240220293893352	-0.002724881124956082
0.004101385932688695	0.00447593943797244	-0.0005441243899955211	-0.008445809160711472
-0.01964604096807909	0.003932121503433004	0.0002258717437445464	-0.01627212986037965
-0.01485379616378885	0.004677994807142111	0.00319468745677476	-0.01285690666725598
0.003618625378970386	0.005983228641998385	-0.006124474316523363	-0.008468949175188187
0.006917099588863776	0.003970592650069968	-0.005302472900017857	0.001515317853741811
0.008100256090293658	0.003132053228737035	-0.003735182350478044	0.007043684894741428
0.01045484574691174	-0.001446119734047488	0.0009134200219645972	0.001558841966420903
0.0130143148506057	0.003957433544811139	0.005080360952973602	0.006128351033839528
0.01380188267899304	0.004045710740068096	0.003665775473764989	0.001155851205852773
0.01178935959966556	0.008231448556006675	-0.001194281118689555	-0.0009035688446823106
0.01079847059725647	0.01129833182117008	0.003037592473710691	8.531476394940546e-05
0.01119636478237156	0.006554387059838432	0.003435148207447783	-0.005448445290443903
0.005575269477283279	0.003894091754886281	0.005695225812582204	-0.001802587386647782
-0.001448195827870978	-0.002878049884282813	0.004373929384889307	0.0009627169404116554
0.00102017354399073	-0.001979919254055777	-0.0006811604588284832	0.003334478667522233
-0.003018401130240974	-0.008210603925942063	0.004696902686190847	0.002582929063551498
-0.001559898096464196	-0.004847041969851889	0.001778110977021689	0.003445443296142823
-0.003374601000126251	-0.005631809499171199	-0.001321378423053915	-0.004688877472358195
0.0005651406880756108	-0.0009175276477200296	-0.0007612496589684	-0.0001820880290070884
-0.003514779471763285	0.0008526327814659196	-0.001294202191727773	0.0001751139365258042
0.00504792806374057	0.0007040744080314168	-0.001482366397355806	0.002165245289994653
0.009255629378269205	0.005052244534196825	0.0008681467129489198	0.006053268786563668
0.0008505320746187712	0.00403379554321723	0.00604962035482363	0.0258039489628097
-0.002792306228679183	0.00853883930051603	0.005912830247371836	0.02103240195080244
-0.01754305496188527	0.002852535009144604	-0.0002330520124676723	-0.006292834438631554
-0.03452394118212158	0.001250224979268246	0.0003397442546141466	-0.00998814138017975
-0.02724230599050553	-0.004977798501384513	-0.000556459296403017	-0.01878235823623386
-0.02307634242862667	-0.008578047276580977	0.001982204413537368	-0.02484411149854971
-0.01087650154656857	-0.01098803759036753	-0.003843188091542006	-0.02034682477090381
-0.0001005823632838543	-0.01021940354467699	7.215635502372844e-05	-0.004943254268679969
-0.004427920558673535	-0.007599461115913623	-0.003168464777141526	-0.008247589321336207
-0.006692780414202972	-0.002563972329848563	-0.000878333520008779	-0.005556061780427502
-0.003380135285207995	-0.0003933734705035549	-0.0002240921698969073	-0.006356198100658743
0.005720926351799675	-0.0008196165940504207	0.0016579382994466	-8.927861949974911e-05
0.009427128747390781	0.0006732940327811922	-0.0001743805277136618	0.0006642475643636568
0.006951109201711134	0.002138288261949247	0.00267474589610251	-0.0009904507829031971
0.007879167309171911	-0.0004224928639428114	-0.000270273970211711	0.003530885417263048
0.007183401812358853	0.002939094471070212	0.0009018168772917039	0.002419946896485445
0.002412002952558095	0.002654556124726893	-0.002903642632695047	0.0007123292122309651
0.001787425400991798	-0.002300166222445166	-0.001721936437389299	0.004544424917691424
0.002607238777280194	-0.0051347252350293	-0.002885909471702832	-0.0004871686052613304
0.00423455217679608	-0.01689191204175176	-0.004872037125746497	-0.0009489628811341052
-0.009678622610368877	-0.01720846054595756	0.0007897387614202351	0.002912004590996549
-0.006732188774455758	-0.01586037019893583	0.002065297709988137	0.000597115442618046
0.004892357447625899	-0.01559830780236549	0.002024226155795025	-0.006883470345649956
0.007103699141279556	-0.01445164666481534	0.0001538201186080967	-0.002505526876399323
0.01019351705300809	-0.006053433387886778	-0.001490135966303926	-0.0002502282651086289
0.002952454141164969	-0.007466793571452233	0.00188381230092326	-0.000555587846943865
-0.003975528179920959	-0.004965506738667972	0.003845361418223009	0.004271275523792601
0.003661969212879226	0.007760181530019564	0.00195659586394232	8.907785688722771e-05
0.006786682357245628	0.01336433728835685	-0.001152067061025134	0.004793538474310639
0.008980697088265365	0.00330837302989908	-0.005572547793566781	0.007339664880058729
0.006526747027559027	0.000198269210166956	-0.004662979783902664	0.01039796200418994
0.00181223972569881	0.003461944690630506	-0.003408671131498546	0.005107475599762616
-0.00891111677971107	0.002764511790627185	-0.0003257125521251525	0.007562305256656432
-0.004580431594793025	0.005351953697493895	-0.002113595014767487	0.01090298806209295
-0.01665528143958225	0.002201352341787249	7.166802122320672e-05	0.01065944120861705
-0.03180581513250773	0.008814161473276072	-0.0005085592829517089	0.0083611192967074
-0.02185636487281855	0.003338327954966748	0.0009526646512174449	0.0006988323497383576
-0.007423921498651735	0.002079427570642416	-0.002921473357227227	0.003620337347666106
0.006583952791568959	0.0038736784820296	0.0005201286626326932	-0.001327144389986057
0.006939002054595259	0.002252245841224593	0.0008862918131216423	-0.00118127928883554
0.01427585405538972	0.003844666926042402	-0.002339982731701573	9.049800467089361e-05
0.01775990752762415	0.002819916442362221	-0.0003605317797998055	0.001668995174424943
0.01515159462639054	0.005995553047812941	-0.000302104980171295	0.001781033091417969
0.01438640192018431	0.008448318980914908	-0.00151816039652912	-0.001030982277649455
0.01250513061088659	0.009126258362085837	-0.0008094376990646216	0.005205319164019244
0.0135268872332852	0.008659418075041298	-0.003953084983882923	0.003102846021219939
-0.003363031748395495	0.0111243125339954	0.002521373469268848	0.006404635812495729
-0.008481349237019379	0.003908911947837294	0.0002122474898874029	0.006963417923993016
-0.01314824424582815	0.002524060129128858	-0.003842238699500265	-0.002214634063990513
-0.008601968755160757	-0.000122698287293664	-0.01281822541746457	1.143183173628898e-05
0.004894373141134721	-0.00211348177184234	-0.005617165947609934	-0.005493660260875537
0.009134922085850304	0.002579948819606933	-0.007744943272848546	-0.009367782468275266
0.009283836983657303	-0.004549447841922438	-0.001805255977795927	-0.006628194528379656
0.0008324557172955282	0.001578937263633768	2.562502800708053e-05	-0.002714008094267096
0.0001931068375901959	0.001619349921765813	-0.0003822274285988341	0.0007956883095488389
-0.004593920747196603	0.00289371933955957	0.005391725768230401	-0.00271333349495694
0.003813373616344339	0.008979025146753111	0.002473974275112452	-0.001187292148447644
0.003681157930741343	0.008834482069792936	0.002032773360966371	9.600010970921031e-05
0.01004621936294735	0.0001568365537487238	0.003522873176550245	0.001348781724800033
0.004332025904673625	-0.0001704026586439343	0.006837585151200171	-0.001424026214383922
0.006987900309193179	0.01372302996452281	0.0102129470852863	-0.003305212211633043
0.005961852203928453	0.005610468742844881	0.00776297012627712	-0.001342152835118865
0.006188858776830097	-0.0001309585430704161	0.003374879549223277	-0.00129953545534402
0.003669504159476816	0.002712813259307068	0.00719670893516975	-0.006103460575575442
0.006281708725538558	0.001368241581160225	0.006173374655953665	-0.004533213874624581
0.008842154105387185	0.002332536149610819	0.003599196029824581	-0.006273134039788608
0.005703689186045247	0.002883958434544288	0.001586444839549559	-0.003289224866111409
0.005882617228709384	0.00765869139316643	0.001200900380559445	-0.001195169905331226
0.00460394060228759	0.004079290039834702	-0.002830104387867459	0.005354233755324816
0.001499257706395741	0.003208003559770516	0.001151069606205438	0.02011080273258652
-4.276751704251035e-07	0.00155493057439658	0.001425293990671126	0.02498441048713544
-0.001404798928215624	-0.002517519272389942	-0.0006351206025472023	0.009322833370597855
-0.007264781115687295	-0.006368270163920403	0.003147247056570218	0.01468614315832407
-0.0088839611997722	-0.01200421751590227	0.003559989074651415	-0.001251932622831852
-0.002057202354361117	-0.006491697170502747	0.005298062825485138	-0.02589168352665676
0.002175325901078126	-0.01298704481154494	-0.0004513737367904943	-0.02383785321611802
-0.006291087329803025	-0.02314960044814049	-0.002525371245111494	-0.01824303630972579
-0.01167291093335245	-0.02427295510534318	0.001007530229872367	-0.00883253072590197
-0.009120855575844149	-0.01407941016289114	0.003467666792684214	-0.004603137810536149
-0.008822839249022945	-0.006381871997890105	-0.003691629249309613	-0.007202189127397072
0.001965053934420621	-0.00148489842904099	0.0001104536915102675	-0.007656224482906382
-0.005685171155356813	-0.004923825001720857	-0.004577292771292522	0.00043578330333046
-0.01571214373234252	-0.009798053980583026	-0.001171091331045704	-0.001011478735672703
-0.02671597482013272	-0.01146238649663948	-0.0009011728941808946	-0.004781474713042735
-0.02343270738259142	-0.009667777517076922	-0.004133557785073518	-0.006298042796589633
-0.01534106204142093	-0.006038400981467584	-0.002204242866475566	-0.002745489976089191
-0.006526531438111141	-0.003185773575506008	-0.009317095684532017	-0.005759781786048967
-0.005821184487443096	-0.004879740079784999	-0.006332196928523064	-0.00100653690968293
-0.006441768272058401	0.0005094747145501356	-0.002360538678948274	0.003271258013949494
-0.008354195851765245	-0.002602606843987888	0.001584743462850631	0.006158523334437412
0.0001703323460974851	-0.002187429431882923	0.003633097068167121	0.01199050341935625
0.001270850011217245	-0.006584584657062772	0.006045452280125618	0.004266990354628185
-0.00100687464033378	-0.001128390762507356	0.002872642082906307	-0.001896762556787945
-0.003044149027433386	-0.003331947011118293	0.0009100778870432835	-0.001214161392672801
-0.02082558360458086	-0.002599942173936374	0.004187456730926483	0.001323435315264302
-0.01951844595819452	-0.003188306867617896	0.003399445805855122	-0.003110564729523571
-0.007341928185317813	-0.006098147274790869	0.0009509306236428188	7.665927087694389e-06
0.0004868477632624919	-0.004102349907107366	0.001095151302344723	-0.0004881230824643856
0.007970852025033453	-0.001577287806632943	-0.002413315966565263	0.0001191641032494498
0.01077427668207229	0.00204073100478609	-0.0007247071454240268	0.007872124296233945
0.000493291499305368	0.007016011404577915	-0.00143954649945026	0.005301378898541898
0.01391852222616969	0.00976206171530325	-0.006284371594258599	0.005376511755708975
-0.004274347090413178	0.007589747191106097	-0.002368929577965155	0.0054062802864069
-0.01177927365236114	0.009985169562838327	-0.007485270743468035	0.009489353778509707
-0.008429746284704786	0.009591531868207197	-0.004914079790296641	0.002928432556324946
-0.006829549740653901	0.009533720748809723	0.0002540850354528393	0.003053523141957796
-0.001585257753824062	0.00547020798340796	-0.002897973488578927	0.002234700461673031
0.01545775524747791	0.01138795024006911	0.001285835799724885	0.002283551585694637
0.02687548337203844	0.0154312731580565	0.001381748515397918	-0.004469087175993077
0.02801823582488738	0.01451778759119328	-0.005708063741093789	-0.001656738136037211
0.02874478328671854	0.01193656820662933	-0.001579204065027285	-0.002414591982173791
0.02497380854263961	0.01451694353117839	0.002007255285342814	0.004870045655952507
0.01877812538593361	0.01285732338260011	0.002264108600233418	0.01141301671831877
0.02462956500154197	0.01299510481089193	0.003140591483792521	0.004540957812696095
0.01502087743589494	0.01099988417962762	0.0008636883150976977	-0.002527537518738123
0.008244260992569964	0.005702843464696608	-0.0007700116803053322	0.0007691785374668476
0.0005420052917334607	0.01020553903935673	0.0003260015715832397	0.004054273611025921
-0.02038092258722779	0.001652150419771834	-0.001836285290629135	-0.005031602282313458
-0.02359631137735909	0.006450895901651403	-0.004185178267295092	-0.007024081202035848
-0.0006485934482362434	0.002571461528198077	0.004048409490605579	0.0005641554934840095
0.003524747627055125	-0.00122334881112095	0.003324825155580552	-0.002339941338677465
0.007148606697326602	-0.0007948813917833589	-0.003653409028013898	-0.001115722213523767
0.005866749536840359	-0.003846805591362205	0.003105021897837048	0.0009160396348912175
0.005035866784832055	-0.00371988821994161	0.0006306147138693657	-0.002087614493336127
-0.005650497332494358	-0.00472904855536037	0.003223818638683574	0.0003338184563226443
0.001226300988581476	-0.0007346409860197909	-0.002089105814442578	-0.0009455700466844642
0.01698368592865439	0.001516451222344335	-0.003556012868692891	-0.001733109160937183
0.02515076517869147	0.003493505860853363	-0.002836910768516751	-0.0001311760506742797
0.0167170469069885	0.005392341460602498	-0.002738353245324415	-0.003954588648774327
0.008594768815590187	0.01150742651762854	-0.002188483478877777	-0.003330810916643918
0.0175053210672202	0.005011774651307432	0.001821484971461151	-0.00157384377583622
-0.01723836555592462	0.003298422849559585	-0.0009159210900959111	0.0140024976558766
-0.03897667802132445	0.0006306911341922997	-0.001575525281471283	0.005986862067749949
-0.02090675387996055	-0.003333794186431491	0.002310517113772999	0.002749291995611636
-0.01414137016455917	-0.006954241752845074	0.0022975335321547	0.01650865926907457
-0.01855998034856798	-0.01111342592160595	0.0007463969009703815	0.01346318467427015
-0.01888220381745467	-0.01067816675798434	-0.001026395612042523	-0.009736129965283023
9.169736314779603e-05	-0.00320476181574765	-0.003663599359222782	-0.007557038934179164
0.003976448699782777	-0.003909455716612515	-0.001812286834573824	-0.007907714578187897
0.01000944037516955	-0.006094640488266992	0.004014871933575067	-0.0100432240960675
0.01014970367571131	-0.007895266046719116	0.004999651157627959	-0.007524544673930555
0.008674929620816086	-0.006955936674174734	0.002327120258437287	-0.009537203392355767
0.01142230273753343	-0.007631256859275648	0.0006013198904423493	-0.0230746165615504
0.01077660897398005	-1.928195661473893e-05	-0.003342365061202538	-0.007893546833329228
0.007180058442863698	0.001773378006621999	-0.005544136058102708	-0.001915526194475752
0.01511008125133018	0.003697340392826029	-0.008536064429114447	0.00602968676439935
-0.007946058814291924	0.003465548013872593	-0.001391499459778533	0.002775665530744427
0.002592678594396999	-0.0009286804075182952	-0.007765811221005887	-0.001009285201934451
-0.001132074577157574	-0.004588975299953635	-0.0007876322448305346	-0.001707895790701785
-0.004062174285176092	-0.008474661314800999	-0.002617851380919201	-0.00105881412949292
-0.003559700632264255	-0.01021249178024517	0.003047170903184087	0.001397721345968162
-0.004309459329942218	-0.01396640613699662	0.005670057266513573	-0.002547024746007767
-0.009868668696769237	-0.01656684682565249	0.004303474697797285	-0.0003331383665615405
-0.002715964012318776	-0.01137762586952382	0.006343092794091849	-0.004256047491738183
-5.682780580840044e-05	-0.0153512443129609	0.004911499678643092	0.0005355020235738506
-0.003029421219288688	-0.01537476136730296	0.005031589874723475	0.002593382181226019
0.002493802102704303	-0.01809766411712802	0.004041839940678638	0.002415787435236872
0.002299739007215838	-0.02134312641577756	0.002430265979099228	0.00475405014877289
0.0009301331192285689	-0.02477237838550771	-0.002150820896325155	0.000173430544869646
-0.002354487750365452	-0.01701384593717666	0.002435054089454852	0.003815968778583899
-0.0002420796569635051	-0.0125016159481611	-0.004168194118426097	0.002988249072256891
-0.001262244409329505	-0.00641486717065248	-0.002229218182225736	0.002760356930689351
-0.01165252638929641	-0.0077253688026971	0.001218873470650046	0.006310516618220021
-0.005122439470252268	-0.002560371827937901	5.084182923290154e-05	0.004834716870593091
-0.004638845031366814	0.005008241496723786	-0.0004305438603154664	0.001612818478115225
-0.009979616103785002	0.02662694382421614	-0.0009689501248070872	-0.002047320708737911
-0.01027901179005903	0.03311777920039931	0.000390290111677114	-0.00152249194894056
-0.01091336712852663	0.01545090516732131	-0.002836105112851267	-0.003018209997928667
-0.006319672390324126	0.007980874413184144	0.004147726181081881	-0.003589056254010259
0.002060091121766558	0.00818898131563249	0.006905030171429922	-0.002113191539937239
0.002804011116472029	0.002228985770119274	0.00729306263667167	0.0002557045637635178
-0.01580603720474213	-0.005910236900177906	0.00788043933165861	0.002806431068822505
-0.009015277998009974	-0.006390941909779389	0.009077372359853815	0.005887515304478574
-0.003369268800079357	-0.0007049351488595888	0.002579762326205284	0.00872716287545703
-0.01311697948098717	-0.002124621101628472	-0.0004849866865929019	0.00399660810426217
-0.01071416679212273	0.002292382266205748	0.0007721154523186746	0.00149389866438497
7.62473330539633e-05	0.005312423872195654	-0.004043737866046185	0.001598926136789876
0.002852562344266383	0.003203315795720077	-0.004037422000057339	0.0003425376362323481
1.229470441184568e-05	0.0016590722415713	-0.001919576854329407	0.000905357091908794
0.001739620871791746	0.002958334302565966	-0.001949141943824745	0.00389568778243864
0.007922816672302043	0.009749022211498126	-0.004536687333911502	0.001223921957681396
0.006058844097406111	0.009237965480236296	-0.004437625204593344	-0.005287430799017574
0.008005071027005102	0.01038326714717199	-0.002218684271988705	-0.004630283823867995
-0.003996693662759922	-0.005612150923501338	-0.003576646707705595	-0.0005773711646560336
-0.007066637890808825	-0.003047641560308088	-0.003553575476591098	0.004013899913143054
0.001059524369814237	0.0009160599323606878	0.0005469169262009599	0.0005037672464190794
0.01286818305243093	0.008258066939815699	-0.0004322996193138254	0.001658923444097387
0.009924365029840652	0.007173170796181901	0.003943636391535003	0.001713538314046511
0.01051086327082845	0.01019137219316679	0.005924508462166461	-0.000682229023687089
0.009910953495629232	0.01144499264122783	0.002315071207194834	-0.0009810118793468045
0.00345113742624296	0.01045159920274283	0.005415662378514953	0.001564844722259319
0.001203951441925082	0.01672813731916728	-0.001082662166773441	0.002435608101546034
0.003468426538522596	0.0158351180175066	-0.003129851848973228	-0.002983019202990113
0.007205521172922562	0.01556076306942781	-0.001923068180526524	-0.003349834248813719
-0.02550856756965145	0.01233011653938342	0.0007269471431558632	-0.0001589462587751644
-0.04787853054366215	0.008126744741642294	-0.002379916619976672	-0.003516496895484717
-0.03034012963994141	0.002253923970629403	-0.006181964042962157	-0.002003076373669227
-0.01146077336543898	0.001862355772109197	-0.0004442482050962014	-0.0008903669834744054
-0.001330757033609507	0.001432556799797223	-0.002260093318156704	0.0005444071569251046
-0.0008984106612714407	-0.00307239125074058	-0.00106851636074808	0.002324319589962398
0.01106731666702769	-0.006415996942233245	-0.003243943549118282	-0.000519605176808782
0.01231155998206998	-0.007367040898034439	-0.003308016221308261	0.002071521839803157
0.0153631563132304	-0.008971143329785936	-0.002924804950848688	0.0001871239538588439
0.01884136946391044	-0.003768083595359118	-0.001525219075698201	-0.003786982040572494
0.01034770238008847	-0.001904243384441994	0.001484502207342577	-0.003083606754788253
0.006178448334475536	-0.001454269950990592	0.004921393366324704	-0.005497618797649355
0.01199249907188385	0.002510231993915949	0.002547148254587258	-0.008042373246338363
-0.001282326254045508	0.000282123788881345	0.001245984793155189	-0.006080021034736633
-0.004758642790424443	0.001145197811677213	-0.002427533642461889	-0.00627502135226573
0.007900616306746929	0.001080357989075603	0.001843687916621969	-0.005852387796879374
0.01184538768616926	-0.001356220941926543	0.001145707148588135	0.002960064810864466
0.01218705581037852	0.00281608379471145	0.002521357139321022	0.01581262386302965
0.01410895651143956	0.003589489449694988	-0.002127773696388346	0.0108964607510658
0.01506450408394882	0.003253587552058148	-0.007090825564960099	0.002062961536779977
0.02720461619943772	-0.00279094046356753	-0.001771016408669518	0.003485561049104154
0.0172942738883555	-0.002052242802749793	-0.0013773368142565	0.004204618101638477
-0.003791996170401644	-0.005949928046679	-0.001262972065735002	0.006229702899939493
0.01343537573394408	-0.00190415511879372	0.00344362871717337	0.005904793772906515
0.01135433826247691	-0.002511531341789063	0.0003187908084840832	0.007730687053353448
-0.003424424772512633	0.002191959629285797	-0.002057443326120087	-0.003073582303958328
-0.004715209511924587	0.00309875301063561	-0.000647604336719938	-0.002725687289789403
-0.02417494608865647	0.008294308930575403	-0.000909524380194084	-0.00529582143747461
-0.01867758663607574	0.005500633796076126	-0.002837659709959336	-0.02002665319777573
-0.0100703401784748	0.005827586283215646	-0.0008543556509568887	-0.0177846072755896
-0.005791930158031383	-0.0009477718112532843	0.001156730923435888	-0.009610421117430259
-0.004931982936920667	-0.005994426394110322	-0.001530369062298307	-0.001140341876878839
0.002282243675660806	-0.005296340944819479	0.00249985731000606	0.001255493908749431
0.003462594884310814	-0.003735512050981736	-0.0004041075022239758	-0.003656405679243971
0.0002679192874853729	0.001188527226365994	-0.0004953392914657794	-0.006012814697956818
0.004330410353962208	-0.004658490775067147	-0.0003306438460768291	-0.00494026139871036
0.001324132030571597	-0.01105541315620482	-0.0008341919788133884	0.0001580509190885848
0.001258134990123341	-0.007727641900016264	0.002461410484470495	-0.005566874384939536
0.0009922982119136329	-0.008180938727920337	-0.002140623559803654	0.0003693719015704552
-0.0006451989298151113	-0.01918614468326944	0.006262438079156766	-0.0001463687002101802
-0.001889472546521425	-0.02012808562182283	0.001432152761106335	0.003569378958015242
-0.001883658777509268	-0.01651525655949604	0.002616237111117207	0.001108365516883162
-0.00487319841279917	-0.01490592226753442	0.001047745220408506	0.003436052217966518
-0.008315641517348066	-0.008548734973931308	-0.001071276042613193	0.003484891548082475
-0.01284511689377787	-0.009095555540799966	0.0001439996528665932	0.003504930167991637
-0.01343140831656082	-0.006761096109201559	0.002597093936562028	0.00612842785766919
-0.01310032956608674	-0.005516989195509292	0.002881281883317164	0.008728997433949774
-0.009539859356751397	-0.003966230033503156	0.001174108384804305	0.008492215708866303
-0.005513405775228943	-0.000878357907680481	0.001930143388154596	0.006200489215780525
-0.001841027412923304	0.007510764813480733	0.002321748883198768	0.007252302815836231
-0.0009903383190043801	0.005764430388173047	9.896875868241732e-05	0.004710931589913561
-0.001066997416007792	0.004084612967857562	-0.003009002783918475	0.001758488501046118
0.002447729547951135	-0.0005369187488325071	0.0006719651071772937	0.006220872907073226
0.006360473069066164	0.002492236955468568	0.001087325790034963	0.01337704729180073
0.002820204371039577	0.004850885534945233	0.001514659149586034	0.01089358900087678
-0.0005183325366285883	0.001627948892646795	-0.002073043614598728	-0.001115474314714328
0.002301582250151573	0.006642319099632689	-0.003808411413966339	-0.003112454636451758
0.005690704557308482	0.004741814551286438	-0.005771571027668249	-0.003181410487817017
0.006014810725026128	0.003927859641867167	-0.002843341977749549	0.006450865543425744
0.003373029811911359	0.006674953345858015	-0.001487812241919514	0.00761838671946354
0.005219467931701037	0.006495640309404263	0.01048699090866526	0.003864698830637041
0.003100344351360394	0.008092979256840813	-0.001065753981760138	-0.001174515815151386
0.002419662036751344	0.005914350771469284	0.0006225931336483732	-0.001571954032677884
0.00429349285294104	0.009659886557977502	0.003420855059742184	-0.00154043178547301
0.01120396594915855	0.009085322340978341	0.002585100329064689	-0.003218172952745884
0.01616935900873931	0.004244519027126326	-0.001299012493411756	-0.003706895607783958
0.01153271729138658	0.0002640016708714247	-0.002649457957507511	-0.001616975913986525
0.004712555583561672	-0.001566575689643662	-0.0007974860923051308	-0.003507474852648938
-0.009075619786039778	0.005801794831305582	-0.004534496581086544	-0.003805887132326988
-0.01005440044491089	0.004128167153923831	-0.002934528882926328	-0.0050463809504586
-0.004887906321401309	0.008087985949652526	-0.002425515552918062	0.0008292789957503816
0.001990545261907088	0.008433666593088461	-0.0009917075872908883	0.0004870636104465123
0.0005391524087419795	0.005365401848358965	-0.001380418116576444	0.000475602068780345
-0.006113702609071481	0.001923792007868165	-0.001188490078668353	0.002306963399294288
-0.001067026894471002	-0.006461706817414311	0.005700968105796193	0.00190786717957079
-0.002749870425989769	-0.008378455512576228	0.001528458126096177	-0.002426166530116977
-0.007385079930060622	-0.01165068396174292	0.005512620707542593	-0.006010120055008198
-0.006675003031934895	-0.01444927953965272	0.005216431153285936	-0.003097465359231433
-0.003215262246783283	-0.0128694674998612	0.002804629583421217	-0.00902309296175317
-0.01227667445521768	-0.0136887887207664	0.002569719643369986	-0.01129596943682843
-0.01867018409082821	-0.007714650573876343	0.0004106191491660059	-0.007414295481791445
-0.01174773905108519	-0.00542160179857269	0.003739339500208036	0.003039823375388983
0.0009910532969504924	-0.002345016368008056	-0.0009005290061133104	0.004724991674706931
0.001527126882768561	0.001659490888239909	-0.000823719579438833	-0.0005788735214589753
0.005605080878391209	-0.0004607916812271994	-0.008354448959632527	0.002567036923018986
0.008002523883871239	0.002859398012970023	-0.007293901051487272	0.005538688761967575
0.007571431839882496	0.006005536790992885	-0.007099306280554327	-0.002939407984999912
0.007114333206465494	0.0031921469289842	-0.006918984448131229	-0.01011189020831053
0.007719631495944806	0.004045135709380055	-0.003630836378074309	-0.008250317936818304
0.0008368879689302509	-0.002580508221629709	0.0008913868004971678	-0.002717950852613437
-0.01030641763953808	-0.0005476295918152304	0.003642321986883596	-0.007414149753049456
-0.003941458850199354	-8.079675789599504e-05	0.006577372355608239	-0.0007232351147422108
0.00178150973980334	0.004094771106262049	0.01131616674725314	0.005884154255634609
0.003278785217260471	0.00876919072362679	0.004708986864173919	-0.001201204179256822
0.007705141645453863	0.009305364830529524	0.003543988612450474	0.01106445031728989
0.01455899435399284	0.008264799368380888	0.005773868197078295	0.0211699065506525
0.01457230093284876	0.01134742289126048	-0.002647528194827139	-0.002772863362000169
0.01407541564628446	0.01161702946887055	-0.006521321066824147	-0.00924568977740256
0.008354735601113539	0.01136650230961788	-0.004266259530991371	-0.002336666431989379
0.01600377855370738	0.0164896036843545	0.0015108356644621	-0.01831654546448064
0.007129650088966585	0.01224276122478138	-0.004976310284744978	-0.02352618698970063
-0.002195891727705169	0.0005657284215535056	-0.005237976139701464	-0.008338868525253517
0.0003029931481706372	-0.008565126188615033	-0.006134507347820041	-0.0005050081402339516
-0.01043611625692523	-0.01286174220687332	-0.00507212015097492	-0.00380124637874382
-0.02986440563456416	-0.007835173508659588	-0.0007778009553600726	-0.001234823345941452
-0.05363807736167519	-0.009458446214427622	-0.000326679035031411	0.001499040145876042
-0.02581090200802594	-0.01175227195971299	0.001424677954220312	-0.0006559920107647126
-0.009875302004772721	-0.01649934879876517	0.001538191342473437	-0.001835403966773277
-0.008168080192945197	-0.01554680110579046	0.003585445403229293	-0.001255057147475922
0.000435126820024367	-0.003091470327655922	4.822508963776701e-05	-0.0006433364555464374
0.008835405388918111	0.01881407600842755	0.0003520562110925614	-0.001780890926454289
0.006558374650473112	0.01668772353646698	0.003180321732842144	0.006106975584712753
0.002311274685616748	0.008961243804712443	0.001990525048826115	0.00153748686285084
0.0123340373065402	0.00925135873193373	0.002890491899231312	0.001591512496747593
0.01365355420420783	0.004396950800549287	-0.001773883938951642	-0.0007092990517589307
0.008720380388034264	-0.00242440118666334	-0.001567363770674568	-2.17644300878602e-05
0.003042604211149251	-0.00158730405819283	-0.004393968685090849	0.002232904548147607
0.004574594379960244	9.594527774548078e-05	-0.003173674899511764	0.007332082727123749
0.001883638869378888	-0.004520296257484693	-0.002497019194994342	0.006972584542273968
0.00323406333206855	-0.005940406665620296	-0.001931666227519131	0.004886372841741483
-0.003155532299354611	-0.008884682766134907	-0.003982661507125834	0.002404857896947828
-0.01929244411433823	-0.007811416842682696	-0.003760502741590067	0.002990240104798616
-0.01647842733987479	-0.008872105331934521	0.0004463684352920096	0.001731214432735697
-0.005491450336414261	-0.005324043044889309	-0.002299587085552608	0.001749590060949205
-0.003630084689542911	0.0001226199656011069	0.004240167857971175	-0.0004666710383401589
-0.0004383845902670986	-0.002700922180441829	0.003326315062373763	-0.0001801513952462851
0.002191091884474715	-0.001597922832187678	0.004397957854290128	-0.004791748798854452
0.002747530572436976	-9.162128285597124e-05	0.005914332140596912	0.001390534502743426
0.00887567968826033	-0.005919513619122579	0.003068168862681691	0.004454989453765045
0.007149720080724148	-0.004276888537462385	0.003527336524686678	0.0002542341699264013
0.00802742032867014	-0.004457387557074679	-0.001464856942233749	-0.006951387490764262
0.003710790605918757	-0.00249513857039835	0.00136599503706192	-0.0001236705556585803
0.006800127952830419	-0.0001875099421802314	-0.006181316811568094	0.01471967528547366
0.008473581983455183	0.003662987702288974	-0.006589798772078689	0.0115916662889771
0.01210323461641501	0.007259837251807661	0.001648179872458888	0.008338579432522263
0.01081881186274927	0.00616546012348647	0.00543169299685968	0.007963877323013978
-0.001482895476750643	0.004195124533285704	0.004159512707584726	0.005578167769357745
0.003810256020098142	0.00235369781674639	0.004930065082598725	0.008494875352813316
0.009232703722571917	0.001456363506537005	0.006485987534685659	0.006785506167387688
0.01823822136282643	0.002309184902222985	0.00367252184353774	0.007461636253342457
0.02169331076553572	-0.004382569781411843	0.002378988743988745	0.004974769848334926
0.01615926985241274	-0.01301748436452298	0.006036256786345429	0.01984079567623486
0.007060408279476361	-0.006741619228671984	0.001359784107485417	0.01815383195463008
0.003271514308756797	-0.006805906838931368	-0.001625393422948164	0.001755991652419056
0.0009677001079869968	-0.009793281668256552	-0.00591609244373691	0.002385572281296031
-0.006811056702039008	-0.006710884615450328	-0.002319111778817842	0.004885156461727331
-0.04356293879644872	0.002238429911864892	-0.004733538757290901	-0.000523923116991952
-0.02979237428302149	0.004473875238302568	-0.006025697149666362	0.0004912540671696304
-0.02414970572677953	0.00514888173975895	-0.001559186155944314	0.002307315473339725
-0.01291939745274155	0.00714338855760125	-0.000882070918397972	-0.00504408605050673
-0.006319502549399231	0.008263226979748638	-0.001080776996315087	-0.002250498749289238
-0.007364567870241278	0.006625229267536102	0.005520444600623193	-0.009061116339220295
-0.004376577568381941	0.004119026257838277	0.003898001460155247	-0.02262379538436085
-0.004928445109947661	0.001387974016483016	0.0007988941753013317	-0.02011455125402199
0.003579794837623434	0.0008743621430242698	0.003552814063915278	-0.0113676095305174
0.003248263324578525	0.005132453105741862	0.002479382178391884	-0.005735875553179292
0.00610762959787049	0.00554510830472404	0.000440696794958907	-0.006372738624718407
0.001285096471578899	0.0004582641478159605	-0.0002147302941030493	-0.005670823180722551
-0.0001808109598865757	0.0004829339241631342	0.002326217912883173	-0.002020417066204798
0.00229921364195404	0.002403231864401647	-0.001479898631780255	-0.003866877431668707
0.001735600637141505	-0.0005088928120737778	4.063727699320994e-05	0.0003276934848137129
0.001647665011303737	-0.0008100587272604285	5.692214490438975e-05	-0.002327553234060023
0.004031605193368122	0.0007878604057889032	-0.0005735199651873426	0.001941670647493739
0.004206718005200037	0.004237764295876963	-0.002019422571946047	0.002815972762190618
0.00181342095165385	0.003228515657718637	-0.001765813968839008	0.002060332291193726
0.0002766279420241732	-0.002286914879363027	-0.005470343636145797	-0.00593073227409416
0.002465659598297381	-0.007446802541328239	-0.001145576138238676	-0.004161407545971552
0.0002048849727261546	-0.01172441488692313	0.0007015588307584874	-0.0009467344028554175
-0.003660434237625276	-0.008178099167553247	-0.0008176162649118331	-0.0002423053079755622
-0.006189091402331945	-0.0100302376533563	-0.001710694277113943	-0.005330721351221454
-0.003900225737417731	-0.00936939975721816	-0.0007330053845368213	-0.008737025714279803
0.001820666955290235	-0.005297834689000912	0.0003697852932816494	0.0007478624726987582
0.004475036031333457	-0.006480491178137241	-0.004112716994565739	0.0004900328940810626
0.007089881128043154	-0.0004132996432767578	-0.005233075660134423	0.002417730589252088
0.00353660691923954	0.001405815047827998	-0.001315136844412549	-0.002474686814703158
0.002579672273247587	0.007947996890901723	-0.007288896834202047	0.0002610772190474907
-0.01201122713161426	0.006477569509758048	-0.003060322675558478	-0.003464452155430754
-0.006147960937712458	0.0147684984539424	0.0006227548059541894	-0.001275243370689126
0.001382190817769238	0.01232438555240808	-0.001616210937041059	-0.005113483719949376
0.009225113365685066	0.0129321130265397	-0.001060860102162684	-0.00471650517187094
0.01242238155137818	0.01572848684898315	-0.0008454208628505245	-0.002303850057322531
0.005452653981931968	0.01823486700585631	-4.078574904858441e-05	-0.003506874830428614
0.01061094424779165	0.01366130525570547	0.001042457141894335	0.001612279435337462
0.00943789692197884	0.01413003398783802	0.001884202862686256	0.006149343117741797
0.009303957420567808	0.006568300385232862	0.00459786082696065	0.007004169475598661
0.005863009475470933	0.003088624852614567	0.004819435383362829	0.002052530554602575
-0.003686884463117635	-0.004586857730756517	0.002757914147383577	0.002179133361881732
-0.01620640354430714	-0.00183485699991029	0.005211354782234573	0.001103271729777686
-0.004190163117193365	-0.01082595474348258	0.001962853626587439	0.001777917659530605
0.00516479725036913	-0.01174638791961082	0.005762346655460791	0.002187713125839961
0.008297293274577939	-0.01688228562508163	0.001989601285947293	-0.0001860173876978601
0.009612608485067231	-0.0215535459490575	-0.0004571643143994648	-0.002020767041400731
0.006790534080620981	-0.01921028785834329	-0.004641100818263478	-0.003970900990367444
0.007640024862432206	-0.01170315712662906	-0.008590197367265738	0.00275993225998375
0.01123796403003022	-0.004624480892396304	-0.002751700689067893	0.004470594656129215
0.006558337983992133	-0.002509584543778154	-0.002103562331277887	0.01630080473867434
0.006350286439183179	-0.00110088925818968	0.004752466576930798	0.0174253925116405
0.001013874035468815	0.0008364400009675255	-0.001193854602792685	0.003365477563292235
-0.001006216521694962	0.00677826219349174	-0.0007250664872598364	0.00122436050633018
-0.009163310519278324	0.02570730732116124	0.004383471698521746	-0.003909265566707726
-0.02158668656145865	0.02496939638303031	-0.001142512168922164	-0.006652419620796339
-0.0276657334960164	0.008796342558903165	-0.005219927873060486	-0.004683762502871446
-0.02108076524572989	0.001534722349312844	-0.007309572597813649	-0.006315330126214649
-0.01723127479875874	0.002269916212998423	0.002049845890747031	0.01016275166564115
-0.00628519098897573	0.001756124702787586	0.005059937550736515	0.0117858274315091
0.0007266160625295382	-0.0009797112972229041	0.002088754066600486	0.004886622458574075
-0.001458214635009546	0.001105832849389534	-0.0006426177399123112	0.002151443483422298
-0.01094491468827048	0.001725671305276479	-0.0009474797055248529	-0.005243079955088529
-0.00656907108998999	0.001168181234328915	0.002018364396854851	-0.01969608550194862
-0.007308860489756422	-0.002634295862294119	0.0004610836067307522	-0.0187602187586968
-0.0004147826818483467	0.001658766091443835	0.0009287199498208179	-0.009835684371478777
0.002270483813376236	-0.002183270626514298	0.003277065055497351	-0.00581799425176528
0.002666933850548279	-0.002525539985673705	0.002943729618062864	-0.002520038179957583
0.005337353338036218	-0.0004387424580231322	-0.001482006462504909	0.0005471034011820541
0.01250416058580213	0.004817922991434936	0.003236419110417536	0.0002644368162930448
0.009937297691599853	0.005149797741330848	0.005642019187394993	0.001529366588957232
0.008051955911621998	0.0007875997310265011	0.005656284172152636	0.005269663101643287
0.01282818762683973	0.001156111495274489	0.003422461827659427	-0.0007440530189319728
0.01451876313314129	-0.002180334875719825	-0.0003099069513557166	-0.001067562335577363
0.02179309125876099	-0.002491645338366006	0.001383819466077715	0.003566602806857012
0.01499755434367256	0.002179676103512854	-0.002619784875440226	0.001318657837261406
0.001407636328057664	0.003936092338878357	-0.002937816207292356	0.001805180827686296
0.0006411417577175064	-0.001407886175535829	0.0005287052512853746	0.003691651889316101
0.003833932139641894	-0.002857904537469163	0.0005353107421473423	0.002113454154077713
-0.00124923398829981	-0.007093458680866315	-0.001663917471103763	2.67954364842608e-05
-0.01699088336573893	-0.01202296007603468	-0.006788149340226031	-0.001421781881872843
-0.03089142687591478	-0.00904990428755907	-0.001089737485425813	-0.003415898724580186
-0.03102356566956965	-0.008989835693251314	-0.0002543785296117341	-0.005861575331376243
-0.006356036842475373	-0.00550300199037803	0.001371271965140025	0.0008796111290483022
0.00746043838821	-0.007702268762665566	0.00353538425010458	0.009964226328996273
0.01195267474743181	-0.007435352295199245	0.001307877011555482	0.001851884257146053
0.00764106967687075	-0.005432354672411034	-0.0001634573866286935	0.003909912967189638
0.003044450989221861	-0.006883344502769039	-0.001922372937591121	-0.004084427578561186
0.0121862536144759	-0.008714876628440676	-0.00264348019986283	-0.00611880504300658
0.009092552656539904	-0.01062408013644497	-0.006871188709192694	-0.005221701232061399
-0.00412575207289859	-0.0139888076097866	-0.005080829133638431	-0.00106570339102303
-0.01107534297337133	-0.01195981647940971	0.003886137102461468	0.0005195176080763759
-0.01355640079961202	-0.009613687654132761	0.001228800026699781	-0.002582893809381381
-0.02565385560640566	-0.01226907597326326	-0.001989103246892206	0.000464029488827263
-0.03646266512908208	-0.009686024310935836	0.0007757506933576482	0.0002571502925834223
-0.00955419792078681	-0.007786865286986119	0.004823658466080367	0.001210002927100987
-0.003101339889583733	-0.008206672015540187	0.0011863964671145	-0.0002845583343954782
-0.005750493152770832	-0.01197994420071133	-0.001046779275142605	-0.003151927882896582
-0.005707213781728553	-0.01362798039237521	0.002926630003726928	0.00255519696767278
-0.003361055581141559	-0.006115299460064142	0.004717524886953329	0.006742612005654279
-0.01298585240961042	-0.0001448682872013994	0.001053675058867294	0.001999014167233101
-0.01809093331118993	0.008407221974904917	0.002189059170377352	-0.001886022988367732
-0.004132359707164171	0.01191717393489701	-0.003125990478679177	-0.0009369424689772257
0.00224049978551049	0.01409906776304559	-0.001322284149382908	0.006621325732335202
0.006363712752691285	0.01406387335284115	-0.002092725923762345	0.006564909004888249
0.006279327025432043	0.009541182925977026	-0.003742495395171799	0.001962321198918027
0.008285461481118217	0.008456130892660523	-0.001338159525366451	-0.002857960447224542
0.01444149828112471	0.003285795009300941	-0.001572932018701552	0.003819445003403551
0.01983899001258574	0.005077846582053479	0.001123342323884358	0.003349050721119624
0.02528982227301187	0.004100116179271123	-0.001651013764840693	0.01144442271150272
0.02829474344672003	0.003968101755910628	-0.003170152115161625	0.004209949408482043
0.01650334533632357	0.001268938815729844	0.002784803060692937	-0.002462294229253934
0.01063649367677338	0.005744203622612358	-0.00739151262590129	-0.004740521051026611
0.01409576946798576	0.00870330340016799	-0.00400320002855177	-0.0007293809618143518
0.01932979954107372	0.006184604592868026	0.0007209701891430863	0.002441469499369796
0.01622847071251023	0.005098049603425075	2.760560243006423e-05	0.007325335305489135
0.01378779969604042	0.007154314117833751	0.00401244534472271	0.005352033452813808
0.009033708581650476	0.01103115601071653	0.002254872909670237	0.007386761038446652
-0.004445547833035936	0.01131211801992205	0.001234498261251676	0.006770615887342057
0.003926242914838573	0.01096163029369055	0.001952303710702304	1.349662145746487e-05
0.00266476893722839	0.008460580542896246	0.00347038166522582	0.006004334863150649
0.0002636768139749454	0.008325028306040063	0.002111019923593687	0.00859301219423316
-0.001978376379488721	0.006065293432765245	0.003795457910892451	0.01055123622965165
-0.009375403617962132	0.001871105164497656	-0.002358242042223028	0.01660620630026328
-0.008868007119669962	0.0004047656869484835	-0.01121636060901732	0.001778701837349285
-0.03020389049067783	-0.005219194044342911	-0.009774621435401297	-0.02228935924942334
-0.03476033818337566	-0.008145371602538238	5.248403724036573e-05	-0.02662517926924059
-0.01691983070344811	-0.008280911286510952	-0.002771909335304862	-0.01276335102874445
-0.0106279759956465	-0.003545327326495497	-0.003266314350280182	-0.007388668677408644
-0.004959432021958894	2.6989705948129e-05	0.0001521834302022566	-0.003832918497110303
0.0009664714583893354	-0.0003424262097538686	0.001065625699963763	-0.00689944638670474
0.008565215893624254	-0.0001145204937592748	0.001676602828348595	-0.004484470165093504
0.00994541292516612	0.006333562539179731	0.0004773577133378972	-0.003186236162076412
0.01879183672486773	0.01262686845911463	0.0008197501958886289	0.0003435412652040975
0.02530912394578241	0.01030024773228017	0.002084761499016214	-0.002242239452892761
0.01776916705255926	0.01201537624945581	0.001942101089103097	-0.002537287474171333
-0.01544039844546726	0.00927741245747968	0.003297343238398646	-0.003142528623002483
-0.006627802203351009	0.0119618115427676	-1.860981984386342e-05	0.0001654502155426721
0.0008326431209790951	0.009485102210031484	0.003949662444980072	0.002600239186925833
0.003302651490056284	0.01157683212322394	0.0007113452534875753	0.002525966609394507
-0.005180769520672092	0.006097500415833205	-0.003015539245394207	9.611432172738298e-05
-0.01457544414744226	0.004236740907275779	-0.002248955671377316	-0.003134200157582425
-0.005404406062873793	0.006799203613005115	-0.0004217185756816693	0.001370825752806539
-0.01125759862875757	0.008861761815035868	-0.002287334493553839	0.001573013394096335
-0.009043573101818038	0.008192764418850985	0.0009677746343400057	0.001051238897109282
-0.003202023540717352	-0.000660022271471179	0.0009649126964251421	-0.004951418043349946
0.004288696240335267	-0.00708864550088807	0.004288727363714323	-0.00227376714944965
0.002319531600153904	-0.01085726920650403	0.008101291754623065	-0.002793440717177196
0.007817130596662896	-0.01323253246770918	0.004004528068072385	-0.003276078192601463
0.01243592052922284	-0.006954809191016397	0.002551224138091176	-0.003302590899677682
0.007049706966491332	-0.007091467862187455	0.004096357759395379	0.0004421998862388402
0.003692121449692759	-0.003917320909819114	0.003878644041158036	-5.372218331225879e-05
0.009495611686565288	-0.003409661367643606	0.001891221973881109	-0.002125238814370831
0.01021976656325571	-0.003625410688734683	0.0009193489520222898	0.002413626516863796
0.008441965363865357	-0.003236686410449107	-8.744209160577583e-05	-0.00178831631461705
0.005020501076738687	-0.001430308524480014	-0.003715006250647127	0.0004027977327409338
0.001717598129336525	-0.007022960280214584	-0.003866465885681783	0.001032777729021514
0.001912716411509653	-0.003962006074052535	-0.005639357622563895	0.005369493253207647
0.002512360566847147	-0.007576630846805481	-0.002325627525128768	0.00539680152738017
-0.004022005913904793	-0.007424037173961416	-0.001866720494350215	0.00174222608537535
-0.003958656336910076	-0.007171207584730957	0.0005186612409102645	0.007323092254698333
-0.002795747915833784	-0.001961023476597734	-0.0004135166926988948	0.01373368179466397
-0.0163071593022485	-0.0003253976965554763	-0.002025411875163538	0.009756780546720713
-0.0339953518756853	-0.00299415581755017	-1.12292367275124e-05	0.006199150718725695
-0.02274894283033586	-0.001331259968330853	0.001015093308021442	0.001325188200223964
-0.004236831766951037	-0.006735771056941621	0.003486722341137412	-0.002013115634824469
0.0006249896165085677	-0.01208926722269059	-0.001110702498331493	0.0007476328826661551
0.004169619875549254	-0.01423264634409536	0.001226742911646355	-0.003183649551427681
0.003778456443167858	-0.01376192387077478	-0.002132182370194095	-0.005152649315831001
0.003904147999835627	-0.01390510622548013	-0.00167346263422576	-0.00201589266067826
0.001937124536056825	-0.0138918410500006	0.0002423069897065187	-0.001419448348140026
0.001469091106618297	-0.009669186273377199	0.0002482533379355081	-0.00490193935835149
-1.322162622103607e-05	-0.0122113142665218	-0.002213939443508922	-0.005048367735018149
-0.01165031678422894	-0.01409598607372112	3.067548037061855e-05	0.001170329066826307
-0.01184946549251709	-0.016231012834906	-0.001191923996081024	-0.004953847368273001
-0.004567937539370694	-0.01321221065178094	-0.001112875899184355	-0.002397624184396373
0.0004781844222238156	-0.01203463369176327	-0.001975147549406604	-0.004010171396235628
0.002110426745562733	-0.007674648641607508	0.0009882165740496217	-0.0008279511075505653
0.001345268447462711	-0.00395887662516985	9.31898733857453e-05	-0.001033136438341354
0.006703162267878524	0.002058289629609815	-0.0009486989089842043	-0.0009815098144812825
0.007507514896061474	0.01097413922372325	-0.002591497733972937	-0.004183862100379908
0.005938369763233104	0.01342444915119299	0.0001201561123353076	-0.001091006482207936
0.003286582709454502	0.01497048727857077	-0.001132004825254425	-0.0003897487557105047
0.004217912083965926	0.0157571913183026	0.002282295184716326	-0.0001037327984529082
0.003448579718756512	0.0120241758900638	0.005553067674998536	0.003928718021571648
-0.0008010109664393626	0.01110405744025547	-0.001382621698311456	0.002977347134041755
-0.003884469383447998	0.0122994492632389	0.0005295131966450385	0.002403835102112126
-0.0003211922624681406	0.005698636983234793	0.0009962467354199245	0.0003184460259429241
-0.002637521273257876	0.009969550261817435	-0.001868103515427421	-0.002617209340122882
0.0009995966978697131	0.004884280962721943	-0.0006141163028238183	-0.001363397849004488
-7.528972686927145e-05	-0.001476981602327738	-0.0008095702349859133	0.005791152941102996
0.006433004033534688	0.007518274432392691	0.0006013417660858687	0.004398398727626129
0.002896907534906474	0.008896821235954156	-0.0007240435420638656	0.007371455225179561
0.002947275722972818	0.004914083738011373	0.0005265637626285954	0.004840367282068009
0.005631687893122058	0.005919422338111858	-0.001919313538314216	0.006348169719169967
1.309532601040468e-05	0.008390909573660219	0.002541243783105704	0.004830159502853835
0.001546832330219965	-0.001029967416491543	0.006754603986873648	0.01314879919412467
-0.003993527070981986	-0.00563894209910569	0.001710984122356679	-0.003032862045100304
-0.009071066385997292	0.0004866670784763041	-0.005858731458661484	-0.02336171434951622
-0.003224256675859556	0.002354893832434096	-0.006438988449922194	-0.02766553997489875
0.001102563785790383	-0.002060716840499382	0.002662378616594257	-0.01011661121920468
0.003879493974829669	0.003102241489736532	0.004182676449806626	-0.01009198543153485
0.004361312949756163	0.008525687895639159	0.003400315312949465	-0.009536578011904898
-0.001950016453686582	0.01009191148144326	0.006500976572902345	-0.008163288295676901
-0.0005415823234723081	0.01294765752124183	0.001344709292717325	-0.004228240306638367
0.006182643010849846	0.007598848647109545	0.001680986159547544	-0.005369548802446068
0.0090057149526539	0.00580857691779497	0.0004020061183143914	0.0011756548766464
0.01070190167832108	0.003852530437195547	-0.00692171909085367	0.01000991839322719
0.007893480335300839	-0.00124184088587236	-0.001902501580508509	0.007457938961739644
-0.001091430216614277	-0.005230492044589933	0.002575097185752936	-0.0006562118432054363
-0.002653466560093916	-0.01207001769995609	0.0004799389588167721	-0.005419417322098758
-0.003604798057818361	-0.01814779499060014	-6.270120884418557e-05	0.0005608768481259151
-0.00686811956872549	-0.02137780030729709	0.00460860406929897	0.006804172649314493
0.002291151551185192	-0.01440372745335122	0.005678797214551061	0.004035267603121045
0.0057196605711406	-0.01208740465235558	-0.001151004299321729	0.004565603548019374
0.009396915953740686	-0.004611478112488597	-0.0002431236399708238	0.005443038477407625
0.007488989760469651	-0.006225383938540178	0.002953342778321142	0.01403597793739127
-0.0005524299934930656	0.001596038708742447	0.002608542650673811	0.008380894485400314
0.001942526330674115	0.01974250193805127	-0.0008103279030542543	0.003426375292408044
0.003455463232600773	0.03013561212073261	-0.0005555096113261284	0.003086026489829881
-0.0209000872933574	0.03136787081112179	-0.002641556471495997	0.0002807561882388392
-0.028459503473994	0.0169277450838891	0.003101916511735426	0.003886349646211219
-0.03259839229155203	0.007847860820563855	-0.0001349457884938174	0.003059252749722164
-0.01456464366859332	0.002672114577283695	-0.0004867861459182193	0.003997776510789345
-0.008087301489948873	-0.006672787447350966	-0.00245491715903081	0.001538585892596245
0.001667051826630287	-0.01032938373757559	0.0005835683161185142	-0.001206648827618531
0.004982961321868548	-0.004672650858706806	-0.003323362424898767	-0.003066448462613794
0.006126703151097671	0.003423422644792154	0.001036740756500585	-0.0039866993132298
0.0105676036619492	0.003005162327566782	-0.0001801481892368261	-0.004090770599975427
-0.004506103580553646	-0.002643088404086663	-0.002807822665014902	-0.001416638984269373
-0.004330430875927175	-0.006940544891826474	0.0005253461090883689	0.002103810020443239
0.003248905988238433	-0.005098811426273792	-0.002467058236807618	0.001083113650792373
0.002273771781981624	-0.005752916217787062	-0.002111960212036388	-0.002901116447934246
0.002816209748204681	-0.007522086161716427	-0.002533161519460134	-0.001899638588323091
0.01305155267181373	-0.008652692462845959	-0.0002719315700747612	-0.003942184630455102
0.01265454141396404	-0.002873473792331886	-0.00454514758499785	-0.002588026257783399
0.01490923187107215	-0.003111469477679572	-0.006791089331933421	-0.005230321671620835
0.01677071267073698	-0.0003352965394503702	-0.002647218209358974	0.0006790230415517292
0.02039499271223529	0.002775081040927701	-0.00124788861466855	-0.00085297939865906
-0.005143277275854392	0.00497567823334939	-0.003351023632447009	0.008197302229757095
-0.005661586842251176	0.003340695307658644	-0.001265220979506023	0.008247445585631891
-0.01535846757937859	0.001525360431204823	-0.002915045813279423	-0.0002211155811048481
-0.02518988773964708	-0.00295092711321448	-0.003380199815158794	0.0007257442637051117
-0.03081637141399526	-0.003044602878547098	0.0003246081560778166	0.01009809643968747
-0.02706785293199748	-0.007437553040034233	-0.003352713513672922	0.006176461634642624
-0.01172280258414962	-0.0125218773046775	-0.001031376172556539	0.006041763963796077
-0.007148912231309377	-0.009245293274051472	-0.003192955271499452	-9.005721504265211e-05
-0.01879094366765936	-0.01053130667869925	-0.002966766953832999	0.001574896890969156
-0.001236966135318173	-0.006713922721721815	-0.0008163130068383133	0.006365699327387879
0.01289973282242024	1.405992140284174e-05	0.0001113254887291113	0.001878131626709464
0.01610430671040655	0.004781690963230462	0.0006164406761097029	0.002372604758525929
0.01269231081322384	0.005325209829789393	0.003169553279481116	0.00276259767073659
0.01435210949206449	0.002376474464665013	0.001367131305444138	-0.004218593212038256
0.0120009866463559	0.0001177279420688683	0.003681481561808667	-0.00486094096760642
0.004941152873199605	-0.002659363841844248	0.003374225511461695	-0.001388357230957532
0.001482544018649835	-0.001646697230399817	0.0009817733540941251	-0.002916534281986607
-0.01087829445575727	-0.0005162821630241615	0.006407303108978637	-0.004738063611453527
-0.02725628006151685	-0.003814102123933936	0.003656226144953059	-0.002597084281236866
-0.005444784118241446	-0.0007972098620132826	0.006447092854173077	-0.004348733815064583
0.01099683095027039	-0.00209138925737221	0.005477823731101815	-0.004544970745985303
0.01655923991570735	-0.0001202262125307808	0.005799886781752062	-0.004012065110390439
0.01394380301346483	-7.867037464219962e-05	0.00117572520683682	-0.002941883310783669
0.01367293897299975	-0.003443962340147041	0.005726380445903347	0.003074614401615461
0.01343362440018663	-0.001934203286950361	-0.002790302628906353	0.002734179080156918
0.009016458112296016	-0.00763032285349055	-0.001229199586751214	-0.004812340468969605
0.008542748405090384	-0.002620253701479405	-0.003193434609124856	-0.0002659868643938396
0.007400769069032677	0.0008941678810921614	-0.0006887420191214536	0.007946100921646874
0.00490729732920702	0.001336385353344774	-0.003832734718221502	0.004574281748821573
0.003210059193207773	0.001250930297728707	-0.007344706773200187	0.001886871993973143
0.004681664892951617	-0.001155461216167358	-0.01034802325556265	0.002980128259486229
0.008204893684184963	-0.002765124870044506	-0.005101406658637841	0.005928981251933934
0.00576124902830682	-0.003916153390248976	-0.0001440281859474602	0.004150306094808156
0.004010397136164903	-0.001294808992379544	0.003011016046133419	0.0001821517876690783
0.01232553769416896	0.00877996710545347	0.003219798072273119	-0.002778997758467799
0.0109258609464415	0.009977724158123985	0.005615620921177969	-0.001943899578343341
0.01036104572151811	0.01157589903585579	0.005860692690281426	-0.003395240194816797
0.01337834166052869	0.01381335328614481	-0.0009582104789625254	-0.01447610732973673
0.01016196838917958	0.006101022078060225	0.004414087040408205	-0.01578490949364529
0.007856704774411721	0.005318477758698014	0.0008276252541259223	-0.01132864255216614
-0.005209427619172822	-0.0001546703158260036	0.001426513960368314	-0.007975672575930447
-0.00330444492292149	0.002337570005839203	0.003384847966099826	-0.007253508107446274
-0.009443576401156289	0.004561564044978596	-0.001618954833036801	-0.00805736002280605
-0.007811186189889326	-0.0003495197470649141	0.004079208444778309	-0.005250117267775981
-0.009824163302412231	0.002595327322747082	-0.001792327175551523	-0.0008439115022388876
-0.003489371074559893	0.00975106148837976	-0.001297498484046271	0.003775899745161298
-0.00393499402118005	0.008447150050771023	-0.001372873634569311	0.01370559304465081
-0.007400257586488631	0.008991323436977051	-0.002874829086746815	0.01244131404402209
-0.008521859320694202	0.00876717453937602	-0.005174198373607697	0.001150874332882961
-0.005747500986887377	0.006967130969275293	-0.006268337857976989	-0.0003900266200755154
-0.004031922289390333	0.0112341923455471	-0.005214646707589831	0.003321252506028547
-0.004034524451270598	0.01323928224809345	-8.051674925875775e-05	0.00299449963088872
-0.00151717134083324	0.01643782261642026	0.003064125581291082	0.001767413110587362
-0.001686387862225312	0.003972953793936381	0.002558888734215601	-0.003188950350828531
0.004383663912094031	0.006571774752425616	0.003289114183232428	-0.004413654428963278
0.001690817364792845	-0.00153533820897382	0.002814822632219749	-0.001873262920893459
0.002294454765179317	-0.002374306467209024	0.004047024789046589	-0.004437744216900154
0.004508056243942645	-0.009574463194625816	0.001104879549091756	0.001395460894843796
-0.003168769550271471	-0.01214158353787925	0.003985700025237339	-0.0007185898062510459
-0.002004898519910602	-0.01327533788301241	0.00434920907367483	-0.008466169292801416
-0.00264698421772234	-0.002899173821079083	-0.0003450543265203092	-0.002131921512113933
-0.006990055183382479	-0.008628653697906828	0.002322729612533593	-0.001063277658873683
-0.01176016223983341	-0.0148080096218491	-0.0009983845155040166	-0.001358390025334982
-0.00934107496104709	-0.01805391111680492	-0.001833831781841834	-0.001121799304112779
-0.003593564113164338	-0.01409849164261842	0.002873132044114762	0.008614518583105158
-0.0003843587320241197	-0.006706314286759881	0.001692596425147754	0.02125562118722121
-0.003564770237326062	-0.01061189302825505	-0.005696865458511122	0.00238851668668636
-0.002120343295734724	-0.009425156858327005	-0.01206836253408916	-0.003655597504555524
-0.009398820623985494	-0.005352042234144298	-0.01249430155119759	0.006292416958951304
-0.01031519646710614	0.001758106086326403	-0.00148926860695127	0.00930787066298383
-0.006550410078323291	0.002250024956491473	3.343820251449346e-05	0.007235410399367284
-0.002966503070537657	0.004780955642586722	0.004543945276393705	0.009964484164262122
-0.0006150880825465686	0.008832331623241036	0.003446519197952676	0.006510350288427338
0.01409307862667125	0.004204855892691194	0.007326080907569258	-0.003999101420114098
-0.01086159142500173	-0.002147560847416101	0.003740762614803969	8.348085543789015e-05
-0.01776867390882862	-0.005196744991584052	0.00468124127889482	-0.009684728738670309
0.001508140787513948	-0.005643311787339047	-0.001910468717725494	-0.02286528675995999
0.001735422955053981	-0.003267034994539617	0.00326663467634653	-0.01347235027394986
0.002459547092087877	-0.002234380919697435	0.00261830837172716	-0.003437235682469693
0.004756201798417927	0.00257071239649198	2.628074586748435e-06	-0.00216123973519451
0.01340505058717807	-0.0002408755369917061	0.001211635529190024	-0.001495215471179733
-0.001949089810271093	-0.002142748986749758	0.001900984469374561	-0.00112048523053972
-0.01358897131989592	-0.001095283444841368	0.003702386281552029	0.001532570268196995
-0.001952475375021777	-0.004298039911238644	-0.001221550554009485	0.006048441383349808
0.007712273743646255	-0.005938426764423064	-0.001922898567119122	0.003256972391373613
0.01227172662614193	-0.008935243642039938	-0.004644046324060682	-0.001131208810842387
0.009543304577867036	-0.00535554352308124	0.001126320310675557	-0.005925028738183653
0.0150698498127617	-0.001782887513460597	0.001565537526622085	-0.004452207319368802
0.001380512563432375	-0.0007452745422837029	-0.0009116348894095763	-0.002401350671068169
-0.01014361467853133	-0.002130395905540869	-0.0001101226269452243	0.003001102040620191
-0.006543652022770231	0.003591765730635454	-0.0004276315478159038	-0.0007293005816128759
-0.003710248417009711	0.000775342401377973	-0.001044240817608436	0.0007705233305489588
-0.03850918642414091	0.003040224656537097	-0.001116543796691134	0.004638278453963082
-0.06751165214427439	0.0005017823257595565	0.002210316621854539	0.006020035702834907
-0.0325748632866189	0.003491019877019681	-0.002087609532246684	0.006938375093450095
-0.02056979497995906	-0.002956684068387688	-0.0006042267286092833	0.004390515770587645
-0.03164035125901762	-0.004420064522673904	-0.005429492018095299	0.003653475630050589
-0.03548002557618739	-0.01106825750135248	-0.004852758759910983	0.005585673922637698
-0.00904332147783417	-0.01274419123634557	-0.004952951906823829	0.004266674952942932
0.003461348530981372	-0.008902073186764206	-0.0008429069543576492	0.005781465889071862
0.005180591466450073	-0.001594316832231849	-0.004386183454551605	0.004781121834969889
0.01502248904433529	0.00829226946083665	-0.00488041603672262	0.001957471440102395
0.01454619460497235	0.004915180117270253	0.001576593538473741	0.001452160682751662
0.01436102438548337	0.003766999632594345	-0.0005858053638426132	-0.005781991739663237
0.01231592738908347	-0.001791866954300518	0.0008906605672180681	0.0008048864177176108
0.01416940777368255	-0.0009535279367806784	0.003591890979052697	-0.003444790896048882
0.01926653823806307	-0.0009037313877433176	0.00380690213232586	-0.003040842462519159
0.01432544954119454	-0.001694908850044781	0.002623970790217536	-0.004231941945172149
0.01797459389035908	0.001028829243549628	0.003205646396947973	-0.002851359520916856
0.01309715212954661	0.001986181610640632	-0.001205138602492083	-0.001111105957793339
0.01576588660223969	0.005918194828941317	-0.001098061598151541	0.007461140307411967
0.02417138321507865	0.01105747767902949	0.003030598851487076	-0.004019107146197997
0.02511459337678687	0.01406268094645167	-0.002204262410441928	-0.002537072628656096
0.02210098485757243	0.005830487499082597	-0.002528790729839744	-0.006975406544772575
0.02541305240840348	0.006475156882739553	-0.0001771989856826065	0.0001580696641394855
0.0217828163647711	0.008363056719619595	-0.0007469035551062194	0.005265368268748035
0.02346229570663257	0.01228481228751161	-0.0005696877661841601	0.0129153352690399
0.01691314288283306	0.01074604001744827	-0.001801960620049189	0.004273102406874073
0.02249879260287766	0.008776539139528	-0.0005659365214831816	0.0014167000865708
0.01768358044268572	0.01278614152162994	0.001987975622323404	7.191593640381308e-05
0.006222106585974422	0.01321497862098311	0.001197480176370841	0.002443657517069049
0.006474924104909397	0.01181855905914223	0.002498109600889493	-5.991607193392687e-05
0.008844588259673226	0.005657878781738765	-0.0001363001331796015	0.005772683862073529
0.008379998258249583	0.009042574383353685	0.003679548215019924	0.001430002254045314
0.007183311016921848	0.006259005357756027	0.001340424210462035	-0.0008210935086836119
0.007696585336093125	0.004034511541919964	0.002883560882580322	0.004923319879594962
0.008759009028471333	0.002704747336346533	0.0005597051895469453	0.004506478262432367
0.008381989609711519	-0.003689802231923155	-0.001709811763998395	0.0009116584253852462
0.002857184585633086	-0.007093940460794789	0.0004260687568497208	-0.002546321835926871
0.008955873025282961	-0.00578714976285561	-0.0008730980240391562	0.0004046251801066663
0.001690369238153305	-0.006394048201137637	-0.005356284621526914	-0.0003009245607190476
-0.001592340264132139	-0.004153306308045724	-0.006118668360831116	-0.01146674405888636
-0.006808025999451511	-0.005564692507608798	-0.007444299946359696	-0.01053136911538982
-0.008900674069727227	-0.004428001031778095	-0.002112667073936855	-0.008239910883140697
-0.01880357130538253	-0.005574477854479005	-0.003162599371584594	-0.008453152550454809
-0.01850312234271824	-0.0009051390905798521	-0.001146135510261366	-0.007194845043015683
-0.01472204310995932	-0.002612590417038296	0.001063606208219983	-0.006914309513097691
-0.01684993312475356	-0.001371064666620237	0.002532365029333898	-0.004958355491627566
-0.01416226878646687	-0.005031261875658173	0.009342493049612936	0.02150924138312008
-0.007883572827974595	0.0009142624404483827	0.004820804703092219	0.006903019825978888
-0.007327318715690838	-0.001981101181259198	-0.003492152378559165	-0.00366827903227296
-0.006790993607107385	0.002406276758383625	-0.009918086516318361	-0.003181026661333969
-0.001909525776544703	0.004546727066323929	-0.005123596949602259	-0.004252835600096812
-0.00528281077693313	-0.001487722312047719	-0.004314445501752024	-0.000114947201592507
-0.008573700208743507	-0.01094348965445905	-0.003797684859753117	-0.009304366000507195
-0.01234956919377044	-0.008301320046263626	-0.004020881121741525	-0.00671466881728444
-0.006388325545795513	-0.003369669948147076	-0.001754888239543435	-0.01561334824658523
-0.00979247953252369	-0.006266956377113221	-0.002774951884587587	-0.005844290383979323
-0.01528874264539405	-0.008224066360193596	0.00394705756261966	0.01200683370081682
-0.01920077741781417	-0.01220432314297102	0.003486721251226311	0.007447753324010789
-0.01063011155984633	-0.006406495229604907	0.002388433469793325	0.0009318379642244594
-0.00426775654896886	0.0004218471934457905	0.005854929087619594	-0.0009783203828402389
-0.001371411931512641	0.007107459934247697	0.002969817725838747	0.0004912837845309981
-1.872598240427133e-05	0.008139934847971809	0.007798028948858376	0.00320310168352429
-0.002761308326442292	0.003987785615772531	0.0128912863575853	0.003852938867260509
-0.004840624228965203	0.002089179112640159	0.004621135637404286	0.0001255707822980625
0.006143472513283081	0.002549688485021547	0.005530911305964858	0.0009253131859770256
0.009857655603740774	0.006600170356265723	0.004027248721308781	-0.002360768312414264
0.00618301210094988	0.004039464341525093	0.0003923172600362881	-0.006759310504133142
0.008504551823422897	-0.0001924247099977381	-0.0003720974733565541	-0.00898022424824582
0.002255125445709061	-0.007330118249909115	0.00426810075624519	-0.006681794686727057
-0.003538144940577054	-0.01230570027943235	0.003554976116532035	0.001785783906418779
-0.002316633304231961	-0.006501664916754324	-0.002351572576517477	0.001451492126446902
-0.003637584946942236	-0.010521193824689	0.0009487728491382877	-0.004063185025434148
-0.02114598419368739	-0.009927241727687051	-0.002634855751951634	-0.00181773695597105
-0.01858275370681724	-0.006134654457912814	-0.00232936637281995	-0.002490776966753126
0.0006777986765548399	-0.007461601346241908	-0.0001344991157389555	0.002940642811742362
0.001860732505554647	-0.006305667339396422	-0.002030610511400721	0.005909562192294491
-0.00866572107792336	0.007068903523973278	0.002250419157593873	0.008760970679409265
-0.01366155063780021	0.01340451734835609	0.002668019156009825	0.001916780885038152
-0.00988080056423196	0.0007658891579600604	0.004509210657966825	0.003607492144675026
-0.00803636959382719	-0.00378599360795338	0.0005373928433814768	0.0003296631115911354
-0.005843826917277599	0.000530015759043022	0.005033281710850767	0.0003097264042055912
-0.003485955104836656	-0.008319721208493922	0.001004198901324374	0.0009353670615954799
-0.008106756274513332	-0.005819609238275512	0.003085248185093095	0.002136432719888035
-0.004337144058224288	-0.0009769488030923566	0.004276357923453589	0.002266117358928023
-0.01315620297458996	0.0002090983386448627	-0.001867758839261991	-0.004002814099571964
-0.00662308760428084	0.009330243712608469	0.001559469269455091	0.001566117959897426
0.01026248535501332	0.01085832519003815	-0.001101376253904828	0.004809865107848491
0.01468731783385364	0.01168014077369196	-0.002642831376253342	0.006249805236286117
0.01812336489576434	0.01829804207975642	-0.001012728007380086	0.005065794937202612
0.01851884671309404	0.01007363285174333	-0.002843771366117174	0.004982606953347025
0.025337558542618	0.006163835276633214	-0.002110660303882568	0.003543555215256044
0.03021028504931343	0.006381675046299831	-0.005331661765785009	0.001293131342219889
0.03629743053892352	0.01109524320339975	-0.004311199724180035	-0.002041883532905392
0.02982988885987006	0.01127441916715326	-0.002101231059462249	0.001851957902486044
0.01766145507487158	0.01233062530016262	-0.001537270488564455	0.002014834326622048
0.01759730566765574	0.0100537599414621	0.004026668336237989	-0.0009583288138561132
-0.01512131699552128	0.007118200379661151	-0.003593297816893302	-0.002821927386572054
-0.04104128951062347	0.004665004143778574	-0.002964073763957061	-0.001112615731102694
-0.0400538657371755	0.002741298704616421	-0.001086314354874059	-0.00383248665900471
-0.03124481171402226	-0.0002120001618745199	-0.005066386797859	-0.002052225035516
-0.03325819016735689	-0.00459828672585711	-0.004081589832120585	0.003590266792007789
-0.0153487712945068	-0.002311807975325076	-0.006618466872911511	0.001824406602826357
0.000276002058266823	-0.01479354474970899	0.0007982484708974132	0.000848009087072275
0.002254879524598422	-0.02131640748808402	0.002499209887787675	0.002781044868347658
0.004014676414877468	-0.01908807281855233	-0.001311146394911533	0.001076225025704734
0.003132127018906434	-0.01532884190775854	-0.003303746666300799	-0.000297551293698309
-0.001458078303102402	-0.01393743700896525	0.002407227012488807	-0.00120760382634424
-0.006848361252891036	-0.01708606768773841	-0.002342982175226964	0.002723715401256441
-0.01172117354269908	-0.01472062003017081	-0.001222427756335174	0.00287488471430647
-0.0005155973378689935	-0.008457726546948712	-0.005341079208062705	-0.003916545648586149
0.004674197245565944	-0.008483924472270794	-0.00275048424738387	-0.005320942457242849
0.01540507566727391	-0.002386448139210176	0.0009198025293968246	-0.004344954538987648
0.01635803937047507	-0.004394724392718098	3.023551894004912e-05	-0.001382751694683018
0.01719066348188535	0.0004194293606157979	0.003831258963466329	0.0007162319555704945
0.01587760867580396	-0.000389468407574771	0.005970812250019972	0.01470249755739106
0.007762373876023928	-0.006588290058287734	0.00668218425795848	0.01502632269942282
0.01460859419375388	0.002009255649714423	0.002141951952539752	-0.006593341716410134
0.01985931117271679	-0.0008008824428494284	0.0003130735079002376	-0.006252195599608667
0.01675911140186566	0.004999132577820755	-0.003643229559297297	0.00570597177225202
0.004119146412319881	0.01026833453977095	-0.006049647208736679	0.01369403669852485
-0.01275826346745282	0.00932365339153054	-0.01110485107062279	0.006412868429938068
-0.003113201285410153	0.0093353052991356	-0.005978503613772453	0.004864360741955624
-0.0007932899121482777	0.01313439845395301	-0.00244749344591102	0.003207051241379569
0.00499731659828946	0.01209537823349273	-0.004046264688033013	-0.00673049850965988
0.01082407314629515	0.003694859656702899	-0.003294622488237605	-0.005602481370863389
0.009143702284755638	0.001688644128534285	-0.000969808886949947	-0.01207253420734087
0.00866250534860896	0.006125125945347552	0.002131926038385768	-0.02647656297251841
0.00552282791769992	0.005471955597396335	0.0007899387527504713	-0.02217372988282298
-0.01184790504580125	0.01132060313824724	0.001025588223245916	-0.00813220531783997
-0.01424285095055983	0.008696814061532299	0.005796470874896737	-0.002698588090417769
0.0005451860225284602	0.004185748559469626	0.003268098077517136	-0.0007320968996135689
-0.002658146356888873	-0.002101059094032386	0.004524612121246078	-5.856787496041769e-05
-0.004060318093394673	-0.008016468309151148	0.001743714902162374	-0.001350261883828458
0.0009910833652277407	-0.01229966015033868	0.0002921444669753937	0.00479799995874455
0.006777579512126509	-0.01593702010775107	-0.000802899038848025	-0.003405665911893093
0.006006908719998646	-0.008262756271584985	0.0001665911563271508	0.001453673368021231
0.01328619059937599	-0.007763375217399569	-0.0009460871873273831	-0.002239136915986351
0.005252072011043081	-0.008234435866201638	-0.0003760267360268228	0.000826478882580084
0.006749471815702095	-0.006069900828814	0.003143143383689364	0.005346222698587951
-0.0006571903704097172	-0.002798530218009863	0.002002161053707222	0.006613190903478622
0.00323883589256312	0.001734746549728943	0.001089119999147571	0.007803539853011684
-0.0002835447886816829	0.005371379459574469	0.0004906833227767431	0.003043226652058831
-0.01956736429356539	0.006987074921113964	0.002770020669691075	-0.002192872567634539
-0.01584531419922561	0.007222914255663046	0.001817925217455183	0.002517852176846241
-0.008661249703409597	0.004969079033367771	0.003017326467204874	0.00329729606242235
-0.004396986007959613	0.001875593851126216	0.0005975447349697461	0.0004489708171427696
-0.002328565657853512	0.005413373638525265	-0.0007185619192875801	-0.000514245079905968
0.002119735771046065	0.005009027435639636	0.001214505369898133	-0.003347778179028334
-0.001529986732582709	-0.0002270913749670036	0.001270698538601738	0.003626839102016246
-0.003609471377240881	-0.0009241453842234155	0.001199177602087333	0.006503299438209213
0.002472584011024043	0.003509305057068019	0.004712379460588022	0.004132994180070344
-0.002987088691583871	0.004018064712200143	0.00319474320105645	0.002444366709479162
-0.007875480901264593	0.001266549960459947	0.001934084726991016	-0.0002471657651505682
-0.01043137872965485	0.003550613118939764	-0.002574576588248252	-0.0005112200885274012
-0.002144994280079195	0.004800284651981095	0.00216929284708466	-0.002916088414372977
-0.0009306096459298787	-0.009416272259592635	-0.00352291581094501	-0.003928720160596481
0.002051404324549661	-0.005599428160883563	-0.006518515165696888	-0.005565305555963963
0.003456089425219635	0.003975270875700605	-0.001225308318407113	-0.0003436220395051853
0.004538396126698642	0.007469307437779026	-0.005651814246856726	-0.00367956465014871
0.006920416296461835	0.007367755072951195	0.0004466766979650912	-0.0006791479864780224
0.007504906751712804	0.002169109820368021	0.003414739026023156	0.004158056037638583
0.007162118203734798	-0.003724163785327713	0.003161410791009816	0.01960099999451323
0.004944156073530307	-0.005830796773977329	0.006416656581923825	0.02018203702412196
0.002785897310920084	-0.003794830961592637	0.003098334564595109	0.004496621822567411
0.009507109897738567	0.0008335803137177568	0.001098169405158279	-0.007643039138117794
0.01084452520662134	0.003294827505840973	0.002418382547182968	0.002487230231088897
0.007079051555027539	0.00850312432134071	0.001494551880978062	0.005531354135169211
0.004538160538442757	0.009910671775060213	-0.002577217259247493	-0.00147974983955738
0.004048408244875087	0.003425958231979444	-2.156024581911621e-05	0.002562155401598724
-0.00236871119578645	-0.0003579839177628649	-0.002724432319258115	0.009197928841114398
-0.008292842801604144	-0.004037174711655836	-0.0004278786155188679	-0.00168181740765851
-0.01060651718264361	-0.007227996727487864	0.00185541701782363	-0.008344720826169938
-0.01125684588350198	-0.003571965278240536	-0.003931652740249232	-0.007536615533067427
-0.01132994276892132	-0.002123430654322448	0.00404752127036782	-0.01884882364479688
-0.006480013403565297	-0.00201897875600666	-0.001020309075827597	-0.01632007022386003
-0.004462117366885073	0.0002909769342494089	0.002299783819539971	-0.01340200657031934
-0.007098670988172606	-0.003464108432954344	0.003387132328394222	-0.01036116695848165
0.0001607734630062605	-0.001201529924660454	0.0006262679042356835	-0.007286378067533294
0.001238637277174847	-0.0002284008836870889	-0.001756896675014751	-0.004318191111524096
0.004444987178473782	-0.00166090563619083	-0.0004109976097525221	-0.0006033246444890568
0.006471563678844749	-0.009590109550661136	0.0005984835821053622	0.003674858553643286
0.0028992826125337	-0.012490521618959	-0.001517461359414129	0.01208762131758462
0.001725615681177209	-0.006390911464851385	-0.004858355313835786	0.003916331530865605
0.0008693072927293242	-0.001952856320697367	-0.00820745906004095	-0.003439067763639048
-0.01053481765645378	-0.002906650685791386	-0.007233404891637106	-0.003078470692917466
-0.01159016086814976	0.002842133739009897	-0.003469340672678225	-0.001639965511606514
-0.02574918314279237	0.004504144905665705	-0.004692332049207773	-0.00211985120977251
-0.02818689668153637	0.0003080339678324022	0.002200503833956321	-0.001319649886093559
-0.005966835614354201	0.002446509477860092	-0.001175794622363629	-0.001207940543391113
-0.007982463768344227	0.003258368079844674	-0.0008990420211534722	-0.003751382318454372
-0.004859688949525971	0.0004614263832553037	0.0002605512891288664	-0.009167045317723707
-0.006842951042683748	-0.009158117183696007	0.004160666160782313	-0.0005168665854893036
-0.00340315622659048	-0.01622323060271733	0.001665313392135815	-0.00210717911526611
-0.009882599686474069	-0.01002085122436405	0.001567822314598098	-0.003480771082747742
-0.0104851624089506	-0.002242696986661624	-0.001369342890380196	0.002431273911695037
-0.008442998038900387	0.003724610203418999	-0.0002481801480530163	0.002934338721289874
-0.0068466761421168	-0.001826185114666824	-0.00365245370939381	0.005749540719968534
-0.005137019903361918	0.001121009020861395	-0.001834073511862543	0.002546213752788175
0.006303928317254891	0.001335111736954554	-0.0004302068749218255	0.005378605090318775
0.005426724077486643	0.00617959735777767	-0.001266151443350933	0.006648917906211062
0.005162001196125288	0.01922078554353429	0.003333892725638387	0.005723440044255833
0.009507414874896781	0.01837801506351248	0.001640732122947037	0.005909303542563695
0.00905452947979472	0.002109953318856178	0.000937415659027055	0.005641583517553268
0.01279141849114924	0.002445714567615439	0.002573586855935169	0.001134190842204296
0.01900975182590355	0.006190287028950714	0.003907423161752029	0.0003005251321582797
0.02028117499639139	0.008861234229791267	0.003775900802690507	0.0004434460744290193
0.019837316170508	0.005542347809993337	0.003593825278301751	0.002580007425913879
0.01334984999459405	0.00659114853455025	0.000793232984014438	0.005753581704153098
0.01198504349028158	0.0002371131388054641	0.005894861008470805	0.006062234793349159
0.01294092357309443	-0.001033969594248647	0.002418286130449074	0.004768446317704318
0.01394964665020629	8.651696396422625e-06	0.002627997297269237	0.003196320342563667
-0.001829331603236459	-0.003920281574703731	0.004881385048680019	0.003778753021933869
0.003840940056469967	0.001342153164461636	0.000126805789704548	0.005658432795421117
0.01047689827867552	0.000411234320813957	0.004423380034476643	0.001031863182817313
0.007272662222308175	-0.001843584429349769	-0.001402998211994378	-0.00112650713740954
0.00557981124853037	-0.002607108889723179	-0.000916980698788217	0.001694002055413033
-0.0004292736949649504	-7.545527719349362e-05	-0.0005399627388207473	-0.00195273275259184
0.006642408592174915	-0.0002925888715413537	-0.004026495321472716	0.0008810106307921215
0.01215876258433764	0.003195904181701945	-0.006216476556645772	-4.547582188533234e-05
0.006975459345518713	0.005270781698129728	-0.004173500028400255	-0.003609327334664347
-0.03691817640827096	-0.000951802741747396	-0.002973961306687832	-0.004050727240576124
-0.03724472482852206	-0.001705552668954808	-0.003129326288469752	0.0001523035905827562
-0.008687350699062811	-0.003891723792534691	0.0001414259882471838	-0.002107817232111685
-0.001600584257918274	-0.002946928640014095	0.004031187998622339	0.001141056136116748
-0.01671848966687313	-0.003851225454350119	0.0001989406481999635	0.001406752189449288
-0.01669674277366147	0.001374027721827629	0.005504914108265717	0.01639073475781026
-0.004287662632203966	-0.002974713231782079	0.004753172346123615	0.01051310211513032
0.0006844927992458848	-0.003282491424946129	-0.0002234994868370435	-0.01163075919221306
0.005800285545433978	0.0001048981358731941	0.001322708304460015	-0.01272039877706453
0.01746524440234176	0.004277348797073854	-0.0001061782494466921	-0.006360525145233113
0.01770526608845677	0.0001325272874260692	-0.003356927536072743	-0.005553185136200269
0.006799486693097878	-0.005300206032549937	-0.00447955660748765	-0.002586747064305272
0.007478089136137497	-0.004607799154726108	0.0005146935801926764	0.009168187474303943
-0.0011613072639611	-0.006870786358740343	0.001064507001098136	0.004643150110451843
-0.01000978435967615	-0.009208250007988507	-0.002693223529197882	0.0003315052406159533
-0.0208975419672196	-0.01147167912320292	0.0002585754277869418	0.003345181472747615
-0.02903935385941408	-0.00753030550587579	0.002094187624194707	0.00611445389716761
-0.02011936887945466	-0.00682694884309298	-0.002683055810471563	-0.004748312302077089
-0.01270219030872049	-0.005419048182328383	0.002015378242174301	-0.001953144862823697
-0.004251704615041842	-0.006775102551378687	0.004567747646611591	-0.002734761798691871
0.004364866962300282	-0.007917345895353124	0.002262728427198373	-0.02351922680673086
0.00362469818465235	-0.00399479496067584	0.002371208017836256	-0.01803606714176528
0.004515584583008117	0.00410621237386473	-0.002365998601398155	-0.003722510932360661
0.009220455588792519	0.009172879310809016	-0.006863525006628181	-0.001633487894353132
0.01649037573887985	0.007985406040641206	-0.008466493781222188	-0.005563413170193899
0.01791570822788589	0.01236185293538005	-0.003676652544072549	-0.003025994598995973
0.01672817999805169	0.01114684355813977	-0.004983721614808887	-0.004728801389542153
0.01750043558943593	0.0117868403363974	-0.005437700675895463	0.0007045154323432269
0.01758490091358279	0.007323930397217853	-0.004544719319112971	-0.001388843885757964
0.01376277031988976	0.001157452487291075	-0.001967237818997054	0.0008273167067490701
0.01337532591552249	0.0005524671348919969	0.002096155595010081	-0.001376909159543276
0.01365089122185443	0.002419710483866914	-0.002809046320574556	0.001047582872270747
0.001619266522831688	0.00344515784407654	0.002473724216512863	-0.001275216541218071
-0.006515185514944497	-0.0012502050269085	0.002366871935422278	0.004930094571396114
-0.008560430113016501	0.002078363737291417	0.001546488452185423	0.007346347577057751
-0.002612504711880015	0.006322516835557772	0.002830764419711631	0.003244694147370755
0.00136499148599955	0.00773556265059288	0.0008278223585766688	0.004520653436411152
-0.0002870325850250281	0.004466702891351594	0.0003762961565022416	0.00459562754202225
-0.0017635835656385	0.002061914894921559	0.004453387821745371	-0.0004578862344057668
-0.00340436554945445	-0.0009504282728587375	-0.0007302094250845106	-1.141951927889185e-05
0.009787814574285675	0.005059851735575615	0.002779899037028703	-0.0036407363138293
0.007511865890453607	-0.0002525564782887011	-0.0002854735645419129	0.001375701019008158
0.007543305765023985	-0.0008953048345001752	0.002570483640177307	0.001765538733600463
0.004883851023632359	-0.00345522757236067	0.001770606430556519	0.004617550678857183
0.005424741977246561	-0.009612626433605531	-0.003789845501998553	0.002612482489122254
0.001221862366038845	-0.010554540145789	-0.004375896721190809	0.004404063104916049
-0.0002543908160751896	-0.01359851444419897	-0.003072246366294495	-0.0003007257146556475
-0.02360191225228461	-0.00661448976696647	-0.00243678122065847	-0.0006901088549457812
-0.005727673740918592	-0.003545764676012125	-0.002783742406993312	0.002299690802937053
-0.005433782538981546	-0.0006083287938658298	-0.005936354205531255	0.003493694270195233
-0.009720601517726409	-0.002388197736070317	-0.006915507501027062	0.006147053918072829
-0.006020275693660797	-0.003359608337077712	-0.0008665320232768198	0.003334088752980004
-0.003321872645069791	-0.0006746376270305836	-0.0006581644631957891	0.003832432092442598
0.001970580799999066	0.009216927846436369	-0.002959283153614339	-0.002692888316220433
-0.003757514021680844	0.02922889455112328	0.002116661996954062	0.0002869017134875677
0.00178414064826134	0.01642043537258721	0.003353141169597011	0.002253710496758768
0.0002205186642060889	-0.004675725264300861	0.002406773347313159	-0.0002043372004833082
-0.002764254853137799	-0.01080085798342387	0.00536780598830558	0.004559784213003924
-0.006841458406043238	-0.01018816342103136	0.004520414493766595	0.00111655058854239
0.0001615294884822336	-0.01078111239016212	0.001622657574016513	-0.001544451274092312
-0.01651871409579442	-0.007204184193875099	0.001728905481499801	-0.003663159128452456
-0.01787396442024526	-0.008059914400986195	-0.001018296792971221	-0.005265118192492891
-0.006963985779263934	-0.001417171500077099	0.0001437563117195585	-0.00914937273319078
0.0007650365531395897	-0.001842907676807494	-0.001263357044798491	-0.007403136076515992
0.00396386901419462	-0.00249652141098898	0.002340376718807943	-0.003725968349679083
0.0006834018101105104	-0.003418111472960637	-9.274573306078268e-05	0.001811918609413528
0.009127224382608793	-0.004713580347972902	0.001039966008624308	0.002988055296748533
-0.002190696150320188	-0.002503508638065879	0.001613462329944699	0.01481884459847721
-0.003559567654185337	-0.008780094634067204	0.007238490630973906	0.02001275499676672
-0.004124828386109416	-0.007563251249989737	0.004381074104445363	0.02461240796164058
0.0003445594346844986	-0.008910819835011257	-0.001415401002628578	0.00136619395991581
-0.01611583636192492	-0.005315541452801704	-0.002508828356810701	-0.01141828158008434
-0.03042074803868831	-0.00263919788653605	0.0006929519961821119	-0.006543264556001614
-0.01958297868034	-0.002247940886276925	0.003179589901691502	-0.008200567622886663
-0.03474881732365587	-0.001255206962995029	-0.0004847951024581242	-0.007047779767194904
-0.03352296211375313	0.0007305376093061647	0.003261255194215566	-0.0005684505533261968
-0.02038402003127422	-0.002995281529936087	0.003916619046750816	0.001800699966706765
-0.01127599922364359	0.002179392153490808	0.0008008902600849318	-0.008981272983832441
-0.005586703319600705	0.002949678474798337	0.001286879701765096	0.001592653338712995
-0.01227166978687109	0.004641713136183427	0.003195162634309728	0.01162360036239773
-0.004116217706608174	0.009924215655461144	-0.002533237600055242	0.008914060367848546
-0.001323510772617294	0.01611567830867018	-0.0001495593085723192	0.0009484906200820503
0.004708359040645378	0.01347539469569	-0.000378846961848599	0.005457607179330263
0.02839702677884582	0.01925288678528132	0.002259603191419929	0.005701828936935924
0.02774882330999599	0.01460245563505201	-0.006302079156556672	-0.003726688324881318
0.02758021930875748	0.01542815913237811	0.002607417005666724	0.001972805123305396
0.03272122899744827	0.01300341769254101	0.004454261416348072	-0.008619887384329028
0.01568663201650131	0.01088460789790128	-0.001260458952779755	-0.02569993255194431

